t,l_j1,l_j2,l_j3,l_j4,l_j5,l_j6,l_j7,r_j1,r_j2,r_j3,r_j4,r_j5,r_j6,r_j7
0.000,89.380,89.755,181.217,89.825,90.074,89.811,90.511,89.619,89.989,89.708,90.595,71.084,90.390,89.853
0.005,89.604,90.140,181.197,90.396,89.939,89.754,89.944,90.183,89.510,89.993,90.162,71.084,90.321,89.988
0.010,89.786,89.716,181.174,90.322,90.067,90.359,90.212,90.315,89.943,90.169,89.832,71.084,90.581,89.851
0.015,90.110,90.156,181.136,89.987,90.642,89.353,90.240,90.579,90.386,89.685,90.044,71.084,90.137,89.773
0.020,91.500,91.775,181.228,92.184,92.537,91.753,91.910,91.572,92.037,91.828,92.076,312.845,92.197,91.733
0.025,91.960,92.484,181.301,92.057,91.876,92.257,91.631,91.987,92.149,91.844,91.853,312.845,92.249,92.472
0.030,91.967,91.732,181.221,91.684,92.161,91.707,91.599,91.973,92.099,91.625,91.744,312.845,91.679,91.633
0.035,92.049,91.898,181.135,92.125,91.611,0.000,92.210,91.512,91.457,91.447,91.748,312.845,91.638,91.839
0.040,93.321,94.045,181.240,93.726,93.123,93.359,94.340,94.237,93.471,93.483,93.536,50.267,94.192,93.864
0.045,93.775,94.016,181.273,93.700,93.810,93.714,93.740,93.681,94.105,94.271,93.657,50.267,94.070,93.864
0.050,93.738,93.297,181.209,93.968,93.981,93.278,94.214,94.234,93.922,93.661,94.028,50.267,94.018,93.491
0.055,93.590,93.812,181.260,93.516,93.439,93.819,94.053,93.997,93.733,93.880,93.566,50.267,93.347,93.944
0.060,95.994,95.758,181.143,95.771,95.766,95.347,96.148,95.526,95.722,95.846,95.610,72.451,95.913,95.408
0.065,95.509,95.844,181.253,96.063,95.604,95.553,95.311,96.099,95.623,95.727,95.810,72.451,94.991,95.601
0.070,96.041,95.590,181.234,96.019,95.212,94.984,95.560,95.792,95.522,96.296,95.541,72.451,95.289,95.769
0.075,95.420,96.091,181.153,95.640,95.475,95.691,95.621,96.175,95.504,96.204,95.546,72.451,95.861,95.537
0.080,97.995,97.932,181.206,97.870,97.359,98.012,97.468,97.727,97.664,97.639,97.586,19.867,97.487,96.862
0.085,97.979,97.407,181.235,97.127,97.323,97.201,97.534,97.549,97.758,97.563,97.789,19.867,97.666,97.094
0.090,97.228,97.194,181.157,97.717,97.810,97.551,97.637,97.944,97.310,97.336,97.726,19.867,97.165,97.558
0.095,97.582,97.499,181.208,97.361,97.668,97.750,97.293,97.380,97.478,98.161,97.381,19.867,97.434,97.767
0.100,99.443,99.562,181.184,99.771,99.549,98.833,99.344,98.919,99.071,99.532,99.367,87.498,99.218,99.457
0.105,99.050,99.720,181.186,99.401,99.192,99.608,98.960,99.917,98.984,99.983,99.141,87.498,99.312,99.327
0.110,99.589,99.047,181.272,99.471,98.546,99.768,99.369,99.439,99.496,99.323,99.579,87.498,99.581,99.466
0.115,99.532,99.200,181.132,99.505,98.986,99.542,99.295,99.395,99.537,99.645,99.128,87.498,99.817,98.874
0.120,100.943,100.668,181.109,100.948,101.591,101.597,101.088,101.189,101.064,101.251,100.920,168.168,101.932,101.443
0.125,101.240,100.965,181.135,100.376,101.510,101.525,101.488,101.252,100.862,100.968,101.610,168.168,101.268,100.784
0.130,101.482,101.595,181.171,101.016,101.182,100.996,101.396,101.261,101.132,100.863,101.234,168.168,101.399,100.927
0.135,101.163,101.897,181.100,101.242,100.639,101.294,101.286,100.856,101.040,101.307,100.907,168.168,100.928,101.390
0.140,102.840,103.338,181.206,103.550,103.046,102.958,103.514,103.435,103.346,102.749,103.176,345.699,103.202,103.030
0.145,103.559,103.077,181.237,103.093,103.027,103.344,103.165,103.461,102.933,103.823,103.080,345.699,103.130,103.411
0.150,102.761,103.040,181.119,103.303,102.724,0.000,103.110,103.151,102.952,103.557,102.886,345.699,103.468,102.910
0.155,103.165,103.710,181.210,103.084,102.934,0.000,103.208,102.920,103.462,103.492,102.184,345.699,103.163,103.456
0.160,105.238,105.323,181.119,104.967,105.182,104.660,104.682,104.703,104.381,104.244,104.888,228.178,105.347,104.836
0.165,105.138,105.024,181.297,105.152,104.918,0.000,104.740,104.935,104.566,104.569,104.981,228.178,104.656,105.020
0.170,104.337,104.801,181.166,104.868,104.826,104.780,104.694,104.675,105.140,104.673,105.316,228.178,105.041,104.887
0.175,104.799,104.731,181.157,105.239,104.854,105.062,104.972,104.948,105.518,104.907,104.990,228.178,104.848,105.015
0.180,106.677,106.779,181.326,107.342,107.006,107.191,106.968,107.164,106.629,106.381,106.184,263.570,106.607,107.285
0.185,106.655,107.324,181.174,107.158,106.225,106.811,106.553,106.472,106.830,107.444,107.089,263.570,106.950,106.702
0.190,106.911,106.712,181.214,106.508,106.518,106.879,106.581,106.279,106.529,106.848,106.618,263.570,106.440,106.215
0.195,106.887,106.676,181.202,107.039,106.443,106.319,106.641,107.037,106.972,106.375,106.619,263.570,107.034,106.523
0.200,108.565,108.664,181.230,108.810,108.048,108.705,108.520,108.415,108.952,108.034,108.811,116.657,108.410,108.359
0.205,108.607,108.502,181.217,108.903,108.839,108.827,108.824,108.915,108.162,108.308,108.480,116.657,109.132,108.188
0.210,108.835,108.864,181.292,108.518,109.235,108.688,108.377,109.166,108.774,108.544,108.112,116.657,108.266,108.289
0.215,108.908,108.272,181.140,108.946,108.509,108.581,108.051,109.447,108.656,108.133,108.353,116.657,108.224,108.904
0.220,109.735,110.387,181.276,110.461,110.318,110.593,110.187,110.419,110.041,110.412,110.082,345.380,110.734,110.782
0.225,110.978,110.148,181.232,110.246,110.725,110.458,110.223,109.840,109.989,110.448,110.161,345.380,110.182,110.317
0.230,110.146,110.609,181.228,110.663,110.137,110.774,110.219,110.623,110.576,110.015,110.633,345.380,110.048,109.922
0.235,110.553,110.399,181.133,110.303,110.266,109.990,110.402,110.349,110.016,109.983,109.705,345.380,110.435,110.312
0.240,111.583,111.887,181.192,111.679,111.789,112.089,111.700,111.987,112.439,111.876,112.079,253.770,111.385,111.948
0.245,111.922,111.949,181.266,112.138,112.067,112.309,112.555,112.345,112.469,112.171,112.398,253.770,111.562,112.118
0.250,111.697,112.091,181.181,111.719,112.952,112.106,112.152,111.724,111.999,112.200,112.357,253.770,112.053,111.577
0.255,112.411,112.541,181.187,111.911,112.212,112.024,112.697,112.388,112.559,112.218,112.332,253.770,111.751,112.358
0.260,114.093,114.006,181.218,113.895,113.853,113.797,113.699,114.146,113.778,114.380,113.963,66.589,114.005,114.122
0.265,113.825,113.928,181.142,113.221,113.818,113.725,113.969,113.681,113.770,113.680,114.106,66.589,113.843,113.839
0.270,113.771,113.537,181.234,113.648,113.709,113.979,113.684,113.484,113.884,114.038,113.768,66.589,114.547,113.569
0.275,113.941,113.377,181.332,113.722,114.273,114.058,113.924,114.069,114.051,113.610,113.944,66.589,113.762,113.969
0.280,115.255,115.081,181.200,115.268,115.597,116.548,116.201,115.684,115.736,115.519,115.867,220.741,115.694,115.146
0.285,115.357,115.360,181.215,115.267,115.670,115.508,115.922,115.323,115.447,115.264,115.819,220.741,115.194,115.243
0.290,115.309,115.662,181.229,115.066,115.617,115.795,115.777,115.252,115.211,115.738,115.851,220.741,115.052,115.529
0.295,115.791,115.555,181.176,115.308,115.733,115.070,115.592,116.192,115.464,115.643,115.545,220.741,115.122,115.802
0.300,117.242,117.574,181.155,116.988,117.313,0.000,117.101,117.147,117.302,117.064,117.446,96.384,117.141,117.472
0.305,116.846,116.903,181.152,117.390,116.789,116.942,117.328,116.880,117.518,116.783,116.823,96.384,117.361,117.383
0.310,117.340,117.169,181.181,117.213,117.383,117.131,116.922,117.272,117.366,117.634,116.752,96.384,116.765,117.545
0.315,117.395,117.154,181.194,117.589,117.175,117.438,117.140,116.785,116.611,117.182,117.468,96.384,117.060,116.809
0.320,119.323,118.599,181.186,119.143,119.064,0.000,118.708,118.796,118.786,118.790,119.442,312.964,118.918,119.191
0.325,118.731,118.242,181.133,119.036,118.761,118.811,118.915,119.164,118.728,118.946,118.808,312.964,118.820,119.117
0.330,119.024,118.650,181.243,119.128,118.546,119.053,118.958,119.256,118.737,118.686,119.262,312.964,119.239,118.686
0.335,119.535,119.172,181.244,118.753,118.931,118.921,118.287,119.125,119.013,118.806,118.821,312.964,118.503,118.794
0.340,120.439,120.007,181.159,121.084,120.401,120.650,120.853,120.487,120.517,120.365,120.393,206.491,120.758,120.723
0.345,120.427,120.788,181.172,120.857,120.374,120.443,119.905,120.975,120.569,120.686,120.548,206.491,120.461,120.754
0.350,120.693,120.796,181.172,120.518,120.848,120.513,120.632,120.669,120.060,120.525,121.029,206.491,120.910,120.624
0.355,120.385,120.485,181.204,120.524,120.658,120.744,120.285,120.743,120.749,120.745,121.250,206.491,120.799,120.369
0.360,122.145,122.223,181.127,122.132,121.798,122.095,121.880,121.679,122.581,122.154,122.020,211.775,122.486,122.285
0.365,121.991,122.099,181.255,121.859,122.354,122.569,121.853,122.097,122.372,121.946,122.293,211.775,122.091,122.111
0.370,121.906,122.142,181.161,122.433,122.077,121.903,121.749,121.959,122.202,121.798,121.896,211.775,121.669,121.919
0.375,122.412,122.572,181.055,121.865,122.418,122.052,121.795,122.430,122.153,122.011,122.140,211.775,122.156,121.811
0.380,123.605,124.060,181.189,123.889,123.926,124.446,123.499,123.685,124.351,123.704,122.916,346.267,123.898,123.390
0.385,123.413,124.015,181.177,123.833,124.028,123.850,123.714,123.672,123.403,123.311,123.681,346.267,123.869,123.726
0.390,123.632,123.795,181.215,123.680,123.565,123.857,123.574,124.146,123.783,123.331,124.067,346.267,124.265,123.450
0.395,123.676,123.681,181.212,123.898,123.663,123.701,124.004,124.061,123.628,123.535,123.733,346.267,123.386,123.946
0.400,125.352,125.337,181.126,125.502,125.265,124.786,125.657,125.013,125.937,124.431,125.019,216.380,125.542,125.044
0.405,125.545,124.874,181.173,124.905,124.599,125.003,125.225,125.480,125.028,125.065,125.231,216.380,125.503,125.532
0.410,125.799,124.996,181.333,124.675,124.947,125.660,124.786,125.259,125.549,124.807,125.104,216.380,125.185,125.575
0.415,124.887,125.281,181.156,125.134,124.366,124.894,125.459,125.030,125.241,125.148,125.957,216.380,125.554,125.285
0.420,126.692,126.229,181.158,126.986,126.841,126.722,126.412,126.997,126.216,127.036,126.611,41.190,126.829,126.826
0.425,126.212,126.765,181.157,126.885,126.630,127.095,126.949,126.777,126.883,126.713,127.107,41.190,126.913,126.562
0.430,126.833,126.723,181.315,126.910,126.924,126.929,127.258,126.558,127.349,127.169,126.411,41.190,126.662,126.425
0.435,126.924,126.708,181.206,126.894,126.627,126.969,126.461,126.921,126.187,126.813,126.883,41.190,126.880,127.085
0.440,128.036,128.192,181.252,128.702,127.735,127.799,128.319,128.033,128.181,127.984,127.970,95.323,128.672,128.428
0.445,127.956,128.031,181.180,127.970,128.560,128.098,128.397,127.865,128.422,127.940,128.564,95.323,128.464,128.086
0.450,127.932,128.855,181.203,128.212,127.825,128.765,128.075,127.521,128.708,128.084,128.528,95.323,127.964,128.660
0.455,127.777,127.649,181.226,128.995,128.568,127.788,128.325,128.684,127.978,128.459,127.802,95.323,128.598,127.890
0.460,129.857,129.440,181.166,129.253,129.283,129.555,129.557,129.175,129.800,129.961,130.243,289.617,130.377,129.913
0.465,130.245,129.123,181.131,129.247,129.654,129.712,129.796,129.727,129.533,129.544,129.660,289.617,129.385,129.478
0.470,129.318,129.756,181.233,129.489,129.966,129.224,129.919,129.770,129.936,129.653,129.957,289.617,129.782,129.740
0.475,130.160,129.927,181.168,129.687,129.849,129.286,129.344,129.792,129.862,130.136,129.376,289.617,129.663,129.110
0.480,131.022,131.588,181.246,131.180,130.936,130.760,131.031,130.710,131.170,131.311,131.285,206.504,130.975,131.235
0.485,130.633,130.829,181.242,131.036,131.255,0.000,131.227,131.296,131.271,131.005,131.029,206.504,131.133,131.467
0.490,131.226,131.246,181.200,131.309,130.973,131.274,131.303,131.026,131.136,131.183,130.848,206.504,131.172,130.840
0.495,131.285,130.776,181.230,131.546,130.771,130.297,131.400,130.857,130.913,130.500,130.799,206.504,130.999,130.990
0.500,132.527,132.377,181.261,132.449,132.477,131.992,132.679,132.871,131.900,132.683,132.283,333.347,132.806,133.096
0.505,132.328,132.595,181.214,132.076,132.312,131.869,132.179,131.765,132.534,132.702,132.654,333.347,132.551,132.379
0.510,132.914,131.953,181.181,132.329,131.716,0.000,132.267,132.377,132.320,132.869,131.970,333.347,132.616,132.344
0.515,132.320,132.345,181.201,132.386,132.573,132.196,132.637,132.494,132.278,132.320,132.666,333.347,132.805,132.422
0.520,133.910,133.518,181.280,133.880,133.815,133.612,133.628,133.288,132.863,133.827,134.092,336.946,133.947,133.702
0.525,133.914,133.820,181.238,133.454,133.506,133.717,133.650,134.058,133.647,133.618,133.456,336.946,133.815,133.303
0.530,133.444,133.952,181.224,134.137,133.890,133.552,133.863,133.105,133.193,133.289,133.387,336.946,134.368,133.500
0.535,133.153,133.266,181.201,133.816,133.824,133.860,133.557,133.451,133.741,133.843,133.713,336.946,133.709,134.021
0.540,134.458,134.941,181.216,135.432,135.418,135.153,134.878,134.804,134.423,134.554,134.940,310.376,135.083,135.158
0.545,134.863,134.560,181.169,134.848,134.669,134.935,134.805,135.122,135.093,135.164,135.051,310.376,135.885,135.205
0.550,135.091,134.283,181.173,134.852,134.739,135.303,134.857,135.285,134.884,134.985,134.992,310.376,135.712,135.562
0.555,134.441,134.643,181.212,135.838,135.093,135.521,134.891,134.940,134.921,135.159,135.143,310.376,134.909,135.088
0.560,135.987,136.001,181.166,135.621,136.503,135.991,136.101,136.663,136.629,136.128,136.036,333.041,136.379,136.355
0.565,136.672,135.834,181.203,136.132,136.095,135.932,136.406,136.081,136.314,136.361,136.347,333.041,136.129,136.052
0.570,135.659,135.863,181.253,136.165,136.385,136.041,136.099,136.393,136.152,135.710,136.276,333.041,136.165,136.295
0.575,136.345,136.587,181.268,136.043,136.268,135.972,136.382,135.904,136.405,136.321,136.251,333.041,136.198,136.623
0.580,137.490,137.412,181.261,137.087,137.451,0.000,137.354,137.824,137.358,137.284,137.192,55.299,137.900,137.207
0.585,137.622,137.705,181.175,137.710,137.584,136.867,137.230,137.362,137.566,137.180,136.970,55.299,137.452,137.394
0.590,136.935,137.811,181.110,137.281,136.876,137.239,137.436,137.549,136.401,136.677,138.078,55.299,136.839,137.076
0.595,137.484,137.434,181.248,137.217,137.069,137.448,137.362,137.313,137.735,137.493,137.483,55.299,137.610,137.787
0.600,138.090,139.293,181.189,138.618,138.700,138.100,138.323,138.460,138.067,138.249,138.293,147.846,138.306,138.679
0.605,138.919,138.656,181.204,138.469,138.739,138.661,138.558,138.514,138.252,138.733,138.247,147.846,137.793,138.535
0.610,138.250,138.565,181.209,138.189,139.285,138.371,139.001,138.365,138.832,138.745,138.594,147.846,138.265,138.783
0.615,138.628,138.280,181.234,138.112,138.550,139.140,137.922,138.669,139.020,138.757,138.661,147.846,138.795,138.222
0.620,139.353,139.506,181.197,139.646,139.971,139.296,140.134,139.741,139.367,139.334,139.538,150.017,139.469,139.580
0.625,139.638,139.720,181.152,139.868,139.719,139.693,139.794,140.120,139.467,139.840,140.404,150.017,139.419,139.732
0.630,139.129,139.638,181.164,139.636,140.075,139.313,140.037,139.420,139.233,139.880,139.933,150.017,139.098,139.839
0.635,139.682,139.684,181.174,139.813,139.749,139.446,139.235,139.474,139.110,139.920,139.709,150.017,139.916,139.941
0.640,140.814,140.751,181.222,140.850,140.269,140.782,140.230,140.691,140.833,140.995,140.343,255.090,140.971,140.522
0.645,140.627,140.236,181.264,140.381,140.515,140.529,140.331,140.625,140.687,140.309,140.730,255.090,140.587,140.447
0.650,141.121,140.406,181.223,140.916,140.685,140.623,140.948,140.462,140.788,140.486,140.360,255.090,140.496,140.388
0.655,140.742,140.524,181.218,140.727,140.807,140.042,140.353,140.862,140.485,141.131,140.152,255.090,140.729,140.573
0.660,141.854,141.466,181.196,142.312,141.229,0.000,142.035,141.604,141.566,142.158,141.551,237.517,141.211,141.645
0.665,141.769,141.224,181.173,141.836,141.973,141.974,141.489,141.283,141.657,141.611,141.494,237.517,141.814,141.072
0.670,142.186,141.599,181.118,141.437,141.778,141.400,141.235,141.278,141.547,142.339,141.535,237.517,141.104,141.528
0.675,141.415,141.360,181.155,141.663,141.666,141.588,142.022,142.085,141.638,142.269,142.095,237.517,141.166,141.716
0.680,142.467,142.857,181.195,141.947,142.016,142.494,142.460,142.646,142.441,142.989,142.215,346.698,142.506,142.475
0.685,142.483,142.314,181.143,142.403,142.462,142.923,142.746,142.413,142.378,143.356,142.188,346.698,142.129,142.645
0.690,142.738,142.627,181.213,142.691,142.212,142.996,142.723,142.714,142.388,141.933,142.799,346.698,142.949,142.698
0.695,142.630,141.956,181.173,142.715,143.041,142.611,142.805,142.568,142.780,142.587,142.407,346.698,142.662,142.386
0.700,143.687,143.387,181.223,143.707,143.455,143.999,143.651,143.347,143.746,143.832,143.916,314.958,143.939,143.831
0.705,143.523,143.735,181.156,143.335,143.708,143.459,143.714,143.988,143.429,143.355,143.118,314.958,143.674,143.132
0.710,143.276,143.449,181.190,143.192,143.814,143.861,143.065,143.633,143.308,143.276,143.578,314.958,143.735,143.633
0.715,143.415,143.631,181.293,143.269,143.140,143.434,143.439,143.031,143.482,143.682,143.516,314.958,143.579,143.221
0.720,144.396,144.327,181.137,143.956,144.137,144.110,144.118,143.859,144.620,144.207,144.394,311.906,144.042,144.719
0.725,143.567,144.172,181.304,144.757,143.959,0.000,144.290,144.104,144.567,144.851,143.959,311.906,144.564,144.165
0.730,144.688,144.413,181.128,143.971,144.816,143.928,144.150,144.013,143.842,144.633,143.902,311.906,144.624,144.216
0.735,144.092,144.388,181.195,143.909,144.133,143.407,144.014,144.212,143.983,144.523,144.250,311.906,144.254,144.525
0.740,144.933,145.157,181.143,145.631,144.771,145.294,144.764,145.373,144.952,145.479,145.955,158.625,145.170,145.421
0.745,145.121,144.863,181.199,144.940,145.184,144.814,144.749,145.129,145.468,145.309,145.167,158.625,145.453,145.017
0.750,144.966,144.892,181.243,145.247,145.201,145.114,145.428,144.397,145.059,144.638,145.513,158.625,144.987,145.233
0.755,144.600,144.211,181.241,145.167,145.162,145.194,144.892,144.582,144.871,145.487,144.854,158.625,145.162,144.479
0.760,145.695,145.787,181.144,145.606,145.771,145.517,146.507,145.528,145.930,145.556,145.431,350.726,145.697,145.379
0.765,146.189,145.440,181.141,145.802,145.938,145.485,146.055,145.796,145.946,146.193,145.696,350.726,146.178,146.053
0.770,146.086,145.530,181.187,146.172,146.000,145.907,145.496,145.996,146.003,145.678,145.907,350.726,145.665,145.738
0.775,146.144,146.003,181.144,145.654,146.199,145.781,146.006,145.744,145.540,145.833,145.811,350.726,145.986,145.639
0.780,146.266,146.479,181.248,145.862,145.837,146.532,146.505,146.531,145.978,147.011,146.285,46.612,146.529,146.439
0.785,146.369,146.539,181.265,145.748,146.084,145.933,146.256,146.420,146.810,146.008,146.389,46.612,146.862,146.549
0.790,146.757,146.205,181.100,146.078,146.545,146.418,145.881,146.190,146.838,146.608,146.593,46.612,146.161,146.609
0.795,146.890,146.566,181.177,146.363,146.218,146.374,145.901,146.978,146.739,146.959,146.205,46.612,146.092,146.002
0.800,147.058,147.040,181.150,147.289,147.107,147.034,147.479,147.415,147.030,146.787,147.037,33.895,147.065,147.223
0.805,146.753,147.092,181.212,147.364,146.673,146.338,147.167,146.774,147.381,146.665,147.064,33.895,147.068,147.717
0.810,146.459,146.999,181.192,147.430,147.194,147.105,147.232,146.782,147.276,147.425,147.020,33.895,147.113,147.632
0.815,147.484,147.527,181.254,147.400,147.281,146.780,147.264,147.182,147.305,147.116,146.641,33.895,147.483,146.611
0.820,147.140,147.252,181.210,148.142,147.321,147.762,147.778,147.597,148.124,147.483,147.636,326.898,147.833,147.719
0.825,147.738,147.661,181.288,147.571,147.809,148.108,147.249,147.165,146.933,147.624,147.435,326.898,147.714,147.420
0.830,147.880,147.675,181.212,147.678,147.942,147.547,147.700,147.556,147.347,147.366,147.373,326.898,147.664,147.765
0.835,148.606,147.873,181.205,146.900,147.899,147.578,147.480,148.320,148.202,148.399,147.502,326.898,147.622,148.058
0.840,148.165,148.245,181.093,148.104,148.188,148.052,147.786,147.884,148.562,148.023,147.920,325.587,148.220,148.084
0.845,148.072,147.948,181.183,148.587,148.290,147.858,148.563,148.109,148.258,148.531,148.107,325.587,148.157,147.945
0.850,148.249,148.140,181.233,148.040,148.278,148.297,148.241,147.548,148.084,148.224,147.791,325.587,147.792,147.966
0.855,148.266,148.550,181.121,148.330,147.989,148.611,147.787,147.923,148.076,148.258,148.202,325.587,147.646,148.077
0.860,148.962,148.857,181.104,148.520,148.563,148.288,148.418,149.084,148.730,148.643,148.361,137.628,148.370,148.732
0.865,148.762,148.418,181.147,148.647,148.727,148.638,148.809,149.024,148.695,148.221,148.693,137.628,148.181,148.509
0.870,148.316,148.594,181.240,148.359,148.931,148.385,148.458,148.341,148.983,148.925,148.946,137.628,148.580,148.195
0.875,147.902,148.501,181.172,148.664,148.274,148.331,148.823,148.396,148.294,148.945,148.487,137.628,148.562,148.294
0.880,149.025,149.319,181.227,148.660,148.393,148.557,148.912,149.042,149.169,149.273,148.818,310.973,148.448,149.185
0.885,148.726,148.796,181.215,149.021,149.110,148.498,149.399,148.852,149.044,148.829,148.211,310.973,148.457,148.758
0.890,149.369,149.318,181.184,148.684,149.334,149.039,149.292,149.616,148.748,149.260,149.139,310.973,149.045,149.173
0.895,148.530,149.419,181.196,148.755,148.358,149.053,148.973,149.092,148.849,148.979,148.933,310.973,148.900,149.070
0.900,149.321,149.212,181.266,149.557,149.144,149.498,148.897,149.388,149.383,149.634,149.205,343.963,149.385,149.184
0.905,149.034,149.926,181.244,148.985,149.530,0.000,149.969,149.220,148.891,149.649,149.419,343.963,149.032,149.340
0.910,148.989,149.184,181.315,149.423,149.759,148.855,149.000,148.981,149.263,149.513,149.316,343.963,149.308,149.003
0.915,149.775,149.195,181.154,149.507,149.134,149.305,149.231,149.316,149.278,149.537,149.100,343.963,149.700,149.328
0.920,149.578,149.743,181.173,149.252,149.984,0.000,149.473,149.637,149.562,149.812,149.528,249.264,149.735,149.440
0.925,149.470,149.367,181.281,149.211,149.755,149.331,149.865,149.231,149.368,149.795,150.055,249.264,149.838,149.237
0.930,149.755,149.551,181.217,149.249,149.860,149.279,149.777,149.575,149.570,149.279,149.879,249.264,149.212,149.756
0.935,149.284,149.169,181.103,149.751,149.124,149.225,149.731,150.027,149.307,149.034,149.303,249.264,149.707,149.746
0.940,149.620,149.607,181.253,149.678,148.880,149.573,149.475,149.513,149.543,150.058,149.668,218.770,150.170,149.377
0.945,149.536,149.754,181.249,149.812,149.658,149.603,149.111,150.091,149.751,149.705,149.798,218.770,149.628,149.917
0.950,150.346,149.324,181.139,150.236,149.420,150.370,149.641,149.516,149.510,149.711,149.457,218.770,149.978,149.798
0.955,149.836,149.941,181.072,149.598,150.025,149.859,149.553,149.592,149.952,149.677,149.650,218.770,150.004,149.957
0.960,150.076,150.100,181.227,150.208,149.735,149.807,149.719,150.013,149.973,149.497,150.114,155.712,149.747,149.660
0.965,150.227,149.844,181.249,149.860,150.031,149.466,150.241,149.651,150.122,149.809,150.811,155.712,150.251,149.807
0.970,149.824,150.073,181.176,149.801,149.576,149.553,150.077,150.250,150.044,150.027,150.284,155.712,149.511,149.578
0.975,149.833,150.075,181.201,149.487,150.228,150.105,150.135,150.066,149.793,149.630,149.987,155.712,149.299,149.624
0.980,149.463,149.727,181.185,149.715,149.982,149.634,150.044,149.630,149.979,149.806,149.937,314.360,149.646,150.366
0.985,150.118,150.128,181.125,150.687,149.662,149.923,150.171,150.056,149.897,149.959,149.945,314.360,150.134,149.945
0.990,150.050,150.029,181.224,150.042,150.412,150.087,149.464,149.615,149.456,149.525,150.177,314.360,149.621,149.656
0.995,149.842,149.768,181.202,149.722,150.282,149.496,149.937,150.746,150.204,150.092,150.394,314.360,148.990,149.909
1.000,150.373,150.108,181.152,150.392,149.856,150.219,150.131,149.865,150.166,149.919,149.654,7.185,150.506,149.901
1.005,149.445,149.675,181.227,150.200,149.918,149.649,149.840,149.838,150.662,150.450,150.008,7.185,149.401,149.864
1.010,150.129,149.149,181.230,150.243,150.217,149.650,150.389,150.089,149.254,149.522,150.160,7.185,149.971,150.050
1.015,149.572,150.127,181.189,150.258,150.646,149.425,149.532,150.016,149.581,150.249,150.261,7.185,149.832,150.424
1.020,149.615,150.038,181.304,149.414,149.988,150.100,150.144,149.930,150.014,150.105,149.998,335.413,150.060,149.674
1.025,149.904,150.508,181.166,149.454,150.038,149.588,149.716,149.469,149.576,149.992,150.411,335.413,150.034,150.294
1.030,150.383,149.874,181.145,149.880,149.700,149.896,150.370,150.096,150.014,149.683,150.121,335.413,150.230,149.790
1.035,149.600,150.234,181.203,150.046,149.858,149.414,150.055,150.143,149.665,149.954,149.345,335.413,150.172,150.118
1.040,149.570,149.619,181.213,149.876,150.033,149.925,150.084,149.213,150.008,149.705,149.866,326.278,149.897,149.732
1.045,149.504,149.544,181.109,150.128,149.739,149.743,149.358,149.917,149.665,149.917,149.920,326.278,150.187,149.875
1.050,150.505,149.790,181.226,149.506,149.990,149.748,150.154,149.941,149.759,149.877,149.699,326.278,149.616,150.083
1.055,150.043,149.952,181.160,150.196,149.854,150.418,149.639,149.945,150.065,149.941,149.788,326.278,149.638,150.661
1.060,149.858,149.731,181.171,149.078,149.775,149.742,149.372,149.551,150.251,150.215,149.570,253.075,149.889,149.774
1.065,150.374,150.075,181.125,149.763,149.494,149.409,149.014,150.286,149.941,149.715,149.792,253.075,149.475,149.467
1.070,149.810,150.098,181.123,149.894,149.489,149.779,149.131,150.101,150.315,149.050,149.773,253.075,149.256,149.534
1.075,149.079,149.369,181.231,149.904,150.092,150.303,149.876,149.730,149.624,149.784,149.986,253.075,150.038,149.275
1.080,149.368,149.390,181.277,149.721,149.560,149.204,149.932,149.977,149.595,149.805,149.806,320.469,149.986,149.387
1.085,149.153,150.089,181.143,149.558,149.390,149.504,149.410,149.329,149.210,149.515,149.594,320.469,149.160,149.504
1.090,150.155,149.957,181.226,149.534,149.821,149.493,148.921,149.457,149.610,149.655,149.005,320.469,149.334,149.610
1.095,149.085,149.206,181.227,149.124,149.757,149.221,149.625,149.690,149.927,149.303,149.599,320.469,149.580,149.621
1.100,149.354,149.067,181.176,149.278,149.204,149.015,149.174,148.816,149.424,149.585,149.166,350.931,149.585,149.213
1.105,149.099,149.890,181.227,149.183,149.419,149.517,149.776,149.589,148.978,149.359,148.891,350.931,149.481,149.121
1.110,149.122,149.012,181.174,149.343,149.360,149.126,149.042,148.887,149.247,148.861,149.201,350.931,148.920,149.667
1.115,149.266,149.673,181.280,149.052,148.988,149.074,149.159,149.030,149.249,149.670,149.127,350.931,149.034,149.269
1.120,148.894,148.380,181.176,148.504,148.857,149.394,149.122,149.398,149.259,148.701,148.929,315.142,148.693,148.950
1.125,148.722,148.918,181.170,149.324,149.107,149.174,149.233,148.620,149.545,148.925,148.734,315.142,149.173,149.259
1.130,148.550,148.674,181.199,148.365,148.662,148.974,149.531,149.422,148.824,148.444,148.914,315.142,149.319,149.009
1.135,148.732,149.085,181.173,148.826,148.715,148.370,149.216,148.994,148.672,149.067,148.874,315.142,148.831,148.764
1.140,148.228,148.984,181.262,148.968,148.423,148.570,148.748,148.456,148.805,148.787,148.456,101.677,148.677,148.489
1.145,148.270,148.743,181.211,148.985,148.754,0.000,148.532,148.839,148.796,148.552,147.934,101.677,148.689,148.465
1.150,148.589,148.909,181.210,148.013,148.385,148.347,149.049,148.584,148.500,148.601,148.288,101.677,148.920,148.272
1.155,148.505,148.958,181.207,148.780,148.597,148.528,148.732,148.744,149.150,148.827,148.323,101.677,149.039,148.563
1.160,148.261,148.664,181.259,147.924,148.328,148.176,147.995,148.127,148.439,148.014,148.011,161.411,148.092,148.288
1.165,148.038,148.263,181.335,148.226,148.367,147.999,148.084,148.535,147.622,148.084,147.934,161.411,148.538,147.422
1.170,148.711,147.580,181.232,148.309,147.797,148.257,148.069,147.673,148.397,148.538,148.003,161.411,147.750,147.818
1.175,147.884,147.690,181.098,148.377,148.156,148.325,147.943,147.635,147.869,147.883,147.892,161.411,148.558,148.395
1.180,147.303,147.933,181.166,147.033,147.556,147.981,147.295,147.261,147.565,147.908,147.760,219.210,147.565,147.804
1.185,147.934,147.850,181.215,147.343,147.641,147.541,147.158,147.773,148.048,147.798,147.908,219.210,147.374,147.398
1.190,147.394,147.988,181.100,147.805,147.849,147.573,147.545,147.910,147.844,147.459,147.946,219.210,147.213,148.041
1.195,147.653,147.560,181.139,147.799,148.031,147.797,147.357,147.015,147.868,147.387,147.959,219.210,147.011,147.493
1.200,147.365,146.955,181.184,147.564,147.156,147.001,146.871,147.316,146.716,146.991,146.810,94.267,146.986,147.027
1.205,147.029,146.534,181.188,147.306,146.887,146.327,146.676,146.967,147.514,146.655,146.973,94.267,146.885,146.680
1.210,146.949,146.749,181.156,147.431,146.559,147.364,147.209,146.728,147.619,146.803,147.046,94.267,146.978,147.548
1.215,147.361,147.038,181.266,147.402,146.760,147.578,146.975,146.999,146.862,146.948,147.380,94.267,147.473,147.186
1.220,146.553,146.262,181.171,146.684,146.586,146.667,146.237,146.811,146.229,146.648,146.554,293.167,146.510,146.746
1.225,146.283,145.968,181.292,146.029,146.481,146.336,146.654,146.625,146.337,146.333,146.996,293.167,146.080,145.958
1.230,146.075,146.896,181.131,147.028,146.462,146.301,146.792,146.248,146.430,146.582,145.933,293.167,146.344,146.071
1.235,146.330,146.462,181.124,146.565,145.895,146.474,146.168,146.577,146.406,146.989,146.019,293.167,146.488,146.586
1.240,145.265,145.867,181.207,145.640,146.425,0.000,145.308,145.676,146.213,145.589,146.256,214.594,146.776,146.081
1.245,145.510,145.820,181.186,145.706,145.559,145.659,145.921,146.625,146.127,145.809,146.186,214.594,144.854,146.014
1.250,145.440,145.778,181.231,145.583,145.261,145.571,145.667,146.061,146.279,145.813,145.643,214.594,145.443,146.414
1.255,145.873,145.466,181.175,145.775,145.874,145.061,145.862,146.327,146.316,145.516,146.406,214.594,145.648,145.854
1.260,145.298,145.322,181.243,144.541,144.429,144.992,145.098,145.397,145.354,145.153,145.001,40.511,144.884,144.864
1.265,144.857,144.891,181.163,145.338,145.304,145.112,145.314,145.059,145.736,145.224,145.163,40.511,144.527,144.356
1.270,144.922,144.755,181.156,144.743,144.989,145.571,145.007,144.771,145.197,144.844,145.151,40.511,145.131,145.011
1.275,144.716,145.437,181.180,145.371,144.605,144.882,145.014,144.976,145.125,144.768,145.024,40.511,144.831,144.666
1.280,143.853,144.317,181.133,144.111,143.747,143.890,144.205,144.572,144.479,144.386,144.457,270.980,143.870,144.355
1.285,144.149,144.469,181.200,144.479,144.216,144.167,143.714,144.178,144.181,144.629,144.537,270.980,144.402,144.411
1.290,144.459,143.715,181.191,144.693,144.105,144.266,144.349,144.366,144.537,144.272,144.433,270.980,144.234,144.323
1.295,144.429,144.813,181.092,144.423,144.120,144.322,144.277,144.472,143.969,144.396,144.370,270.980,145.132,144.399
1.300,143.637,143.205,181.220,143.459,143.490,143.153,143.318,143.847,143.811,143.216,143.350,135.255,143.104,143.390
1.305,143.369,143.113,181.121,143.509,143.028,143.623,143.306,143.526,143.126,143.400,143.816,135.255,143.757,143.726
1.310,142.602,143.334,181.252,143.383,143.416,143.289,143.051,143.790,143.494,143.435,143.670,135.255,143.175,144.060
1.315,143.743,143.165,181.293,143.385,143.640,143.562,143.298,143.485,143.826,143.590,143.020,135.255,143.408,143.803
1.320,142.984,142.307,181.095,143.189,142.567,142.589,142.185,142.247,142.213,142.713,143.014,133.054,142.402,142.542
1.325,142.856,142.721,181.265,142.224,142.568,142.519,142.862,142.888,142.474,142.626,142.782,133.054,142.323,142.624
1.330,142.854,143.013,181.156,142.334,142.296,142.736,142.756,142.839,142.704,142.500,142.376,133.054,142.317,143.116
1.335,142.915,142.503,181.123,142.429,142.658,142.487,142.925,142.575,143.363,142.493,142.403,133.054,142.095,142.664
1.340,142.475,141.646,181.226,141.625,141.390,142.045,141.396,141.973,141.501,141.729,141.699,231.152,141.659,142.031
1.345,141.741,141.665,181.212,141.831,141.090,140.899,141.720,141.636,141.907,141.543,141.156,231.152,141.523,141.669
1.350,142.126,141.702,181.131,141.603,142.160,141.608,141.554,140.964,141.553,141.798,141.941,231.152,141.556,141.583
1.355,141.894,141.265,181.191,141.953,141.194,141.614,142.118,141.181,141.888,141.364,141.611,231.152,141.796,141.635
1.360,140.869,141.167,181.221,140.333,140.497,140.873,140.908,140.522,140.816,140.158,140.398,104.610,141.069,140.635
1.365,140.617,140.229,181.185,140.767,140.613,140.800,141.246,140.647,140.884,140.296,140.108,104.610,141.042,140.451
1.370,140.551,140.463,181.218,140.718,140.219,0.000,140.767,140.764,140.701,140.948,140.979,104.610,140.924,140.621
1.375,140.307,141.279,181.224,140.341,140.660,140.471,140.726,140.249,140.456,140.848,140.419,104.610,140.625,140.231
1.380,139.806,139.590,181.145,139.584,139.603,139.537,139.871,139.978,139.618,140.253,139.790,173.456,139.845,139.631
1.385,139.526,139.322,181.236,139.510,139.693,0.000,139.726,139.359,139.591,139.561,140.108,173.456,139.848,139.853
1.390,139.249,139.661,181.261,139.412,140.031,139.224,140.036,140.135,139.977,139.810,139.979,173.456,139.138,139.687
1.395,139.387,140.333,181.224,139.366,139.057,139.716,139.554,139.409,139.033,139.215,139.590,173.456,139.389,139.762
1.400,138.170,138.566,181.194,138.805,138.748,138.620,138.607,138.234,138.575,137.917,138.295,151.942,138.892,138.773
1.405,139.038,138.209,181.237,138.292,138.730,138.806,139.035,138.778,137.829,138.984,138.266,151.942,138.439,138.413
1.410,138.463,138.616,181.200,138.813,138.459,138.158,138.917,138.364,138.705,138.520,138.230,151.942,138.055,138.498
1.415,138.573,138.640,181.207,138.848,138.484,139.040,138.577,138.290,138.714,138.385,138.251,151.942,138.913,138.800
1.420,137.030,137.164,181.151,137.584,136.876,137.727,137.181,137.860,137.117,137.637,137.410,80.539,137.068,137.501
1.425,137.086,137.489,181.213,137.591,137.544,137.598,137.527,136.552,137.783,137.376,137.689,80.539,137.251,137.522
1.430,137.735,136.738,181.198,136.938,137.256,137.305,137.608,137.141,137.722,136.977,137.696,80.539,137.147,137.524
1.435,137.335,137.556,181.279,137.450,137.378,137.357,137.457,137.180,137.585,137.312,137.679,80.539,137.839,137.428
1.440,136.299,136.306,181.236,136.443,136.144,135.834,136.017,136.435,136.710,136.286,135.925,158.589,136.703,136.175
1.445,136.802,136.270,181.221,136.478,136.192,136.269,136.247,135.813,135.986,135.904,136.287,158.589,135.963,135.866
1.450,136.881,136.048,181.148,136.619,136.003,136.034,135.973,136.799,136.725,136.441,136.050,158.589,135.995,136.466
1.455,136.445,136.655,181.261,136.447,136.449,135.689,136.700,135.763,136.327,136.224,136.124,158.589,136.224,136.403
1.460,135.158,135.224,181.121,134.977,135.097,135.328,134.997,134.882,134.844,134.066,135.039,137.191,135.718,135.347
1.465,135.080,135.430,181.200,134.843,134.913,134.350,134.375,135.105,135.512,135.014,134.995,137.191,135.390,134.561
1.470,134.917,134.839,181.214,134.788,135.676,135.000,135.003,134.949,134.521,134.934,135.126,137.191,135.587,134.805
1.475,135.637,135.252,181.089,135.021,135.493,135.079,135.286,134.925,134.668,134.732,135.092,137.191,135.161,135.164
1.480,133.359,134.280,181.199,133.667,133.837,134.161,133.823,133.840,133.806,133.660,133.565,118.592,133.403,133.980
1.485,133.710,134.185,181.137,134.152,133.376,134.290,133.932,133.765,133.274,133.474,134.191,118.592,133.904,134.208
1.490,133.138,133.473,181.175,133.580,133.637,133.817,134.028,133.751,134.153,133.760,133.991,118.592,133.446,133.341
1.495,133.343,133.743,181.162,133.449,133.617,133.521,133.270,133.971,133.977,133.594,133.663,118.592,133.964,133.639
1.500,132.552,132.244,181.300,132.226,132.257,132.116,132.263,132.447,132.533,132.562,132.319,240.409,132.014,132.757
1.505,132.569,132.352,181.323,133.133,132.599,0.000,132.732,132.353,132.160,131.972,131.711,240.409,132.004,132.164
1.510,132.531,132.437,181.250,132.462,132.515,132.696,131.817,132.510,132.899,132.653,133.020,240.409,132.310,132.774
1.515,132.325,132.971,181.176,132.048,132.496,132.648,132.515,131.941,132.651,132.734,131.967,240.409,132.957,132.324
1.520,130.852,131.545,181.148,131.522,130.856,130.721,130.910,131.680,131.215,131.445,131.449,208.935,131.007,131.108
1.525,130.905,131.043,181.174,130.993,131.720,131.056,131.070,131.273,131.384,130.684,130.980,208.935,130.996,130.694
1.530,130.953,131.354,181.211,131.135,131.014,130.553,131.244,131.070,131.151,130.761,130.760,208.935,131.028,131.073
1.535,131.414,130.904,181.214,130.865,131.364,131.134,131.393,131.087,131.379,131.033,130.960,208.935,130.733,130.418
1.540,130.133,129.310,181.257,129.875,130.012,129.615,129.518,129.535,129.668,130.110,129.887,238.930,130.055,129.512
1.545,129.817,129.116,181.290,129.908,129.644,129.586,129.449,129.880,129.558,128.924,129.799,238.930,129.756,130.270
1.550,129.511,129.428,181.238,129.441,129.563,130.012,130.016,129.566,130.055,129.646,129.610,238.930,129.521,129.671
1.555,129.387,130.293,181.206,129.697,129.666,129.564,129.802,130.273,130.165,129.613,129.858,238.930,130.247,129.413
1.560,128.340,128.314,181.318,127.828,127.158,0.000,128.487,128.448,128.338,128.511,127.560,46.098,128.028,128.024
1.565,128.174,128.418,181.184,128.667,128.328,128.173,127.830,128.210,128.694,128.311,129.062,46.098,128.572,128.455
1.570,127.677,128.574,181.190,127.951,128.925,128.566,128.130,128.406,128.655,128.559,128.035,46.098,128.163,128.568
1.575,128.673,127.659,181.121,127.979,128.223,128.579,127.528,128.061,127.953,127.610,128.320,46.098,128.669,128.333
1.580,126.772,126.710,181.223,126.476,126.731,126.480,126.313,126.384,126.864,127.070,126.844,348.027,126.206,126.607
1.585,126.675,126.790,181.250,126.451,126.449,126.453,127.224,127.046,126.382,126.735,125.852,348.027,126.430,126.830
1.590,126.503,127.167,181.213,126.814,126.752,126.556,126.755,126.864,126.625,126.157,126.948,348.027,126.929,126.752
1.595,126.502,126.906,181.229,126.583,126.513,126.554,126.143,127.111,126.728,126.690,127.463,348.027,126.919,126.762
1.600,125.547,124.763,181.190,125.458,125.115,125.376,125.514,125.858,124.440,125.179,125.596,48.027,125.836,125.371
1.605,124.973,124.750,181.230,125.416,125.284,125.238,125.010,125.639,125.512,125.676,125.654,48.027,124.789,124.848
1.610,125.297,125.365,181.125,125.614,125.105,125.145,125.744,125.165,124.658,125.500,125.392,48.027,125.156,125.620
1.615,125.465,125.333,181.168,125.685,125.444,125.531,125.098,125.544,125.476,125.101,125.116,48.027,124.862,125.176
1.620,124.300,123.301,181.218,123.514,123.741,123.413,124.129,123.501,123.828,123.775,123.623,172.641,123.467,124.109
1.625,123.913,123.305,181.217,123.744,123.099,123.972,123.585,123.417,123.561,123.787,123.751,172.641,123.447,123.264
1.630,123.714,123.752,181.126,123.445,123.666,122.701,123.692,123.532,124.104,123.448,123.350,172.641,123.916,123.520
1.635,123.588,123.327,181.278,123.656,124.097,124.011,124.101,123.558,123.185,123.656,124.208,172.641,123.589,124.117
1.640,122.416,122.259,181.230,122.343,122.002,121.879,121.773,122.043,122.113,122.204,122.321,273.541,121.812,122.406
1.645,122.463,122.077,181.220,122.268,122.375,122.171,121.504,122.936,122.327,122.650,122.845,273.541,121.658,122.042
1.650,122.017,122.066,181.130,121.947,122.754,122.456,121.939,122.275,122.384,122.165,121.892,273.541,121.458,122.271
1.655,122.333,122.744,181.242,122.294,121.929,122.017,122.220,122.384,122.664,122.020,121.423,273.541,121.856,122.027
1.660,120.499,120.291,181.255,120.558,120.287,120.725,120.549,120.501,120.624,120.500,120.137,90.302,120.759,120.339
1.665,120.037,120.199,181.189,120.713,120.798,120.292,120.478,120.154,120.791,120.614,120.239,90.302,120.273,120.882
1.670,120.229,120.382,181.115,119.816,121.161,120.191,120.588,120.745,120.457,120.613,120.730,90.302,120.964,119.900
1.675,120.795,119.812,181.191,120.259,120.057,120.647,120.570,120.936,120.918,120.338,120.290,90.302,120.878,120.402
1.680,119.355,119.138,181.122,119.207,119.094,119.452,118.501,119.157,118.968,118.792,119.277,65.428,119.117,119.519
1.685,119.117,119.099,181.208,118.422,118.749,119.389,118.907,118.366,119.354,118.442,119.138,65.428,119.093,118.711
1.690,118.842,118.928,181.222,118.770,118.867,118.949,118.840,118.826,118.881,118.542,119.816,65.428,118.887,118.666
1.695,118.682,118.891,181.223,118.820,118.507,119.080,118.924,118.890,119.016,118.696,118.793,65.428,118.392,119.203
1.700,117.407,117.210,181.212,117.011,116.714,117.246,117.371,116.952,117.492,117.593,116.847,257.611,116.846,117.276
1.705,117.343,116.762,181.219,117.123,117.241,117.515,117.249,117.683,117.443,117.178,117.768,257.611,117.500,117.160
1.710,116.735,117.182,181.185,117.284,117.529,117.295,117.321,117.019,116.727,117.021,117.391,257.611,117.532,117.591
1.715,117.443,117.218,181.265,117.184,117.365,117.224,117.420,117.690,116.996,117.251,117.529,257.611,117.138,117.785
1.720,115.326,115.787,181.135,115.373,115.629,115.691,115.331,115.212,116.201,115.499,115.524,314.795,115.633,115.707
1.725,115.756,115.624,181.223,115.714,115.186,115.485,115.285,115.343,115.713,115.483,115.715,314.795,115.677,115.499
1.730,115.714,115.845,181.296,115.802,114.912,115.545,115.857,115.685,116.016,115.296,115.649,314.795,115.293,115.460
1.735,115.773,115.742,181.211,115.796,115.681,116.067,115.547,115.107,115.587,115.359,115.445,314.795,115.332,115.772
1.740,114.163,113.211,181.255,113.247,113.541,114.749,113.701,113.580,113.650,113.762,114.039,286.054,113.559,114.189
1.745,114.049,113.589,181.230,114.238,113.895,114.103,113.684,113.715,114.247,113.135,113.622,286.054,113.733,113.521
1.750,113.502,114.010,181.173,113.953,114.274,113.839,114.037,114.014,114.246,113.814,113.335,286.054,113.786,114.153
1.755,113.512,113.691,181.168,113.769,113.913,113.295,113.640,114.474,113.875,113.723,114.016,286.054,113.917,114.472
1.760,112.412,112.074,181.100,112.394,111.802,113.191,112.236,112.167,112.024,111.831,112.599,74.602,112.059,111.953
1.765,112.236,112.335,181.235,112.337,111.903,111.955,112.033,111.865,111.855,112.002,111.965,74.602,112.241,112.068
1.770,111.598,111.777,181.095,112.356,112.150,112.390,112.221,112.644,112.202,111.788,112.353,74.602,112.530,112.299
1.775,111.462,112.134,181.147,111.854,112.198,111.820,111.786,111.998,112.151,112.376,111.320,74.602,112.067,112.228
1.780,110.603,110.810,181.246,109.810,109.892,110.355,110.115,110.208,110.567,110.095,110.359,122.539,110.754,110.525
1.785,111.018,110.331,181.180,110.782,110.136,110.319,110.545,110.489,110.177,110.356,110.762,122.539,109.976,110.369
1.790,110.583,110.103,181.188,110.497,110.162,110.598,110.483,110.242,110.389,110.406,110.379,122.539,109.908,110.524
1.795,110.251,110.322,181.197,110.189,110.369,110.157,109.703,110.333,109.986,111.000,110.273,122.539,110.630,109.926
1.800,108.625,108.422,181.143,108.413,108.929,108.629,108.456,108.711,108.203,108.577,107.779,276.680,108.357,108.897
1.805,107.693,108.158,181.209,108.482,108.655,108.294,108.201,108.481,108.486,108.668,109.056,276.680,108.702,108.838
1.810,108.231,108.730,181.241,108.783,108.849,108.531,108.681,108.413,108.836,108.354,108.370,276.680,108.477,109.051
1.815,108.858,108.542,181.231,108.174,108.550,108.514,108.490,107.847,108.090,108.355,107.997,276.680,108.659,107.783
1.820,107.009,106.169,181.149,106.483,106.701,106.872,106.869,106.721,107.034,106.458,106.914,309.372,106.840,107.020
1.825,106.077,107.099,181.251,107.465,106.630,106.115,107.172,106.945,106.329,106.269,106.457,309.372,106.740,106.877
1.830,107.109,106.450,181.063,106.348,106.522,106.474,106.920,106.738,106.852,106.479,106.566,309.372,106.833,107.180
1.835,106.907,106.757,181.159,106.890,107.064,0.000,106.719,107.458,106.581,106.569,106.788,309.372,106.760,106.536
1.840,105.214,105.055,181.202,104.990,104.898,104.274,104.554,104.969,105.129,104.772,104.912,202.312,104.806,105.325
1.845,104.859,104.879,181.231,104.967,105.148,105.236,104.811,105.113,105.090,104.741,104.339,202.312,104.576,104.724
1.850,104.924,104.535,181.195,105.310,104.967,104.686,104.453,104.755,105.191,104.557,104.587,202.312,105.254,105.108
1.855,104.586,104.208,181.101,104.806,105.326,105.057,105.002,104.642,104.775,105.031,104.858,202.312,104.782,104.748
1.860,103.190,102.915,181.215,103.452,102.894,103.232,103.316,103.473,103.087,102.931,103.213,113.167,103.201,103.650
1.865,103.369,103.153,181.212,103.102,103.549,103.006,102.753,102.884,103.126,103.704,102.973,113.167,103.267,103.391
1.870,102.796,102.715,181.210,102.893,102.778,103.362,102.946,103.181,102.839,103.315,103.224,113.167,103.322,103.065
1.875,103.204,102.961,181.221,102.868,102.922,103.181,103.425,103.197,103.176,103.068,103.221,113.167,102.745,103.045
1.880,101.078,101.626,181.057,101.084,100.814,101.374,101.294,101.305,101.530,100.734,101.348,35.182,101.765,101.734
1.885,101.569,100.936,181.197,101.526,100.982,101.662,100.820,100.557,100.994,101.455,101.206,35.182,101.190,101.022
1.890,101.550,102.454,181.227,101.565,101.114,101.610,101.521,101.260,101.071,101.086,101.573,35.182,101.426,101.037
1.895,100.508,101.353,181.135,101.271,101.733,101.527,101.154,101.272,101.412,101.138,101.572,35.182,100.943,100.986
1.900,99.528,99.019,181.180,99.151,99.195,99.923,99.696,99.090,99.573,98.942,99.336,141.857,99.426,100.044
1.905,99.704,99.510,181.141,99.114,99.157,99.360,99.295,99.736,99.063,99.108,99.402,141.857,99.240,99.308
1.910,99.212,99.311,181.213,99.336,99.346,99.643,99.810,99.424,99.673,99.662,99.393,141.857,99.551,99.324
1.915,99.320,99.783,181.190,99.800,99.520,0.000,99.082,99.659,99.485,99.218,99.779,141.857,99.640,99.155
1.920,97.474,97.134,181.160,97.750,97.352,97.572,97.614,97.460,96.961,97.790,97.921,80.217,97.610,97.846
1.925,97.164,97.727,181.167,97.428,97.605,97.546,97.598,97.868,97.306,97.433,97.920,80.217,97.491,97.813
1.930,97.485,97.183,181.213,97.970,97.510,97.466,97.571,97.210,97.109,97.560,97.299,80.217,97.263,97.530
1.935,98.006,97.621,181.171,97.036,97.115,97.566,97.938,97.549,97.112,97.826,98.390,80.217,97.869,97.423
1.940,95.796,96.105,181.152,95.032,95.574,95.448,95.642,96.106,95.572,95.648,95.638,69.786,95.462,94.938
1.945,96.123,95.689,181.215,95.183,95.352,95.913,95.746,95.640,96.029,95.387,95.758,69.786,95.353,95.684
1.950,95.957,96.056,181.254,95.918,95.838,95.281,95.276,95.566,95.311,96.082,95.370,69.786,95.841,95.534
1.955,96.022,95.554,181.242,95.300,95.820,95.971,95.671,95.357,95.194,96.047,95.826,69.786,95.345,95.823
1.960,93.807,94.051,181.220,93.615,93.683,93.464,94.103,93.978,93.596,93.810,93.312,201.929,93.908,93.978
1.965,94.010,93.568,181.223,93.768,94.127,93.387,93.714,93.061,93.966,93.694,93.871,201.929,93.984,93.846
1.970,94.397,93.689,181.148,93.599,93.800,93.428,92.980,93.504,93.215,93.893,94.002,201.929,93.690,93.566
1.975,94.228,93.772,181.187,94.023,93.869,93.990,93.721,93.680,93.459,93.296,94.167,201.929,94.134,93.812
1.980,91.987,91.432,181.205,91.998,91.935,91.556,92.089,91.928,92.034,91.938,92.049,327.354,92.049,91.836
1.985,91.668,91.601,181.059,91.808,91.499,91.812,92.116,91.651,91.548,91.362,91.478,327.354,91.782,91.917
1.990,91.598,91.701,181.237,92.118,91.885,92.007,91.983,92.085,91.578,91.859,92.113,327.354,91.853,91.776
1.995,91.961,92.403,181.251,91.280,92.298,91.809,92.050,92.088,91.939,91.948,92.166,327.354,92.127,92.320
2.000,90.138,90.043,181.135,90.355,89.632,90.004,90.006,90.034,89.876,90.033,89.844,78.247,89.633,90.002
2.005,89.429,89.645,181.206,89.844,90.120,89.589,90.271,89.952,89.961,90.415,90.344,78.247,89.984,89.925
2.010,90.070,89.626,181.232,89.719,90.026,90.157,89.885,90.261,90.289,89.974,89.789,78.247,90.288,90.329
2.015,90.110,89.965,181.232,89.997,90.430,89.916,90.281,90.023,89.422,90.248,90.369,78.247,90.567,89.818
2.020,88.211,87.762,181.092,88.289,88.621,88.232,87.695,88.264,88.192,88.264,87.945,251.625,88.021,88.294
2.025,87.945,88.168,181.176,88.122,88.020,88.363,88.383,88.254,87.794,88.025,88.184,251.625,88.011,87.612
2.030,88.835,87.773,181.194,88.233,87.866,87.628,87.926,88.205,87.553,87.950,88.574,251.625,88.222,88.447
2.035,88.389,87.787,181.129,88.053,88.579,88.636,88.145,88.149,88.508,88.028,88.685,251.625,87.783,87.899
2.040,85.806,86.479,181.232,86.043,86.377,86.168,86.493,85.918,86.142,86.932,86.434,285.304,86.778,86.293
2.045,86.010,85.657,181.098,86.704,86.053,86.729,86.173,86.612,86.045,86.507,86.497,285.304,86.301,86.583
2.050,86.483,86.924,181.242,86.554,86.222,86.244,86.357,86.570,86.388,86.194,86.284,285.304,85.813,86.225
2.055,86.392,85.996,181.227,85.795,85.856,86.220,85.747,86.346,86.665,85.959,85.906,285.304,85.877,86.219
2.060,84.393,83.897,181.165,84.520,84.839,85.243,84.282,83.731,84.212,85.207,83.550,58.734,83.978,84.762
2.065,84.343,84.530,181.243,84.099,84.127,84.549,84.382,84.226,84.465,84.862,84.971,58.734,84.241,84.826
2.070,84.286,84.680,181.181,84.111,84.525,84.250,84.763,84.157,84.447,84.830,84.168,58.734,84.073,84.043
2.075,84.212,84.748,181.188,84.475,83.940,84.244,84.312,83.980,84.335,84.369,84.146,58.734,84.519,84.139
2.080,82.158,82.639,181.203,82.774,82.733,82.487,82.307,82.046,82.399,82.608,81.991,255.032,82.596,82.097
2.085,82.656,82.264,181.210,82.958,82.476,82.988,82.382,82.567,82.660,83.336,82.582,255.032,82.409,82.067
2.090,81.610,82.427,181.244,82.806,82.192,0.000,82.414,83.016,82.377,82.510,83.021,255.032,82.006,82.604
2.095,82.248,82.521,181.125,82.319,82.628,82.589,82.623,81.865,82.168,82.648,82.416,255.032,82.190,82.864
2.100,80.994,80.878,181.156,80.441,80.669,80.603,80.606,80.792,80.284,80.646,80.631,242.547,80.109,80.291
2.105,80.363,80.908,181.146,80.391,80.526,80.452,80.623,80.620,80.824,81.039,80.165,242.547,80.555,80.789
2.110,80.235,80.828,181.198,80.519,80.766,80.606,80.566,80.173,80.133,80.644,80.358,242.547,80.496,80.672
2.115,81.196,80.877,181.210,81.101,80.558,80.374,80.538,80.680,80.702,80.495,80.732,242.547,80.407,80.329
2.120,79.072,78.074,181.190,78.869,78.708,78.881,78.823,78.915,78.566,78.969,79.162,78.033,78.396,78.551
2.125,78.701,78.589,181.226,78.831,78.907,79.100,78.544,79.077,78.339,78.269,78.046,78.033,78.607,79.043
2.130,78.565,79.113,181.295,77.805,78.773,79.019,78.940,79.066,78.599,79.050,78.198,78.033,78.392,78.764
2.135,78.675,78.615,181.176,78.845,78.579,78.633,78.580,78.774,78.934,78.691,78.355,78.033,78.786,78.574
2.140,76.792,76.888,181.282,76.703,76.768,77.078,76.949,76.644,76.863,76.882,76.988,305.922,76.819,77.249
2.145,76.825,76.691,181.241,76.840,76.741,77.001,76.677,76.450,77.681,76.336,76.990,305.922,76.869,77.023
2.150,76.670,76.871,181.144,77.022,77.306,77.044,76.593,76.908,76.848,77.153,76.599,305.922,76.404,76.994
2.155,77.068,76.708,181.198,77.124,77.727,77.094,76.531,77.166,76.990,76.981,76.994,305.922,77.029,77.076
2.160,74.893,74.455,181.265,74.875,75.623,74.804,74.790,74.589,75.081,74.788,74.843,47.749,74.963,75.162
2.165,74.502,75.194,181.180,74.841,74.699,75.397,74.870,74.575,74.896,75.472,74.625,47.749,75.353,74.891
2.170,74.663,75.208,181.208,75.107,74.370,75.573,75.406,74.997,75.091,75.222,75.215,47.749,74.600,75.202
2.175,75.065,74.805,181.222,74.875,74.953,75.344,75.522,74.702,75.280,74.887,75.733,47.749,75.219,74.981
2.180,72.929,72.627,181.197,73.711,73.200,73.309,73.216,73.260,73.175,73.828,72.896,344.094,73.080,72.643
2.185,72.475,73.152,181.129,73.127,73.417,72.951,72.856,73.089,73.257,72.924,72.829,344.094,73.085,73.545
2.190,73.711,72.867,181.247,72.733,73.238,0.000,73.166,72.874,73.688,72.887,73.591,344.094,73.086,73.010
2.195,73.398,73.557,181.135,73.252,73.417,73.693,73.099,73.518,72.995,73.153,72.984,344.094,73.389,72.643
2.200,71.294,71.367,181.275,71.271,71.875,71.570,71.386,71.301,71.634,71.302,71.269,327.328,71.618,71.404
2.205,71.278,70.952,181.171,71.411,71.410,70.596,71.468,70.882,71.656,71.999,71.476,327.328,72.100,71.521
2.210,71.600,71.225,181.247,71.465,71.487,71.996,71.710,71.105,71.678,71.659,71.299,327.328,71.171,71.214
2.215,71.867,71.999,181.203,71.789,71.299,71.761,72.016,71.744,71.323,71.221,71.190,327.328,71.531,71.229
2.220,69.462,69.594,181.170,70.043,69.200,0.000,69.696,69.486,70.168,69.259,69.191,299.558,69.411,70.039
2.225,69.784,69.398,181.251,69.551,69.371,69.753,69.215,69.021,70.023,69.949,69.523,299.558,69.979,69.562
2.230,69.461,69.565,181.235,69.127,69.748,0.000,69.487,69.493,69.908,69.840,69.957,299.558,69.596,69.987
2.235,69.756,69.288,181.173,69.029,69.937,70.314,69.679,69.043,69.711,69.649,69.429,299.558,70.105,70.024
2.240,67.538,68.148,181.097,68.448,67.850,67.781,68.148,67.457,68.383,67.650,67.760,304.465,67.601,67.906
2.245,67.323,67.451,181.150,67.870,68.011,67.241,67.507,67.978,68.064,67.963,68.081,304.465,68.244,67.585
2.250,67.918,68.067,181.160,68.089,67.458,68.225,67.727,67.827,68.537,67.959,68.412,304.465,67.624,67.972
2.255,67.871,68.206,181.167,67.774,68.119,68.049,67.490,68.172,67.478,67.963,67.750,304.465,68.187,67.677
2.260,66.374,66.432,181.223,66.224,66.416,66.437,66.148,65.732,66.212,66.910,65.844,245.368,66.065,66.741
2.265,65.941,66.112,181.299,66.388,65.791,65.970,66.479,66.723,65.923,65.970,66.065,245.368,66.018,66.122
2.270,66.575,66.023,181.204,66.026,66.015,0.000,66.077,65.808,66.149,66.807,65.810,245.368,66.503,66.169
2.275,66.179,66.165,181.138,66.131,66.320,66.214,66.262,66.546,66.333,65.572,65.358,245.368,66.336,65.869
2.280,64.910,64.515,181.195,64.595,64.544,64.328,64.335,64.286,64.134,64.694,64.705,162.495,64.467,63.939
2.285,64.325,64.612,181.187,64.086,64.683,64.088,64.285,65.414,64.601,64.469,64.293,162.495,63.962,64.530
2.290,64.900,64.438,181.142,64.165,64.129,64.480,64.174,64.536,64.308,64.072,64.216,162.495,64.575,64.372
2.295,64.411,64.518,181.201,64.609,64.779,64.265,64.242,64.854,64.651,64.704,63.988,162.495,64.393,64.442
2.300,62.782,62.608,181.271,62.619,62.340,63.154,62.907,63.181,62.955,63.094,62.883,308.092,63.011,62.676
2.305,63.038,62.502,181.182,62.683,63.107,62.898,62.753,62.846,63.100,62.498,62.559,308.092,62.722,62.316
2.310,62.189,63.092,181.175,62.282,62.512,62.426,62.708,62.903,63.018,62.872,62.741,308.092,63.135,63.040
2.315,62.407,62.882,181.203,62.879,62.937,62.998,62.669,62.772,62.666,62.665,62.969,308.092,62.821,62.223
2.320,61.643,61.306,181.257,61.205,60.595,60.951,61.061,60.978,61.142,61.332,61.222,68.149,61.102,60.802
2.325,60.604,61.599,181.167,61.681,61.294,61.168,61.124,61.297,60.846,61.488,61.333,68.149,61.039,61.408
2.330,60.918,60.868,181.236,61.078,61.274,61.325,61.169,60.890,61.368,61.307,61.178,68.149,60.507,61.146
2.335,61.242,60.900,181.183,61.023,61.192,61.028,60.894,61.323,60.984,61.132,61.596,68.149,60.602,61.411
2.340,59.890,59.334,181.189,59.706,59.433,59.551,59.671,59.335,59.239,59.824,59.515,194.901,59.056,59.359
2.345,59.278,59.719,181.251,59.472,59.553,59.345,59.913,59.674,59.754,59.167,59.573,194.901,59.981,59.646
2.350,59.476,59.014,181.241,59.927,60.095,59.291,60.151,59.811,58.868,59.631,59.690,194.901,59.678,59.202
2.355,59.085,59.244,181.154,59.467,59.227,59.318,59.124,59.157,59.693,59.184,58.908,194.901,59.942,59.461
2.360,57.710,58.089,181.277,57.821,58.063,58.033,57.188,57.784,57.889,58.312,58.096,289.263,58.018,57.548
2.365,58.148,57.364,181.125,58.098,58.021,58.122,58.006,58.020,58.121,57.575,58.009,289.263,57.557,57.814
2.370,57.931,58.060,181.216,58.227,57.676,57.990,57.642,57.671,57.978,57.657,58.048,289.263,57.804,57.866
2.375,57.820,58.335,181.226,58.015,57.949,57.808,57.693,57.881,57.875,58.068,57.519,289.263,58.107,58.082
2.380,56.387,56.399,181.187,56.690,56.303,56.112,56.436,56.317,56.535,55.965,56.457,243.844,56.168,56.383
2.385,56.298,56.014,181.144,55.907,56.245,56.606,56.645,55.848,56.283,56.188,56.382,243.844,56.529,56.003
2.390,56.308,56.135,181.207,56.299,56.314,56.919,56.120,55.500,55.559,56.412,55.967,243.844,56.339,56.173
2.395,56.146,55.969,181.081,56.427,56.519,56.802,55.922,56.522,56.277,56.331,56.156,243.844,56.033,56.413
2.400,54.410,54.708,181.195,55.240,54.481,54.687,54.174,54.511,54.814,54.964,55.098,109.385,54.511,54.512
2.405,54.924,55.021,181.069,54.367,54.665,55.022,54.536,54.962,55.130,54.924,54.756,109.385,54.426,54.567
2.410,54.357,55.042,181.251,55.233,54.511,54.591,55.192,54.780,55.237,54.819,54.686,109.385,54.816,54.919
2.415,55.031,54.044,181.250,54.733,54.600,55.434,54.873,54.677,54.977,54.423,54.111,109.385,54.786,54.776
2.420,53.868,52.987,181.239,53.498,53.257,52.850,52.965,53.461,53.020,53.105,52.937,301.517,53.425,53.560
2.425,53.679,53.325,181.243,53.351,53.355,53.111,53.246,52.943,53.057,52.908,53.146,301.517,52.910,53.085
2.430,53.928,53.117,181.180,52.626,53.574,53.491,53.299,53.156,52.809,53.477,53.556,301.517,53.125,53.312
2.435,52.886,52.474,181.227,53.061,52.997,53.107,53.686,53.058,53.252,53.153,53.043,301.517,52.977,52.906
2.440,51.814,51.818,181.208,51.820,51.401,51.978,51.939,51.358,51.769,52.280,51.614,196.246,51.386,51.363
2.445,51.482,51.919,181.198,51.580,51.681,51.864,51.512,51.891,51.977,51.648,52.236,196.246,51.457,51.895
2.450,51.510,51.752,181.144,51.596,52.121,51.767,51.961,52.221,51.352,52.140,52.337,196.246,51.628,51.696
2.455,51.208,51.732,181.123,51.818,51.285,0.000,51.772,51.984,51.671,51.562,52.063,196.246,51.983,51.356
2.460,49.931,50.607,181.088,50.265,50.241,50.057,50.255,50.261,50.475,50.677,50.059,206.792,49.959,50.577
2.465,50.573,49.885,181.198,50.262,49.953,50.631,50.267,50.308,50.481,49.889,50.542,206.792,50.344,49.958
2.470,50.525,50.229,181.196,50.505,50.816,50.110,50.400,50.130,50.234,50.453,50.376,206.792,49.914,49.966
2.475,50.682,50.444,181.273,50.182,50.586,0.000,50.064,50.222,50.210,50.749,50.518,206.792,50.324,50.506
2.480,49.265,49.973,181.256,48.517,48.594,48.821,48.734,49.205,49.277,49.042,48.843,304.941,49.391,48.784
2.485,49.159,48.703,181.114,48.632,49.133,49.262,48.863,48.891,48.644,49.193,49.103,304.941,48.559,49.476
2.490,48.668,49.167,181.122,49.006,48.757,49.161,48.878,49.161,48.956,49.062,49.105,304.941,49.010,48.883
2.495,48.882,49.457,181.192,48.529,49.084,48.799,49.418,48.453,49.221,49.168,49.328,304.941,49.242,48.869
2.500,47.792,47.809,181.119,47.416,47.309,47.966,47.473,48.068,48.177,47.710,47.214,260.869,47.662,47.473
2.505,47.952,47.840,181.201,47.731,47.460,47.598,47.698,47.641,47.633,47.611,47.781,260.869,47.795,47.596
2.510,47.450,47.960,181.303,47.367,47.547,48.216,47.175,47.119,47.509,47.144,47.592,260.869,47.600,47.824
2.515,47.414,47.029,181.151,47.401,48.035,47.541,47.247,47.557,47.663,47.776,47.384,260.869,47.114,48.360
2.520,46.120,46.419,181.186,45.845,46.400,46.358,45.927,46.486,46.031,46.232,46.334,110.021,46.446,46.329
2.525,46.750,46.126,181.265,46.515,46.053,46.448,46.488,46.092,46.129,46.410,46.565,110.021,46.610,46.081
2.530,46.432,46.735,181.230,46.479,45.960,46.345,46.652,46.590,46.166,45.961,46.127,110.021,46.510,45.940
2.535,46.159,46.397,181.248,46.181,46.104,46.625,46.095,46.129,46.491,46.058,46.696,110.021,46.608,46.166
2.540,44.751,45.076,181.215,45.200,44.460,44.996,45.087,44.840,45.091,44.842,45.021,340.984,44.977,45.148
2.545,45.124,45.054,181.231,44.801,44.436,45.016,44.955,45.148,44.905,45.059,45.105,340.984,45.202,44.438
2.550,44.470,44.611,181.150,44.637,44.969,0.000,45.085,45.057,45.406,44.677,45.792,340.984,45.454,44.937
2.555,44.920,45.280,181.262,44.558,45.598,44.551,44.450,45.014,44.909,45.105,44.792,340.984,44.719,44.904
2.560,43.590,43.276,181.222,43.947,43.847,43.898,43.759,43.793,43.483,43.626,43.654,16.649,44.220,43.360
2.565,43.586,43.712,181.207,43.523,44.348,43.834,44.428,44.098,43.524,43.085,43.498,16.649,43.411,43.781
2.570,43.830,43.664,181.181,43.889,43.753,43.636,43.598,43.894,43.874,44.101,43.590,16.649,44.372,43.912
2.575,43.896,44.077,181.275,43.693,43.523,43.826,43.975,43.425,43.718,44.098,44.057,16.649,43.408,43.927
2.580,43.530,42.598,181.139,42.893,42.713,0.000,42.265,42.963,42.008,42.248,42.166,130.734,42.616,42.757
2.585,42.622,42.334,181.260,42.658,42.855,42.817,42.686,42.763,42.446,42.560,42.786,130.734,42.689,42.839
2.590,42.806,42.804,181.167,42.274,42.956,42.529,42.796,42.414,42.166,42.609,42.769,130.734,42.415,42.688
2.595,42.342,43.128,181.258,42.154,42.606,42.599,42.707,42.246,42.352,42.885,42.458,130.734,43.022,42.738
2.600,40.948,41.149,181.228,41.408,41.501,0.000,41.178,41.087,41.289,41.733,41.595,302.331,41.344,41.359
2.605,41.813,41.891,181.227,41.746,41.190,41.705,41.863,41.314,41.852,41.367,42.219,302.331,41.916,41.616
2.610,42.067,41.259,181.223,41.462,40.827,41.512,41.038,41.644,41.683,41.631,40.962,302.331,41.557,40.735
2.615,41.152,41.395,181.184,41.868,41.632,41.327,41.284,41.749,41.205,41.638,41.638,302.331,41.555,41.329
2.620,40.355,40.320,181.241,40.712,41.028,39.939,40.572,40.738,40.274,40.475,40.779,297.383,40.548,40.359
2.625,40.721,40.060,181.344,40.272,40.650,39.911,40.375,40.724,40.994,39.849,40.775,297.383,40.805,40.573
2.630,40.408,40.881,181.211,40.206,40.563,40.041,40.163,40.570,40.433,40.218,40.136,297.383,40.411,40.623
2.635,39.639,40.624,181.225,40.249,40.327,40.485,40.314,40.714,40.660,40.533,40.697,297.383,40.801,40.484
2.640,39.656,39.535,181.270,39.302,39.349,0.000,39.079,39.495,39.375,39.836,39.811,114.052,39.481,39.312
2.645,39.300,38.928,181.203,39.451,38.846,39.673,39.092,39.302,39.567,39.229,39.370,114.052,39.167,38.952
2.650,39.569,39.552,181.107,39.416,39.195,39.492,39.749,39.862,39.045,39.159,39.168,114.052,39.891,39.387
2.655,39.047,39.072,181.172,39.022,39.138,39.209,39.228,39.045,39.742,39.047,39.471,114.052,39.948,39.117
2.660,38.633,38.787,181.189,38.388,38.227,37.955,37.855,37.916,38.164,38.853,38.230,185.488,38.706,38.541
2.665,38.681,37.816,181.217,38.304,38.555,38.577,38.276,38.083,38.468,39.044,37.323,185.488,38.332,38.299
2.670,38.137,38.586,181.129,38.586,38.539,38.327,38.977,38.804,38.098,38.201,38.021,185.488,38.787,38.306
2.675,38.512,37.880,181.214,38.009,38.364,39.104,37.983,38.452,37.602,38.125,38.223,185.488,38.877,38.164
2.680,37.230,36.973,181.230,37.869,37.806,37.292,37.176,37.537,37.308,37.544,37.572,174.082,37.104,37.288
2.685,37.271,37.496,181.169,37.457,36.976,37.534,37.166,37.472,37.584,37.127,37.182,174.082,37.567,37.242
2.690,37.146,37.693,181.273,37.312,37.774,37.858,37.251,37.824,37.834,37.366,37.537,174.082,37.123,37.425
2.695,37.293,37.773,181.200,37.352,37.494,37.075,36.860,37.886,37.021,37.122,37.364,174.082,37.086,37.340
2.700,36.335,36.423,181.131,36.333,36.689,36.631,36.271,36.817,36.721,36.441,36.655,310.804,36.447,36.628
2.705,36.906,36.376,181.168,36.656,36.504,36.150,36.753,36.719,36.438,36.392,36.351,310.804,36.110,36.469
2.710,36.475,36.832,181.153,36.854,36.739,36.613,36.219,36.883,36.676,36.829,36.240,310.804,36.469,36.535
2.715,36.197,36.188,181.221,36.640,36.348,36.580,36.361,36.242,36.041,36.688,36.989,310.804,36.295,36.272
2.720,36.138,35.369,181.145,35.791,35.919,36.198,35.372,35.545,35.121,35.264,35.732,288.484,35.419,36.070
2.725,35.883,35.880,181.194,35.993,35.693,35.926,35.790,36.032,35.961,35.490,35.539,288.484,35.197,35.506
2.730,36.021,35.858,181.213,36.211,34.910,35.465,35.522,35.869,35.454,35.785,35.708,288.484,35.642,35.745
2.735,35.696,35.744,181.201,36.057,35.914,36.024,35.782,35.444,35.528,35.662,35.949,288.484,35.334,35.692
2.740,35.156,35.327,181.235,34.336,35.157,34.579,34.539,35.096,34.812,34.577,34.729,234.376,34.884,34.722
2.745,34.911,34.434,181.233,35.013,34.709,34.874,34.889,34.777,35.101,34.867,35.176,234.376,35.231,34.892
2.750,34.647,35.088,181.197,35.066,34.448,35.121,34.833,35.066,34.779,34.731,35.042,234.376,35.116,35.020
2.755,34.974,35.622,181.243,34.991,34.969,34.981,34.571,34.684,34.792,35.020,34.878,234.376,34.992,35.053
2.760,34.265,34.094,181.208,34.334,34.798,34.656,33.770,34.594,34.165,34.356,33.860,52.853,34.295,34.301
2.765,34.263,33.830,181.184,34.746,34.322,34.349,34.266,34.621,33.923,33.891,34.056,52.853,34.362,33.937
2.770,34.480,34.608,181.162,34.349,34.465,0.000,34.057,34.239,34.391,34.132,34.417,52.853,34.323,33.931
2.775,33.687,34.396,181.234,34.258,33.962,34.349,34.129,34.362,34.590,34.707,34.305,52.853,33.797,34.002
2.780,33.646,33.934,181.162,33.553,34.033,33.222,33.266,33.528,33.897,33.391,33.372,244.895,33.604,33.287
2.785,33.310,33.777,181.248,33.125,33.436,0.000,33.312,33.467,33.619,33.811,33.251,244.895,33.617,33.727
2.790,33.469,33.420,181.074,33.193,33.659,33.479,33.223,33.451,33.608,33.240,33.255,244.895,33.458,33.974
2.795,33.694,33.494,181.125,33.083,33.921,33.811,33.418,34.023,33.227,33.783,33.794,244.895,33.196,33.617
2.800,32.966,32.584,181.117,33.446,33.547,32.873,33.156,32.860,32.961,32.889,33.005,143.588,32.867,32.763
2.805,32.740,33.760,181.195,32.996,33.014,33.271,32.523,33.262,32.906,33.003,33.289,143.588,32.520,32.944
2.810,33.180,32.663,181.208,32.628,33.172,32.459,32.788,33.074,33.319,32.870,32.746,143.588,32.700,33.154
2.815,32.931,32.843,181.132,32.869,32.576,32.923,32.663,32.871,33.049,33.048,32.889,143.588,32.518,32.385
2.820,32.682,32.186,181.189,32.419,32.718,32.301,32.655,32.508,32.570,32.729,32.174,270.068,32.382,32.081
2.825,32.775,32.534,181.170,32.249,31.919,32.156,32.517,32.479,32.142,32.372,32.285,270.068,32.798,32.252
2.830,32.286,32.838,181.154,32.763,32.442,32.868,32.778,32.424,32.623,32.026,32.679,270.068,32.456,32.060
2.835,32.058,32.240,181.206,32.516,31.882,32.527,32.676,32.447,32.226,32.147,32.514,270.068,32.655,32.597
2.840,31.924,32.039,181.232,32.192,32.419,32.170,31.942,31.688,31.764,31.480,32.063,212.504,31.568,31.533
2.845,32.150,32.129,181.192,31.700,32.527,32.298,32.079,32.293,31.939,31.875,31.267,212.504,32.485,31.483
2.850,31.998,32.580,181.154,31.541,32.066,31.425,32.154,32.422,32.216,31.632,31.566,212.504,31.554,31.313
2.855,31.541,31.831,181.180,31.829,31.907,31.537,31.753,31.978,31.540,31.691,31.489,212.504,32.023,31.829
2.860,30.939,31.544,181.168,31.425,30.999,31.675,30.881,31.378,31.471,31.512,31.884,165.582,31.592,31.305
2.865,31.172,31.971,181.161,31.685,31.495,31.238,31.430,31.704,31.190,31.639,31.091,165.582,31.373,31.998
2.870,31.169,31.016,181.160,30.887,31.272,31.347,31.461,31.580,31.307,31.617,31.179,165.582,31.973,31.749
2.875,31.652,31.457,181.320,31.739,32.008,31.496,31.504,30.892,31.354,31.181,30.908,165.582,30.924,31.689
2.880,31.098,31.106,181.186,31.070,30.986,31.246,31.154,31.133,31.296,30.940,30.933,139.179,31.196,31.298
2.885,31.348,30.733,181.208,31.151,31.149,31.136,30.909,31.266,31.088,31.083,31.080,139.179,31.313,30.781
2.890,31.054,31.015,181.256,31.355,31.504,31.554,31.086,31.054,30.898,30.710,30.924,139.179,31.108,31.110
2.895,31.594,31.145,181.228,30.890,31.356,31.012,31.405,31.169,31.260,31.072,31.216,139.179,31.413,31.356
2.900,30.760,31.101,181.215,30.742,30.598,30.558,30.700,30.438,30.815,30.426,30.538,14.561,31.211,30.635
2.905,30.927,31.038,181.157,30.899,30.411,30.721,30.784,30.852,30.523,30.970,30.858,14.561,30.502,30.540
2.910,30.631,30.585,181.198,30.673,30.911,30.621,30.942,30.812,30.571,30.941,31.031,14.561,30.721,30.541
2.915,30.895,30.465,181.185,30.388,30.629,30.855,30.902,30.163,31.090,30.642,31.129,14.561,30.762,30.932
2.920,30.825,30.783,181.290,30.656,29.742,30.427,30.887,30.320,30.745,30.603,29.987,35.192,30.246,30.503
2.925,30.730,30.019,181.172,30.422,30.671,0.000,30.148,30.734,30.333,30.379,30.353,35.192,30.798,30.826
2.930,30.884,30.320,181.252,30.387,30.607,30.209,31.115,30.204,30.252,30.584,30.758,35.192,31.063,30.495
2.935,30.307,30.137,181.210,30.632,30.357,30.277,30.305,30.544,30.931,30.788,30.312,35.192,30.637,30.485
2.940,30.426,29.791,181.172,30.098,30.122,30.317,30.078,30.147,30.505,30.581,30.222,330.759,30.154,30.100
2.945,30.810,30.358,181.221,30.705,30.661,30.207,30.478,30.271,30.472,29.729,30.277,330.759,30.196,30.409
2.950,30.365,29.839,181.113,30.558,30.196,30.095,30.050,30.256,29.856,30.150,30.027,330.759,30.720,30.199
2.955,30.237,30.083,181.167,30.719,30.153,30.515,30.176,30.255,30.257,30.335,30.015,330.759,30.742,30.715
2.960,30.069,30.512,181.204,29.956,30.247,29.973,29.460,30.390,30.259,30.565,30.519,270.461,30.563,30.108
2.965,29.979,30.607,181.249,30.147,30.437,29.783,29.821,30.572,30.696,30.673,29.794,270.461,30.566,30.443
2.970,30.184,29.711,181.227,30.058,29.959,29.626,30.420,30.230,30.541,30.388,29.912,270.461,30.006,30.192
2.975,30.565,29.841,181.174,29.976,30.286,29.750,30.327,30.456,29.734,30.289,30.054,270.461,30.667,29.934
2.980,30.190,29.769,181.210,29.775,30.293,29.929,29.895,30.278,30.178,30.080,29.946,101.280,30.124,30.227
2.985,30.043,29.625,181.091,29.974,29.540,30.330,30.018,30.060,29.780,30.304,30.283,101.280,29.883,29.951
2.990,29.808,30.441,181.223,30.018,30.001,29.739,30.632,29.973,29.682,30.111,30.139,101.280,30.274,30.228
2.995,29.703,30.308,181.193,29.787,29.881,29.907,30.007,30.049,30.110,30.176,30.684,101.280,30.198,30.203
3.000,30.750,30.156,181.237,29.333,30.176,29.844,29.724,29.591,29.953,29.942,30.381,110.261,29.937,30.130
3.005,29.878,29.704,181.201,29.733,29.781,29.965,30.368,30.349,30.436,29.989,29.905,110.261,29.640,30.425
3.010,30.051,30.237,181.250,30.517,30.188,29.932,30.209,29.905,30.251,29.834,30.256,110.261,29.991,29.874
3.015,29.872,30.063,181.255,29.884,29.814,30.157,29.632,30.102,29.749,29.914,29.725,110.261,29.829,29.606
3.020,30.101,30.025,181.178,30.337,29.838,30.060,30.267,29.496,30.119,29.684,29.774,21.273,29.630,30.043
3.025,29.919,30.211,181.307,29.785,30.039,30.347,30.367,29.843,30.283,30.174,30.466,21.273,30.471,29.850
3.030,30.081,30.451,181.189,29.486,30.178,29.908,29.858,30.156,29.761,29.676,30.034,21.273,30.023,29.829
3.035,30.491,30.014,181.185,30.126,29.964,29.983,30.095,29.857,30.377,30.383,29.505,21.273,29.823,30.078
3.040,29.911,29.997,181.188,30.329,30.064,29.455,30.091,30.028,30.139,29.891,30.440,188.649,30.370,30.049
3.045,30.297,29.808,181.230,30.248,29.945,29.756,30.255,30.717,29.723,29.680,30.009,188.649,30.518,30.250
3.050,30.115,30.553,181.248,30.121,30.137,29.788,29.847,29.998,30.026,29.956,30.444,188.649,30.160,29.797
3.055,30.355,30.272,181.137,30.116,30.472,29.741,30.678,30.049,30.130,30.265,30.317,188.649,30.389,30.340
3.060,30.075,29.531,181.160,30.550,30.200,30.701,29.902,30.107,30.442,29.979,31.087,284.323,30.005,30.642
3.065,30.406,30.312,181.181,30.121,30.515,29.902,30.387,30.248,30.384,30.200,29.694,284.323,30.014,30.418
3.070,29.982,30.517,181.172,30.326,30.383,30.151,29.728,30.279,30.507,30.182,30.378,284.323,30.670,29.993
3.075,29.724,29.783,181.233,30.838,30.043,30.453,30.460,30.420,30.005,30.121,29.620,284.323,30.432,30.368
3.080,30.085,30.021,181.138,29.906,30.816,30.722,30.201,30.273,30.850,30.791,30.966,236.071,30.297,30.480
3.085,30.194,30.795,181.185,30.590,30.070,30.814,30.482,30.640,30.536,30.443,30.670,236.071,30.365,30.497
3.090,30.141,30.387,181.151,31.103,30.709,30.092,30.733,30.520,30.382,30.586,30.348,236.071,30.867,30.311
3.095,30.382,30.025,181.212,29.977,30.773,30.820,29.907,30.603,30.600,30.389,30.755,236.071,30.648,30.571
3.100,31.081,30.750,181.162,30.235,31.026,30.416,30.769,31.162,30.769,30.896,30.881,6.988,31.018,30.962
3.105,30.398,30.849,181.182,30.544,30.717,30.834,30.406,31.061,30.740,31.370,30.496,6.988,30.596,30.944
3.110,30.880,30.447,181.230,30.678,31.080,30.984,30.675,30.779,31.000,31.220,31.255,6.988,30.640,30.873
3.115,30.789,30.494,181.006,31.218,31.272,30.137,30.648,30.750,30.484,30.881,30.461,6.988,30.721,30.475
3.120,30.852,31.073,181.194,30.857,30.791,31.555,31.506,30.576,30.786,31.058,30.687,207.704,30.531,30.626
3.125,30.782,31.042,181.154,30.567,30.707,31.404,31.272,30.831,31.718,31.071,31.745,207.704,31.184,31.506
3.130,31.195,31.603,181.187,31.537,30.994,30.841,31.136,30.959,31.038,31.070,31.081,207.704,31.033,30.292
3.135,31.211,31.467,181.169,31.020,31.100,31.287,31.038,31.142,30.946,30.753,31.011,207.704,31.326,31.472
3.140,31.341,31.601,181.202,31.501,31.638,31.562,31.327,31.761,31.470,31.443,31.255,164.925,31.508,31.557
3.145,31.401,31.240,181.185,31.456,31.470,31.308,31.058,31.092,31.986,31.382,31.221,164.925,31.775,32.206
3.150,31.443,31.257,181.281,31.106,31.190,31.963,30.962,32.173,31.259,31.634,31.569,164.925,31.017,31.867
3.155,31.047,30.761,181.206,31.251,31.044,31.101,31.497,31.337,31.311,32.089,31.110,164.925,31.657,31.082
3.160,31.919,31.861,181.110,32.074,31.609,32.072,32.690,32.098,31.584,31.704,31.838,113.054,32.060,32.085
3.165,31.978,31.759,181.225,32.131,31.676,32.006,31.699,31.849,31.706,32.239,31.367,113.054,32.144,32.167
3.170,32.418,31.680,181.106,31.433,31.811,31.866,31.573,32.297,32.394,31.779,31.734,113.054,31.638,31.703
3.175,31.499,32.105,181.159,31.942,31.706,32.126,31.742,32.219,31.741,32.001,31.261,113.054,31.890,31.900
3.180,32.119,32.764,181.215,32.092,32.711,32.771,32.413,32.917,32.502,32.914,31.774,348.125,32.690,32.502
3.185,32.408,31.816,181.153,32.640,32.861,32.403,32.391,32.356,32.641,32.600,32.221,348.125,32.934,32.448
3.190,32.205,32.504,181.230,32.341,32.169,32.604,32.652,32.290,32.693,32.570,32.182,348.125,32.300,32.629
3.195,32.260,32.516,181.231,32.295,32.184,32.466,32.529,32.397,32.645,32.918,32.411,348.125,32.397,32.445
3.200,32.939,32.744,181.207,33.048,33.095,33.309,33.147,32.975,33.488,32.982,32.820,323.113,32.619,32.935
3.205,32.848,32.715,181.093,33.478,33.137,32.419,32.744,32.519,32.995,32.961,33.438,323.113,32.820,32.835
3.210,32.926,33.458,181.224,33.019,33.328,33.263,32.980,32.830,33.172,33.435,33.094,323.113,32.783,32.436
3.215,33.070,33.159,181.240,33.661,32.976,32.611,32.788,32.546,32.961,33.312,33.355,323.113,33.021,32.341
3.220,33.057,34.194,181.192,33.747,33.499,33.181,33.536,33.876,33.679,33.544,33.786,266.256,33.543,33.335
3.225,33.717,33.310,181.204,33.659,33.768,33.874,34.074,33.315,33.342,33.296,33.495,266.256,33.868,33.568
3.230,32.867,33.222,181.168,33.658,33.694,33.628,33.526,33.620,33.137,33.690,33.465,266.256,34.048,33.973
3.235,34.062,33.463,181.207,33.663,33.445,33.701,33.568,33.658,33.356,33.533,33.270,266.256,33.100,33.810
3.240,34.494,34.476,181.200,34.280,33.952,34.239,35.035,34.384,34.258,34.179,34.032,16.853,34.230,34.694
3.245,34.030,34.613,181.189,34.965,33.928,34.269,34.544,34.335,34.635,34.162,33.791,16.853,33.683,34.566
3.250,34.522,34.810,181.114,33.914,34.652,34.341,34.940,33.664,33.666,33.806,34.260,16.853,34.022,34.231
3.255,34.170,34.015,181.240,34.289,34.178,34.144,34.045,33.878,34.390,34.323,33.995,16.853,33.822,34.190
3.260,35.067,34.493,181.186,34.974,35.687,35.181,35.094,35.206,34.869,34.755,35.012,160.311,35.145,35.134
3.265,35.165,35.236,181.193,35.050,34.717,34.447,35.170,34.887,34.946,35.045,35.561,160.311,35.880,34.536
3.270,35.042,35.209,181.163,34.964,34.815,34.489,34.246,35.158,35.169,34.130,34.882,160.311,34.981,34.564
3.275,34.938,35.109,181.146,35.262,35.176,35.586,34.911,35.122,34.687,34.961,35.055,160.311,34.543,34.980
3.280,35.901,36.152,181.183,35.395,36.027,35.636,35.564,35.644,36.046,36.007,35.548,205.587,35.778,35.662
3.285,35.656,35.463,181.283,36.110,36.141,35.891,36.064,36.137,35.817,35.712,36.572,205.587,36.116,35.392
3.290,35.600,35.214,181.181,36.144,35.528,35.786,35.231,35.565,35.964,36.357,35.440,205.587,36.013,36.202
3.295,35.428,36.338,181.108,35.613,35.863,36.566,35.796,35.317,36.065,35.892,35.991,205.587,36.192,35.595
3.300,35.998,36.633,181.116,36.730,36.242,36.322,36.819,36.652,36.001,36.346,36.129,19.657,36.524,36.671
3.305,37.021,36.448,181.167,36.085,37.388,36.601,37.035,36.592,36.655,36.477,36.405,19.657,36.127,36.505
3.310,36.779,36.786,181.233,36.920,37.234,36.045,36.709,37.096,36.660,36.230,36.607,19.657,36.412,36.916
3.315,36.122,37.220,181.226,36.910,36.603,36.155,36.871,36.733,36.313,36.636,36.725,19.657,36.885,36.560
3.320,37.545,37.479,181.228,37.963,37.593,37.391,37.616,37.488,37.393,37.191,37.292,242.544,36.766,37.843
3.325,37.489,37.955,181.204,37.470,37.345,0.000,37.100,37.136,37.292,37.774,37.249,242.544,37.573,37.765
3.330,36.763,37.452,181.182,38.124,37.626,37.296,37.169,37.068,37.519,37.260,37.606,242.544,37.939,37.795
3.335,37.176,38.012,181.228,37.749,37.028,37.291,36.528,37.770,37.918,37.291,37.094,242.544,37.687,36.947
3.340,38.329,38.417,181.143,38.770,38.205,38.677,38.478,38.912,38.636,38.449,38.234,130.031,38.453,38.597
3.345,38.878,38.727,181.187,38.676,37.984,38.144,38.890,38.471,38.528,38.839,38.768,130.031,38.135,37.856
3.350,38.691,38.354,181.184,38.430,38.463,38.326,37.845,38.216,38.539,37.907,38.194,130.031,38.742,38.421
3.355,38.740,38.544,181.166,38.175,38.926,38.126,38.295,38.469,38.089,38.478,37.752,130.031,38.476,38.287
3.360,39.442,39.413,181.160,39.498,39.361,0.000,39.609,39.556,39.681,39.388,39.095,174.936,39.316,39.497
3.365,39.647,39.216,181.081,39.268,39.055,39.427,39.025,39.205,39.413,39.466,40.054,174.936,39.706,39.842
3.370,38.993,39.377,181.178,39.752,39.384,39.343,38.948,39.719,38.956,38.613,39.486,174.936,39.401,39.087
3.375,39.533,39.560,181.218,39.106,39.350,39.551,39.723,39.199,38.901,39.425,39.087,174.936,39.474,38.907
3.380,40.602,40.344,181.188,40.117,40.458,40.564,40.863,40.432,40.402,40.263,40.748,105.618,40.360,40.850
3.385,40.002,40.214,181.350,40.572,39.686,40.606,40.704,40.555,40.045,40.309,40.106,105.618,40.278,40.326
3.390,40.459,40.507,181.224,40.221,40.284,40.501,40.409,40.251,40.070,40.070,40.253,105.618,40.826,39.845
3.395,40.842,40.822,181.138,40.642,40.238,40.831,40.247,40.706,40.444,39.592,40.380,105.618,40.148,40.524
3.400,42.047,41.436,181.265,41.637,41.382,41.387,41.626,41.118,41.097,41.486,41.605,137.193,41.171,41.492
3.405,41.894,41.154,181.175,41.794,42.030,41.739,41.053,41.431,41.533,41.791,41.518,137.193,41.726,41.578
3.410,41.256,41.192,181.238,41.699,41.195,41.215,41.470,41.855,41.489,41.613,41.188,137.193,41.462,41.286
3.415,41.442,41.469,181.181,41.476,40.966,41.712,41.551,41.825,41.188,40.977,41.602,137.193,41.523,41.326
3.420,42.445,43.096,181.172,42.516,42.730,43.064,42.441,42.428,42.749,42.683,42.853,177.293,42.326,42.585
3.425,42.972,42.274,181.199,42.561,42.725,42.703,42.619,42.370,42.240,42.311,42.289,177.293,42.336,42.287
3.430,42.348,42.941,181.281,42.845,42.161,0.000,42.755,42.536,42.343,42.985,42.356,177.293,42.161,42.563
3.435,42.287,42.533,181.212,42.592,42.267,42.929,42.692,42.853,42.020,42.312,42.316,177.293,42.703,42.992
3.440,43.293,43.563,181.201,44.308,43.433,43.443,44.123,43.139,43.716,43.914,43.598,313.279,43.515,43.754
3.445,43.840,43.607,181.249,44.376,44.286,43.787,43.144,43.509,44.281,43.625,43.549,313.279,43.973,43.717
3.450,43.912,44.123,181.244,43.583,43.768,43.735,42.985,43.671,43.324,43.356,43.384,313.279,44.036,43.819
3.455,43.601,43.626,181.207,44.044,43.781,43.556,43.244,43.054,43.897,43.686,43.643,313.279,44.080,44.237
3.460,44.778,45.411,181.265,44.622,44.603,44.921,44.986,44.635,44.902,44.814,45.093,16.555,45.341,45.078
3.465,44.949,45.616,181.123,44.881,44.819,45.015,45.561,45.136,44.892,45.429,44.963,16.555,45.824,44.619
3.470,45.410,44.728,181.169,45.436,45.139,44.749,45.102,45.292,44.797,44.789,44.922,16.555,44.655,44.825
3.475,44.602,44.597,181.240,44.636,45.421,45.526,44.872,44.950,45.300,44.929,45.219,16.555,44.380,44.405
3.480,46.262,45.723,181.216,46.164,46.384,46.443,45.930,46.393,46.050,45.848,46.127,93.068,46.296,46.291
3.485,46.338,46.425,181.233,46.217,46.246,46.500,46.276,46.134,46.239,46.647,46.285,93.068,46.360,46.435
3.490,46.388,45.988,181.279,45.798,46.455,45.872,45.989,46.713,46.274,46.385,46.115,93.068,46.883,46.043
3.495,46.654,46.066,181.237,45.957,46.100,46.367,45.949,46.301,45.733,46.109,46.474,93.068,46.721,46.442
3.500,47.837,47.329,181.245,47.781,47.259,47.655,47.557,47.678,47.764,47.476,47.468,162.605,46.983,47.569
3.505,47.670,47.985,181.192,47.631,47.468,47.358,47.555,47.317,47.597,47.626,47.736,162.605,47.760,47.406
3.510,48.028,47.774,181.259,47.917,47.831,47.488,47.493,47.463,47.264,47.502,47.225,162.605,47.592,48.135
3.515,47.932,47.755,181.270,47.484,47.958,47.469,47.426,47.990,47.640,47.732,47.848,162.605,46.918,47.937
3.520,49.029,48.391,181.262,48.234,48.770,0.000,49.169,48.804,48.786,49.553,49.204,327.091,48.686,49.165
3.525,49.013,48.662,181.178,48.915,48.529,48.801,49.034,48.729,49.008,49.494,49.177,327.091,48.582,49.094
3.530,48.586,48.904,181.166,48.562,49.420,48.750,48.462,48.840,48.976,48.677,48.881,327.091,49.173,49.302
3.535,48.981,48.884,181.228,49.148,49.041,48.276,48.598,48.966,48.969,49.558,49.219,327.091,49.526,49.181
3.540,50.101,50.410,181.181,50.049,49.850,50.443,50.379,50.035,50.153,50.500,50.414,152.425,50.152,50.146
3.545,49.994,50.806,181.263,50.924,49.961,50.599,50.297,50.598,50.546,51.049,49.861,152.425,50.740,50.473
3.550,50.253,50.523,181.214,49.801,50.501,50.027,50.064,50.533,49.994,50.281,50.229,152.425,50.446,50.042
3.555,49.817,50.559,181.166,50.190,50.354,50.518,50.367,51.148,50.418,50.753,50.115,152.425,50.018,50.428
3.560,51.501,51.707,181.183,52.455,51.441,52.396,51.503,51.981,52.255,51.868,51.645,291.315,51.775,52.329
3.565,51.613,51.621,181.233,52.000,51.500,51.780,51.493,51.424,51.574,51.386,51.573,291.315,51.670,52.088
3.570,51.868,51.601,181.275,51.858,52.078,52.135,51.452,51.785,51.781,51.710,52.198,291.315,52.033,51.541
3.575,51.670,51.713,181.143,52.032,52.078,51.654,52.021,51.621,51.919,51.254,51.402,291.315,52.065,51.835
3.580,53.356,52.713,181.254,53.673,53.497,53.026,53.498,53.061,53.223,53.163,53.255,162.195,53.490,53.442
3.585,53.712,53.039,181.196,52.978,53.544,53.880,53.483,53.281,52.782,53.481,53.155,162.195,53.005,53.221
3.590,53.482,53.223,181.239,53.309,53.200,53.531,53.145,53.090,53.547,53.350,53.190,162.195,52.961,53.585
3.595,52.888,53.068,181.193,53.696,53.210,53.706,52.804,53.000,53.353,53.505,53.242,162.195,53.773,53.301
3.600,54.207,54.708,181.225,55.060,54.376,55.537,55.021,55.058,54.512,54.585,54.800,18.493,54.169,54.711
3.605,54.465,54.158,181.159,54.576,55.011,54.939,54.562,54.626,54.353,55.083,55.154,18.493,54.437,54.378
3.610,54.472,54.552,181.293,54.874,54.995,0.000,54.915,55.199,55.174,54.511,54.710,18.493,54.601,54.485
3.615,54.142,54.725,181.265,54.993,54.540,0.000,55.160,54.814,54.838,54.847,54.742,18.493,54.749,54.640
3.620,55.762,56.618,181.272,55.928,56.099,56.776,56.413,56.254,56.133,56.666,56.288,45.483,55.702,56.226
3.625,55.762,56.299,181.211,56.665,56.661,56.732,56.445,56.410,56.092,56.017,56.552,45.483,56.481,56.126
3.630,56.094,56.194,181.126,56.691,56.284,56.401,56.266,55.966,56.902,56.352,55.832,45.483,56.652,56.715
3.635,56.702,56.087,181.113,55.850,56.471,56.815,55.937,56.081,56.404,56.325,56.175,45.483,55.891,56.116
3.640,58.360,57.850,181.213,57.741,58.071,0.000,58.140,57.830,57.848,58.383,58.529,305.074,58.161,57.462
3.645,57.539,57.681,181.163,57.630,57.836,57.953,58.001,58.179,57.351,57.594,57.949,305.074,58.071,58.129
3.650,57.706,58.060,181.272,57.441,57.764,57.655,57.801,57.809,57.799,57.466,57.735,305.074,57.430,57.973
3.655,57.430,57.671,181.244,57.651,58.051,58.343,57.829,57.559,58.241,57.506,58.244,305.074,57.788,58.289
3.660,58.957,59.646,181.200,58.962,59.934,59.448,59.618,59.663,59.089,59.397,59.496,185.796,59.218,59.689
3.665,59.422,59.245,181.209,59.717,59.204,59.944,59.215,59.481,60.012,59.519,59.594,185.796,59.458,59.143
3.670,59.456,58.989,181.246,59.597,59.751,59.742,59.530,59.525,59.469,59.433,60.040,185.796,59.514,59.193
3.675,59.250,59.000,181.122,58.988,59.087,60.109,59.625,59.000,59.016,59.385,59.852,185.796,59.526,59.763
3.680,61.265,61.357,181.211,60.667,61.009,60.770,61.321,60.778,61.323,60.754,61.129,146.731,60.982,61.108
3.685,60.974,60.902,181.117,61.343,60.597,61.181,60.664,61.121,60.683,61.096,61.254,146.731,60.655,61.851
3.690,61.400,60.929,181.221,60.959,61.097,61.040,60.656,60.508,61.452,60.929,61.576,146.731,61.014,61.024
3.695,60.921,61.854,181.228,61.520,61.386,61.338,61.123,61.378,61.022,60.933,61.661,146.731,61.302,61.340
3.700,62.993,62.386,181.129,62.610,62.723,63.150,62.730,62.760,63.191,62.195,62.617,141.610,62.962,62.474
3.705,62.675,62.731,181.093,62.667,62.925,62.649,62.965,62.318,62.969,62.455,62.232,141.610,63.019,62.946
3.710,62.773,62.326,181.080,62.806,62.519,62.576,62.562,62.607,62.996,62.850,62.792,141.610,62.702,62.847
3.715,62.922,62.551,181.191,62.461,62.902,62.403,62.782,62.622,62.974,63.083,62.816,141.610,62.717,62.532
3.720,64.026,64.594,181.140,64.343,64.572,65.064,64.628,64.154,64.773,64.702,64.626,99.609,64.040,64.643
3.725,64.204,64.341,181.251,64.574,64.392,0.000,64.288,64.771,64.664,64.521,64.644,99.609,64.732,64.207
3.730,64.405,65.011,181.242,65.221,64.458,64.794,64.582,64.318,64.509,64.152,64.258,99.609,64.587,64.021
3.735,64.343,64.147,181.225,64.367,64.022,64.372,64.867,64.530,64.415,64.436,64.883,99.609,65.025,64.070
3.740,66.221,65.940,181.244,66.252,65.922,66.023,66.415,66.711,66.583,66.446,66.492,292.620,66.194,66.143
3.745,65.901,65.723,181.231,65.862,65.943,66.079,66.210,66.351,65.686,66.425,65.660,292.620,66.374,66.448
3.750,65.745,66.156,181.197,66.108,66.456,66.060,66.442,65.797,65.954,66.565,66.138,292.620,66.256,66.479
3.755,66.111,65.915,181.123,65.887,66.162,66.197,66.307,66.183,66.195,66.066,66.417,292.620,66.244,66.346
3.760,67.971,67.848,181.228,67.637,67.886,67.994,68.252,68.002,67.688,68.126,67.881,43.734,67.490,68.242
3.765,67.643,67.644,181.259,67.659,68.111,68.037,68.070,67.255,67.609,68.193,67.778,43.734,68.292,67.894
3.770,68.249,68.030,181.188,67.576,68.594,68.027,67.894,67.581,68.442,68.375,68.152,43.734,67.320,67.735
3.775,68.093,67.694,181.233,68.183,68.323,67.742,67.667,67.922,68.351,67.987,67.727,43.734,68.015,68.151
3.780,69.904,69.683,181.275,69.863,70.009,69.644,69.665,69.091,69.900,69.667,68.657,241.184,69.496,69.579
3.785,69.885,69.619,181.201,69.201,69.415,70.158,69.361,69.920,69.502,69.630,69.502,241.184,69.710,69.296
3.790,69.394,69.430,181.111,70.056,69.910,69.080,69.475,70.196,69.530,69.397,69.698,241.184,69.678,69.253
3.795,70.291,69.660,181.202,69.807,69.334,69.751,69.672,69.619,69.181,69.565,69.598,241.184,69.720,69.784
3.800,71.225,71.440,181.252,71.355,71.740,71.203,71.946,71.414,71.463,71.119,71.742,45.920,71.275,71.593
3.805,71.555,71.600,181.208,71.097,70.832,71.046,71.150,71.212,71.279,71.612,71.695,45.920,72.003,71.429
3.810,71.662,70.841,181.203,71.486,71.524,71.530,71.362,71.529,71.894,71.772,71.507,45.920,72.150,70.992
3.815,71.547,71.895,181.163,71.572,70.837,71.489,71.078,71.952,71.635,71.372,71.347,45.920,71.542,71.510
3.820,73.307,73.284,181.141,72.826,73.350,73.135,73.507,73.314,73.041,73.144,73.531,114.176,73.978,73.002
3.825,73.010,73.376,181.184,72.760,73.118,73.179,73.288,73.460,73.414,73.268,73.057,114.176,73.488,73.180
3.830,73.136,73.408,181.185,73.632,73.480,73.454,73.565,73.186,73.419,73.517,73.571,114.176,73.484,73.701
3.835,73.267,72.831,181.270,72.979,73.341,73.031,73.486,73.671,73.037,73.380,73.304,114.176,73.385,73.719
3.840,75.468,75.289,181.227,75.172,74.747,75.406,75.102,75.137,75.373,75.218,75.620,77.260,75.292,75.604
3.845,74.881,75.156,181.246,74.875,74.748,74.912,74.923,75.031,75.100,74.957,75.291,77.260,74.256,74.607
3.850,75.287,74.918,181.241,74.881,74.783,75.018,75.122,75.098,75.138,75.056,74.730,77.260,74.922,74.972
3.855,75.214,75.316,181.219,75.404,75.365,74.763,75.127,75.518,75.305,75.580,75.589,77.260,74.704,75.268
3.860,76.944,76.824,181.155,76.669,76.856,77.155,76.757,76.774,76.865,76.737,76.844,242.451,76.887,76.959
3.865,76.755,76.596,181.224,77.404,76.997,77.077,77.777,76.493,77.007,76.774,76.896,242.451,76.790,77.014
3.870,76.880,77.169,181.302,77.119,76.701,76.829,77.416,76.992,76.790,77.178,76.895,242.451,76.830,76.569
3.875,76.405,77.140,181.205,77.552,76.816,76.815,76.580,77.020,76.582,76.582,77.135,242.451,76.546,77.195
3.880,78.804,78.850,181.168,78.756,79.071,78.961,79.249,78.714,78.376,79.010,78.493,161.717,78.378,78.599
3.885,78.871,78.710,181.203,78.730,78.536,78.746,78.657,78.381,78.625,79.223,78.403,161.717,78.368,78.732
3.890,78.620,79.234,181.224,78.738,79.216,78.908,78.899,78.587,78.182,78.946,78.616,161.717,78.786,78.533
3.895,78.935,78.577,181.187,78.871,79.075,0.000,78.531,78.643,78.252,79.276,78.109,161.717,79.238,78.608
3.900,80.730,80.676,181.198,81.111,80.537,81.131,80.745,80.377,80.224,80.680,80.532,89.797,80.816,80.646
3.905,80.419,80.556,181.127,80.266,80.421,80.546,80.459,80.788,80.619,80.880,80.805,89.797,80.531,80.838
3.910,80.889,80.552,181.187,81.222,80.814,80.647,80.462,80.703,81.109,80.056,80.207,89.797,80.916,80.476
3.915,80.479,80.755,181.136,80.712,79.939,80.528,81.340,80.571,81.152,80.301,80.910,89.797,80.242,80.991
3.920,83.229,82.182,181.239,82.368,82.179,82.510,82.295,82.474,82.411,82.817,82.763,230.466,82.785,82.484
3.925,82.198,82.630,181.277,82.353,82.710,82.110,82.255,82.319,82.641,81.902,82.551,230.466,82.348,82.278
3.930,82.264,82.561,181.185,82.787,82.908,82.221,83.149,82.519,82.548,82.489,82.781,230.466,82.948,82.707
3.935,82.316,82.377,181.196,82.691,82.253,82.869,82.120,82.292,82.319,82.519,82.570,230.466,82.099,82.639
3.940,84.452,84.134,181.113,84.580,84.082,84.676,84.570,84.673,84.129,84.248,84.413,70.106,84.670,84.049
3.945,84.728,83.938,181.310,84.445,84.457,84.577,84.892,84.224,84.775,85.015,84.182,70.106,84.361,84.792
3.950,84.408,84.379,181.135,84.768,84.249,84.028,84.845,84.291,84.746,83.940,84.411,70.106,84.572,84.372
3.955,84.260,84.864,181.240,84.492,84.583,84.396,84.255,84.155,84.066,84.071,83.747,70.106,84.365,84.146
3.960,86.829,86.042,181.210,86.108,85.899,86.200,86.027,86.257,86.237,85.921,87.019,165.852,85.797,85.862
3.965,86.565,85.952,181.202,86.377,86.283,85.898,86.400,86.444,86.084,86.342,85.982,165.852,85.700,86.675
3.970,86.175,86.029,181.136,86.311,86.026,86.223,86.482,86.598,85.655,86.449,86.212,165.852,85.721,86.381
3.975,86.224,86.313,181.190,86.304,86.309,86.550,85.956,86.682,85.766,85.780,86.211,165.852,86.516,86.424
3.980,87.681,88.265,181.180,88.495,88.440,87.755,87.855,88.621,88.475,87.781,88.265,35.649,88.121,87.776
3.985,88.151,88.222,181.186,88.193,88.496,88.256,87.745,88.389,88.126,88.166,88.164,35.649,88.640,88.508
3.990,88.655,88.100,181.168,87.762,88.249,88.054,87.936,88.181,88.339,87.810,88.085,35.649,88.015,88.084
3.995,87.789,87.746,181.168,87.686,88.238,87.971,88.136,88.421,88.487,88.065,87.683,35.649,88.302,88.046
4.000,89.598,90.309,181.235,89.730,90.441,89.812,89.526,90.007,90.115,89.344,89.939,186.019,89.767,90.015
4.005,90.062,89.900,181.247,89.638,89.612,89.983,89.846,90.429,90.216,90.283,89.875,186.019,89.939,89.566
4.010,89.304,90.119,181.166,89.834,89.970,89.932,89.849,90.173,89.590,90.421,89.655,186.019,89.902,89.652
4.015,90.437,90.027,181.135,89.870,90.477,89.833,90.222,89.808,89.648,90.033,89.795,186.019,89.947,89.775
4.020,91.451,91.887,181.240,92.404,91.776,91.687,91.501,91.966,91.672,92.098,91.802,36.729,91.961,92.273
4.025,91.686,92.130,181.223,92.094,91.897,91.421,91.844,91.325,91.959,91.581,91.579,36.729,91.844,91.996
4.030,91.854,91.930,181.176,92.281,91.572,91.709,92.375,91.703,92.042,92.018,91.994,36.729,92.417,92.216
4.035,92.260,92.515,181.305,91.907,92.106,91.530,91.937,92.158,91.862,92.344,92.367,36.729,92.383,92.251
4.040,93.900,94.213,181.208,93.696,93.706,93.861,93.919,93.977,93.562,93.142,93.372,254.392,93.532,93.700
4.045,93.211,94.045,181.104,93.244,94.102,93.587,93.552,93.577,93.692,93.709,94.299,254.392,94.089,93.380
4.050,93.272,93.692,181.275,93.633,93.762,93.555,94.305,93.589,93.553,94.028,94.114,254.392,93.521,93.588
4.055,93.838,94.018,181.180,93.990,93.639,93.738,93.484,94.182,93.776,93.834,93.698,254.392,94.304,93.694
4.060,95.026,95.759,181.239,95.353,95.352,95.807,95.537,95.610,95.796,95.854,95.175,78.987,95.867,95.729
4.065,95.564,95.872,181.203,95.985,95.287,96.066,95.629,95.624,95.343,95.308,95.009,78.987,95.797,95.644
4.070,95.403,95.680,181.254,95.892,95.721,96.266,95.722,95.838,95.665,95.897,96.040,78.987,95.622,95.273
4.075,95.889,95.350,181.135,95.648,95.244,95.795,95.597,95.131,95.912,96.313,95.657,78.987,95.168,95.667
4.080,97.882,97.241,181.140,97.506,97.499,97.704,97.245,97.656,97.741,97.712,97.704,224.929,97.855,97.506
4.085,96.766,97.510,181.189,97.941,97.429,97.740,97.584,97.230,97.724,97.521,97.737,224.929,97.593,97.437
4.090,97.648,97.789,181.233,97.408,97.541,0.000,98.343,97.339,96.943,97.587,96.899,224.929,97.613,97.515
4.095,97.710,97.509,181.208,97.404,97.795,97.689,97.398,97.562,97.258,97.871,97.467,224.929,97.183,97.842
4.100,99.153,99.217,181.237,99.281,99.028,99.653,99.639,99.418,99.779,99.666,99.191,57.835,99.078,99.989
4.105,99.202,99.343,181.234,98.959,98.868,99.665,99.942,99.429,99.682,99.264,99.420,57.835,99.358,99.016
4.110,99.021,99.597,181.226,99.253,99.414,99.099,98.971,99.215,98.762,99.136,99.567,57.835,99.344,99.370
4.115,99.276,99.252,181.325,99.041,99.187,99.197,99.112,99.759,99.118,99.327,99.286,57.835,99.510,99.113
4.120,101.358,101.097,181.237,101.577,101.328,101.195,101.292,101.398,100.976,101.365,101.745,207.802,100.891,100.823
4.125,101.637,101.285,181.240,101.235,101.177,101.404,101.584,100.608,101.263,101.541,101.134,207.802,101.483,101.289
4.130,101.666,101.450,181.206,100.751,101.352,100.587,101.222,101.689,101.556,101.084,101.836,207.802,100.931,100.818
4.135,101.149,100.890,181.206,101.613,101.063,101.283,101.364,101.033,100.755,100.921,101.457,207.802,101.176,100.923
4.140,102.830,102.981,181.211,102.939,102.954,103.169,102.944,103.217,103.272,103.062,103.422,341.708,103.404,103.336
4.145,103.378,103.094,181.257,102.937,103.064,103.712,103.535,102.171,103.091,103.447,103.238,341.708,102.944,102.719
4.150,102.250,102.967,181.178,102.947,103.068,102.578,103.098,102.830,102.947,102.746,102.859,341.708,103.227,102.960
4.155,102.657,103.251,181.126,102.714,103.908,102.967,103.488,102.430,103.044,103.094,102.216,341.708,103.136,102.568
4.160,105.103,105.184,181.244,104.810,104.982,104.696,105.179,104.430,104.972,105.178,104.692,152.334,104.861,104.645
4.165,105.578,104.706,181.212,105.085,104.516,105.347,104.609,104.949,105.091,105.741,104.875,152.334,105.344,105.029
4.170,104.675,105.650,181.217,104.508,105.136,104.913,104.826,105.056,104.990,105.146,104.338,152.334,104.875,105.027
4.175,104.940,105.047,181.200,104.844,104.899,105.559,104.682,104.781,105.190,104.099,105.164,152.334,105.174,105.515
4.180,106.393,107.223,181.262,106.524,106.914,106.433,106.542,106.828,106.810,106.697,106.651,303.172,106.717,106.289
4.185,106.706,106.975,181.188,106.889,107.068,106.860,107.069,107.026,106.472,106.728,106.145,303.172,107.224,107.104
4.190,106.705,106.202,181.313,106.724,106.497,107.049,106.514,106.309,106.586,106.939,106.813,303.172,106.756,106.882
4.195,106.502,106.369,181.177,106.005,107.008,106.950,106.803,107.188,106.789,106.990,106.769,303.172,106.625,106.311
4.200,108.648,108.629,181.156,108.658,108.266,109.212,108.173,108.343,108.603,108.834,108.442,115.345,108.012,108.781
4.205,108.480,108.706,181.172,108.729,108.850,0.000,108.558,108.663,108.704,108.131,108.449,115.345,108.528,108.927
4.210,108.683,108.733,181.338,108.203,108.094,108.316,108.578,109.007,108.609,108.815,108.651,115.345,108.253,108.463
4.215,108.471,107.959,181.278,108.365,108.643,108.808,108.969,107.966,108.719,108.883,108.199,115.345,108.399,108.428
4.220,109.954,110.141,181.297,110.234,110.331,110.541,110.552,109.969,110.213,110.897,110.411,59.650,110.263,110.582
4.225,110.358,110.475,181.232,110.200,110.235,110.063,110.116,110.371,110.399,110.520,109.985,59.650,110.476,110.099
4.230,110.574,110.713,181.183,110.087,110.184,110.057,110.101,110.721,110.065,109.976,110.579,59.650,110.790,110.563
4.235,110.081,110.489,181.164,110.834,110.350,110.087,110.248,110.537,110.117,110.630,110.126,59.650,109.912,110.160
4.240,112.483,111.680,181.275,111.925,111.990,112.100,111.857,111.677,111.879,112.534,112.103,219.850,112.213,112.809
4.245,112.217,111.929,181.123,112.003,112.639,112.091,112.008,111.830,111.913,111.736,111.727,219.850,112.303,112.311
4.250,111.974,111.994,181.242,112.062,112.169,112.256,112.113,112.216,111.802,112.103,112.361,219.850,112.017,112.103
4.255,112.093,111.966,181.273,112.071,111.969,111.389,112.250,112.180,112.049,111.728,111.848,219.850,111.562,111.992
4.260,113.698,114.145,181.151,114.370,113.590,114.095,113.746,113.692,114.223,114.361,113.190,181.346,112.990,113.696
4.265,113.554,114.186,181.266,114.067,113.260,113.927,113.868,113.639,113.472,114.201,113.580,181.346,114.029,113.985
4.270,114.100,114.220,181.233,114.388,114.201,113.552,114.181,113.455,113.805,113.834,113.449,181.346,113.525,114.027
4.275,114.096,113.505,181.281,113.644,114.187,113.759,114.262,113.762,113.975,112.981,114.093,181.346,113.751,113.570
4.280,115.407,115.174,181.221,115.869,115.657,0.000,115.608,116.127,115.191,115.653,116.181,175.896,115.626,115.829
4.285,115.488,115.098,181.137,115.627,115.545,115.557,115.516,116.033,115.738,115.352,116.001,175.896,115.304,115.672
4.290,115.481,115.474,181.160,115.706,115.721,115.764,115.993,115.795,115.226,115.572,115.396,175.896,115.491,115.562
4.295,115.753,115.579,181.110,115.048,115.950,115.162,115.596,115.604,114.763,115.756,115.375,175.896,115.724,115.429
4.300,117.677,116.830,181.107,117.084,117.715,116.794,117.829,117.766,117.578,116.787,117.243,64.229,117.593,117.318
4.305,117.039,117.322,181.128,117.204,117.117,116.665,117.113,116.956,117.671,117.792,117.071,64.229,117.133,117.439
4.310,117.330,117.316,181.105,117.099,117.257,117.448,117.574,117.479,117.656,117.084,117.131,64.229,116.930,117.165
4.315,117.232,117.181,181.189,117.337,116.779,117.410,117.488,117.372,117.546,117.409,116.944,64.229,117.474,117.319
4.320,119.072,119.044,181.199,119.052,118.858,0.000,119.542,119.033,118.680,118.575,118.856,209.648,119.257,119.202
4.325,119.338,118.610,181.158,119.116,119.376,118.546,118.445,118.884,118.056,119.084,118.943,209.648,118.602,118.713
4.330,118.642,118.586,181.234,119.001,119.222,119.365,118.907,118.835,119.172,118.613,118.842,209.648,118.895,119.571
4.335,118.287,119.345,181.175,118.556,118.980,119.104,118.536,118.927,119.475,118.027,119.631,209.648,118.912,118.696
4.340,120.492,120.432,181.224,120.709,120.647,120.871,120.756,120.604,120.100,121.314,120.232,156.505,120.733,120.591
4.345,120.062,120.837,181.246,120.240,120.364,120.646,120.447,120.340,120.618,120.618,120.947,156.505,120.460,120.575
4.350,121.045,120.348,181.202,120.839,120.308,121.164,120.568,120.862,120.134,120.521,120.471,156.505,120.357,120.871
4.355,120.334,119.864,181.215,120.221,121.140,120.449,120.431,121.056,120.467,120.254,120.460,156.505,121.022,120.709
4.360,122.067,122.313,181.222,122.394,121.817,122.496,122.110,122.242,121.638,121.609,122.185,87.746,121.590,122.033
4.365,122.225,121.780,181.174,121.385,122.122,122.173,121.700,121.902,122.249,121.830,122.197,87.746,121.999,122.123
4.370,122.214,121.889,181.166,122.558,122.287,0.000,122.213,121.557,122.046,122.370,122.457,87.746,122.131,122.032
4.375,122.026,122.413,181.210,122.165,122.264,122.340,122.373,122.358,122.292,122.349,122.017,87.746,122.544,121.728
4.380,123.728,123.268,181.198,123.849,123.421,123.566,123.780,123.999,123.976,123.774,124.068,25.918,123.139,123.268
4.385,124.013,123.645,181.232,123.593,123.786,123.609,123.872,123.910,123.705,123.222,124.120,25.918,123.949,123.767
4.390,123.636,124.068,181.148,123.608,123.710,124.587,123.695,123.672,123.604,123.450,123.871,25.918,124.212,123.708
4.395,124.285,124.333,181.203,123.515,124.024,124.000,123.602,124.005,123.754,123.232,123.598,25.918,123.141,123.547
4.400,125.378,124.974,181.186,125.517,124.826,124.910,126.106,125.626,125.485,125.172,125.230,55.532,125.005,125.550
4.405,124.565,125.317,181.121,125.184,124.856,125.004,125.305,125.350,125.227,125.254,124.902,55.532,125.005,125.716
4.410,125.540,125.070,181.261,125.161,125.631,125.172,125.245,125.361,125.160,124.967,125.587,55.532,125.342,125.208
4.415,124.745,125.637,181.070,125.070,124.918,125.189,125.405,125.407,125.420,125.021,125.222,55.532,125.435,125.376
4.420,126.881,126.629,181.206,126.312,126.624,127.310,127.097,126.798,126.959,127.001,126.954,198.123,126.920,126.706
4.425,127.458,127.176,181.153,126.477,126.679,127.238,126.385,127.068,126.601,126.002,126.673,198.123,126.740,126.659
4.430,127.104,126.402,181.242,126.678,126.318,126.190,126.834,126.430,126.760,126.973,126.769,198.123,126.984,126.412
4.435,126.441,127.011,181.160,126.382,126.844,126.497,127.149,126.619,126.783,126.993,126.831,198.123,126.996,126.804
4.440,128.008,128.693,181.181,128.653,128.293,128.511,128.464,128.125,128.482,128.440,127.932,115.146,128.428,128.303
4.445,128.258,128.447,181.265,128.018,127.961,128.430,127.850,128.832,128.546,127.913,128.395,115.146,128.394,128.045
4.450,128.689,128.252,181.185,128.217,128.147,128.465,128.032,128.098,128.318,127.808,127.958,115.146,128.096,128.469
4.455,128.033,128.098,181.220,128.318,128.255,128.491,128.551,128.316,128.455,127.991,128.455,115.146,128.710,128.657
4.460,130.019,129.283,181.200,129.300,129.468,129.293,129.627,129.676,129.542,129.512,129.372,340.690,129.513,129.816
4.465,129.779,129.966,181.255,129.802,130.060,129.762,129.662,129.323,130.054,129.709,129.619,340.690,130.142,130.056
4.470,129.656,129.961,181.147,129.548,129.267,129.970,129.795,129.566,129.933,129.488,129.649,340.690,129.016,129.518
4.475,129.637,129.784,181.249,129.694,129.770,130.089,129.834,129.580,129.745,129.108,129.657,340.690,129.298,129.721
4.480,131.586,130.694,181.226,130.984,131.095,131.026,131.266,130.857,131.257,130.850,131.168,111.677,130.739,131.597
4.485,130.628,130.802,181.263,131.066,130.657,131.053,130.769,130.982,131.398,131.096,131.298,111.677,131.302,131.610
4.490,130.740,131.029,181.124,131.303,130.685,130.996,130.894,131.527,131.203,130.997,131.092,111.677,130.911,131.179
4.495,131.351,131.584,181.143,131.115,131.087,0.000,130.940,131.482,131.144,131.301,131.079,111.677,130.898,131.270
4.500,132.733,132.987,181.148,132.363,132.528,132.164,131.887,132.181,131.859,132.581,132.460,167.987,132.298,132.094
4.505,132.044,132.716,181.232,133.057,131.674,132.164,132.381,132.357,132.269,132.125,132.022,167.987,132.172,132.379
4.510,132.158,131.997,181.176,132.437,132.276,132.462,132.612,132.831,132.959,132.516,132.156,167.987,132.455,131.954
4.515,132.088,131.803,181.292,132.492,133.106,132.344,132.466,132.171,132.735,132.781,132.574,167.987,132.357,132.189
4.520,133.911,133.740,181.193,133.705,133.721,134.222,134.076,133.928,134.032,133.578,133.954,73.482,133.948,133.701
4.525,133.548,133.867,181.236,133.837,133.710,133.551,133.673,133.615,133.410,133.782,133.716,73.482,133.620,134.200
4.530,134.174,134.225,181.169,133.352,133.666,133.224,133.382,134.094,133.210,133.530,133.890,73.482,133.888,133.380
4.535,133.977,133.459,181.197,134.084,133.820,133.651,133.541,133.949,133.950,133.317,133.327,73.482,133.602,134.259
4.540,135.094,135.330,181.285,135.521,135.163,0.000,135.433,135.359,135.147,135.389,135.362,263.835,134.987,135.005
4.545,135.075,134.891,181.184,134.723,135.076,135.299,135.277,134.726,134.741,134.922,134.717,263.835,135.162,134.649
4.550,135.177,135.163,181.105,135.343,135.115,135.296,134.528,135.111,134.821,134.744,135.059,263.835,134.846,135.548
4.555,135.268,134.819,181.263,135.198,134.687,135.479,134.614,134.638,135.323,134.397,135.168,263.835,135.496,134.164
4.560,136.242,136.061,181.090,136.198,136.464,135.582,137.056,136.818,136.192,136.333,136.297,296.275,136.267,136.468
4.565,136.315,136.028,181.195,135.860,136.486,136.264,135.798,136.461,136.438,136.483,135.643,296.275,136.490,136.342
4.570,136.474,136.146,181.241,135.821,136.547,135.554,135.998,136.133,136.196,136.010,136.160,296.275,135.920,135.728
4.575,136.217,135.913,181.147,136.261,136.532,136.428,136.393,136.627,136.468,136.502,136.373,296.275,136.310,136.061
4.580,137.716,137.132,181.276,137.931,137.328,137.106,137.091,137.396,137.545,137.782,137.662,121.550,137.437,137.602
4.585,137.375,137.466,181.218,137.759,137.756,136.945,137.363,137.130,137.178,137.928,137.303,121.550,136.893,137.066
4.590,137.185,137.007,181.187,137.896,137.188,137.438,137.909,137.466,136.910,136.847,137.599,121.550,137.128,137.405
4.595,137.472,137.272,181.268,137.139,137.303,0.000,137.341,137.038,137.629,136.994,137.329,121.550,137.314,137.298
4.600,139.044,138.337,181.218,138.338,138.507,138.630,138.084,139.052,138.317,138.844,138.645,47.365,138.848,138.726
4.605,138.997,138.439,181.276,138.412,138.057,138.680,138.594,138.470,138.625,138.367,138.103,47.365,138.236,138.551
4.610,138.066,138.879,181.148,138.998,138.883,0.000,138.240,138.806,139.069,138.342,138.705,47.365,138.527,138.633
4.615,138.639,138.298,181.242,138.276,138.780,138.441,138.805,138.044,138.482,139.061,138.546,47.365,138.507,138.564
4.620,139.481,140.100,181.147,139.375,139.416,139.489,139.835,139.454,139.747,138.771,139.647,284.458,139.825,139.565
4.625,139.531,139.045,181.135,139.810,140.030,139.582,139.403,139.677,139.503,139.487,139.464,284.458,139.623,139.565
4.630,139.525,139.331,181.228,139.603,140.052,139.936,139.717,139.236,139.937,139.947,140.049,284.458,139.155,139.947
4.635,139.559,139.821,181.093,139.254,139.481,139.924,139.732,139.645,139.515,139.257,140.031,284.458,139.638,139.705
4.640,140.505,139.908,181.323,140.960,140.574,140.636,140.327,140.635,140.735,140.797,140.908,93.914,140.589,140.446
4.645,140.579,140.571,181.166,140.035,140.378,140.544,140.743,140.843,140.493,140.649,140.199,93.914,140.494,140.056
4.650,140.728,140.778,181.210,140.545,141.074,140.855,140.180,141.479,141.035,140.749,140.803,93.914,140.726,140.812
4.655,140.300,140.214,181.156,140.624,140.444,140.793,140.664,140.644,140.626,140.619,140.448,93.914,140.347,140.824
4.660,141.275,142.079,181.168,141.451,141.859,141.546,141.211,141.665,142.393,142.322,141.732,282.167,141.911,141.312
4.665,141.309,142.196,181.141,141.604,141.337,141.352,141.050,141.964,141.680,141.740,141.757,282.167,141.734,141.425
4.670,141.305,141.657,181.233,141.758,141.879,141.964,141.622,141.759,141.937,141.820,141.560,282.167,141.751,141.670
4.675,141.823,141.645,181.259,141.308,142.264,141.904,141.546,142.039,141.433,141.617,141.579,282.167,141.385,142.127
4.680,142.246,142.819,181.159,142.689,142.371,142.369,142.634,142.969,142.774,142.699,141.935,23.709,142.348,142.466
4.685,142.554,142.873,181.112,142.416,142.882,143.077,142.778,142.602,142.735,142.519,142.360,23.709,143.043,142.728
4.690,142.597,142.441,181.231,142.471,142.283,142.721,142.602,141.887,142.251,142.530,142.689,23.709,142.878,142.570
4.695,142.793,142.454,181.204,142.333,142.615,142.571,142.183,142.748,142.379,142.509,142.806,23.709,142.491,142.492
4.700,143.469,144.079,181.203,143.414,143.365,143.758,143.434,142.946,143.582,143.130,143.635,281.851,143.414,142.946
4.705,143.777,143.534,181.234,143.371,143.522,143.350,143.741,143.451,143.530,143.409,143.946,281.851,143.944,143.620
4.710,143.443,143.411,181.193,143.427,143.692,142.984,143.479,143.415,143.338,143.462,143.235,281.851,143.827,143.689
4.715,143.535,143.199,181.168,143.149,143.660,143.680,143.479,142.740,143.904,143.947,143.342,281.851,143.619,143.683
4.720,144.517,143.398,181.220,144.238,144.070,144.212,144.207,144.051,144.582,144.378,144.338,148.681,143.931,144.460
4.725,143.852,144.244,181.227,144.272,144.102,144.053,144.144,144.128,144.079,143.615,144.439,148.681,144.442,144.633
4.730,144.406,144.307,181.201,144.755,144.031,144.157,143.812,144.009,143.725,144.157,143.928,148.681,143.977,144.656
4.735,144.743,144.267,181.214,144.421,144.479,143.645,143.828,144.270,144.048,143.952,144.165,148.681,144.513,143.966
4.740,145.099,145.006,181.324,144.952,145.246,145.166,145.011,145.165,145.182,145.292,145.215,305.281,144.831,145.253
4.745,144.992,145.311,181.229,145.279,144.907,145.435,144.934,144.459,145.009,145.240,145.317,305.281,144.947,145.071
4.750,145.636,145.152,181.161,145.270,145.204,145.109,145.256,145.055,145.133,144.955,145.125,305.281,145.549,144.962
4.755,145.097,145.123,181.221,144.987,145.246,145.618,144.811,145.242,145.120,144.777,145.258,305.281,145.223,145.119
4.760,146.157,145.729,181.101,145.656,145.876,145.768,146.296,146.104,145.814,146.219,145.737,27.895,146.693,145.845
4.765,145.074,145.681,181.216,146.360,145.706,145.626,146.183,145.290,145.890,145.742,145.882,27.895,145.601,145.919
4.770,145.818,145.820,181.201,145.800,145.966,146.132,146.039,145.911,145.803,145.551,145.445,27.895,145.294,145.462
4.775,145.636,145.575,181.182,145.914,146.063,145.380,146.194,145.212,145.858,145.219,146.031,27.895,145.440,145.915
4.780,146.568,146.798,181.131,146.156,146.584,146.091,146.600,146.688,146.286,146.828,147.090,224.326,146.854,146.097
4.785,146.808,146.536,181.200,146.419,146.347,146.158,146.777,146.013,146.261,146.367,146.585,224.326,145.970,146.384
4.790,146.408,146.454,181.210,145.965,146.832,147.073,146.648,146.550,146.499,146.299,147.226,224.326,146.433,146.626
4.795,146.386,147.069,181.293,146.466,146.455,146.534,146.241,146.160,146.038,147.105,146.765,224.326,146.404,146.833
4.800,146.217,147.309,181.220,147.241,147.374,147.281,147.379,147.122,146.900,147.351,146.737,94.355,147.061,147.497
4.805,147.300,146.715,181.255,146.657,146.541,147.338,146.727,147.082,147.613,146.778,147.112,94.355,146.994,147.124
4.810,147.463,146.805,181.207,146.764,146.801,147.295,147.095,147.629,147.325,146.797,147.550,94.355,147.218,147.300
4.815,147.109,147.039,181.219,147.035,147.173,147.001,147.058,147.282,146.687,146.970,146.808,94.355,147.642,146.690
4.820,147.475,147.469,181.194,147.795,147.208,147.829,147.456,147.984,147.688,146.947,147.921,88.382,147.638,147.647
4.825,147.728,148.016,181.195,147.628,148.021,147.598,147.325,147.594,147.691,147.268,148.158,88.382,147.762,147.801
4.830,147.929,147.850,181.166,147.283,147.461,147.376,147.627,147.501,147.522,147.647,147.311,88.382,147.729,147.124
4.835,147.812,147.890,181.149,147.374,147.494,147.184,147.754,147.183,147.420,147.349,147.770,88.382,147.311,147.329
4.840,148.740,148.443,181.202,148.048,148.265,148.423,147.825,147.921,148.555,148.839,148.395,96.118,148.509,148.597
4.845,147.948,148.394,181.221,148.136,148.250,148.381,147.554,148.229,148.055,148.006,148.212,96.118,148.063,148.479
4.850,147.708,147.572,181.184,147.906,147.958,147.560,148.544,148.231,148.189,148.230,148.414,96.118,147.937,148.211
4.855,148.263,147.699,181.166,147.865,148.054,147.796,147.771,148.422,148.392,148.581,148.137,96.118,148.203,147.492
4.860,148.937,148.251,181.180,148.596,148.634,148.506,148.740,148.468,148.420,148.098,148.855,313.379,148.998,148.557
4.865,148.419,148.714,181.270,148.682,148.770,149.089,147.855,148.028,148.027,148.269,148.583,313.379,148.109,148.645
4.870,148.557,148.625,181.257,148.535,148.649,148.658,148.285,148.678,148.776,149.056,148.515,313.379,148.468,148.364
4.875,148.363,149.114,181.113,148.376,148.872,148.563,148.424,148.469,148.860,148.960,149.205,313.379,148.318,148.215
4.880,148.561,149.330,181.251,148.321,149.096,149.069,149.372,148.409,149.283,148.450,149.137,28.965,148.861,148.621
4.885,148.717,149.350,181.239,148.959,148.374,148.224,149.117,148.936,148.929,148.856,149.089,28.965,148.935,148.342
4.890,148.317,148.739,181.215,148.939,149.186,148.614,148.738,149.204,148.861,148.554,148.813,28.965,148.966,149.233
4.895,149.019,148.919,181.208,148.776,149.106,148.371,148.761,148.955,148.828,148.854,148.935,28.965,149.142,149.212
4.900,149.400,149.565,181.122,148.885,149.171,149.282,149.287,149.071,149.160,149.092,148.558,110.260,149.039,149.024
4.905,149.527,148.931,181.151,149.167,149.003,149.343,149.412,149.407,149.548,149.407,149.284,110.260,149.821,149.260
4.910,149.012,149.060,181.216,149.856,148.871,148.686,149.124,149.240,149.011,149.307,149.586,110.260,149.547,149.459
4.915,149.069,149.813,181.182,148.743,149.084,149.326,149.432,149.078,148.981,149.500,149.315,110.260,149.293,148.926
4.920,149.022,150.175,181.243,149.213,149.515,149.792,149.015,149.456,149.129,149.395,149.368,153.023,149.155,149.196
4.925,149.088,148.995,181.159,149.574,149.734,149.621,149.573,150.047,149.319,149.016,149.444,153.023,149.641,149.519
4.930,149.792,149.509,181.251,149.109,149.264,0.000,149.342,149.500,149.412,149.307,148.838,153.023,149.460,149.266
4.935,150.372,149.160,181.160,149.311,149.460,149.762,149.348,148.935,149.756,149.831,149.842,153.023,149.658,149.211
4.940,149.415,149.126,181.119,149.750,150.208,150.344,149.802,149.188,149.776,149.750,150.016,192.955,149.584,149.204
4.945,149.613,149.475,181.274,149.582,149.506,149.285,149.518,149.515,149.401,149.218,150.029,192.955,150.113,148.783
4.950,150.011,149.894,181.207,149.590,149.600,150.005,149.587,150.113,149.135,149.717,149.694,192.955,149.753,149.883
4.955,149.523,149.924,181.135,149.673,150.251,149.817,149.966,149.399,149.656,149.401,149.605,192.955,149.720,150.346
4.960,150.054,149.956,181.287,149.591,149.284,0.000,150.124,150.315,150.230,149.669,149.798,243.847,149.619,149.941
4.965,149.789,150.271,181.242,150.115,150.077,150.285,150.381,150.069,150.343,149.876,150.110,243.847,149.624,150.116
4.970,149.790,149.620,181.208,149.596,149.503,150.290,149.569,149.992,149.905,150.050,149.704,243.847,150.009,149.385
4.975,150.151,149.794,181.086,149.603,149.929,149.632,150.303,149.639,149.858,149.568,149.848,243.847,150.251,149.613
4.980,149.892,150.419,181.243,149.848,149.651,150.381,150.022,149.870,149.774,149.882,150.097,121.912,150.031,149.763
4.985,149.588,150.191,181.160,149.862,149.862,149.944,149.872,150.101,149.473,149.601,149.985,121.912,150.205,150.268
4.990,150.216,149.719,181.212,150.217,149.735,150.074,149.787,150.334,150.122,149.875,149.988,121.912,149.732,149.972
4.995,149.976,149.586,181.187,150.052,150.006,150.426,150.480,150.057,150.513,150.351,150.290,121.912,149.899,150.073
5.000,149.832,150.002,181.213,149.901,150.248,150.020,150.236,149.214,149.630,149.613,149.446,269.215,149.083,150.235
5.005,149.757,150.048,181.224,149.840,150.351,150.285,150.289,150.162,149.975,149.758,150.455,269.215,149.781,150.600
5.010,150.172,150.086,181.209,149.679,149.973,150.112,150.522,150.136,149.680,149.458,149.611,269.215,150.128,150.179
5.015,149.782,149.939,181.102,150.251,149.741,150.296,149.651,150.136,150.628,149.909,150.541,269.215,149.764,149.692
5.020,150.005,149.992,181.171,149.718,149.436,149.799,150.209,150.044,149.517,150.156,149.912,336.496,150.261,149.931
5.025,150.269,149.767,181.175,150.235,149.946,150.083,150.094,149.953,149.797,150.193,149.469,336.496,150.287,150.316
5.030,149.936,149.939,181.210,149.526,149.559,150.537,150.371,150.420,149.372,149.687,149.699,336.496,149.795,149.931
5.035,150.296,149.759,181.141,150.102,150.280,150.260,149.917,149.767,149.542,149.696,150.303,336.496,150.162,149.816
5.040,149.466,149.483,181.174,149.729,149.868,149.776,150.160,150.259,149.903,149.827,149.846,68.506,149.720,149.495
5.045,150.063,149.903,181.191,149.479,149.608,150.018,149.881,150.228,149.615,150.409,150.158,68.506,149.926,149.579
5.050,150.040,149.623,181.249,149.129,149.496,150.164,150.273,150.191,150.150,149.800,149.763,68.506,149.362,149.738
5.055,150.443,149.624,181.235,149.919,149.428,149.782,149.980,150.010,150.003,149.788,150.052,68.506,149.817,149.731
5.060,149.739,149.892,181.170,149.949,150.083,149.869,149.575,149.601,149.660,150.138,149.298,14.909,149.927,149.948
5.065,150.001,149.824,181.272,149.731,149.887,150.042,149.806,149.858,149.727,149.477,149.671,14.909,149.745,149.719
5.070,149.685,150.293,181.342,149.223,149.678,149.255,149.724,149.759,149.597,149.992,149.949,14.909,149.738,149.739
5.075,149.414,150.240,181.204,150.269,149.502,149.732,149.727,149.574,149.931,149.319,149.369,14.909,149.203,149.923
5.080,149.262,149.403,181.233,149.388,149.621,149.289,149.328,149.431,149.189,149.495,149.438,138.303,149.576,149.464
5.085,149.314,149.430,181.249,149.256,149.643,149.831,149.635,149.881,149.740,149.401,149.286,138.303,149.958,149.714
5.090,149.759,149.313,181.143,149.660,149.344,149.442,149.510,149.348,149.849,149.999,149.410,138.303,149.912,149.306
5.095,149.292,149.097,181.178,149.272,149.432,149.571,149.603,149.545,149.229,149.487,149.404,138.303,149.709,149.984
5.100,149.273,149.722,181.273,149.665,149.197,149.295,149.519,149.060,149.068,149.623,149.711,76.766,149.251,148.985
5.105,149.531,149.454,181.182,149.256,149.051,148.819,149.116,149.271,149.236,149.579,149.238,76.766,149.014,149.270
5.110,149.633,149.077,181.176,149.164,149.177,149.031,149.550,149.527,148.865,149.563,149.243,76.766,149.412,149.333
5.115,149.542,149.794,181.235,149.259,149.495,149.607,149.332,148.812,149.245,149.188,148.467,76.766,149.324,149.399
5.120,149.385,149.135,181.234,148.779,148.772,149.455,149.196,149.381,148.531,149.250,148.760,9.741,148.730,148.646
5.125,148.597,149.162,181.194,148.959,149.212,148.774,148.943,148.608,148.544,148.877,148.174,9.741,148.736,148.980
5.130,148.790,148.791,181.226,149.427,149.400,148.617,148.389,148.441,149.177,148.603,149.381,9.741,148.938,148.589
5.135,149.032,148.200,181.211,149.281,148.341,149.364,149.107,149.060,149.368,148.873,148.942,9.741,148.973,148.560
5.140,148.889,148.744,181.085,148.881,148.877,148.812,149.136,148.764,148.536,148.695,148.747,163.634,148.185,148.592
5.145,148.706,148.316,181.249,148.782,148.474,148.499,149.178,148.556,148.471,148.232,148.249,163.634,148.671,148.151
5.150,148.325,148.092,181.314,148.544,147.995,148.644,148.911,148.598,148.417,148.359,148.851,163.634,148.052,149.295
5.155,148.498,148.714,181.241,149.006,148.338,148.572,148.929,148.640,149.216,148.017,148.546,163.634,148.884,147.926
5.160,147.620,148.284,181.118,148.179,148.274,148.407,148.178,148.132,148.312,148.245,148.376,145.457,147.866,147.746
5.165,148.357,147.817,181.245,148.442,148.182,147.736,147.536,148.156,148.027,148.455,148.072,145.457,148.159,148.508
5.170,147.579,148.092,181.253,148.151,148.190,148.201,147.856,148.133,148.509,147.709,148.060,145.457,148.335,148.011
5.175,148.180,148.253,181.152,147.941,148.026,148.253,147.817,147.794,148.002,147.876,148.052,145.457,148.069,148.614
5.180,147.941,147.617,181.253,147.243,147.726,147.916,147.237,147.302,147.372,147.996,147.785,238.277,147.619,147.224
5.185,147.889,147.432,181.192,147.792,147.617,147.613,147.512,147.590,147.856,147.099,147.219,238.277,148.015,147.725
5.190,147.134,148.064,181.234,147.273,147.702,0.000,147.976,147.454,147.860,147.560,147.487,238.277,147.490,147.779
5.195,147.682,147.520,181.202,147.620,147.237,147.840,147.948,147.967,147.534,147.627,148.348,238.277,147.350,147.642
5.200,146.959,147.409,181.256,147.372,147.756,147.101,146.856,147.302,146.805,147.086,146.377,192.040,147.322,146.832
5.205,146.974,147.031,181.218,147.188,147.270,146.348,146.874,147.282,146.905,147.312,146.954,192.040,147.089,147.144
5.210,147.556,146.962,181.164,146.887,146.773,146.921,147.004,147.837,147.258,146.975,147.333,192.040,146.494,147.096
5.215,147.150,147.444,181.152,147.075,146.804,147.190,147.320,146.811,146.642,146.721,147.391,192.040,146.873,146.510
5.220,146.023,146.250,181.070,146.991,146.264,147.220,146.257,146.342,146.417,146.641,146.857,69.999,146.475,145.953
5.225,146.129,146.555,181.183,146.379,147.023,145.631,147.052,146.470,146.587,145.552,146.666,69.999,146.365,146.548
5.230,146.666,146.606,181.123,146.770,146.349,146.471,146.397,146.138,145.865,146.070,146.543,69.999,146.315,146.104
5.235,146.520,146.793,181.187,146.628,146.544,146.609,145.948,146.464,146.804,146.374,145.807,69.999,146.197,146.200
5.240,145.446,145.763,181.256,146.243,146.395,146.350,145.851,145.645,146.214,144.889,145.830,70.284,145.743,145.757
5.245,145.283,145.306,181.265,145.745,145.909,145.309,145.546,145.548,145.517,145.303,145.930,70.284,146.175,146.356
5.250,145.619,145.257,181.181,146.140,145.600,146.244,145.640,145.800,145.869,145.600,146.122,70.284,145.448,145.267
5.255,145.653,145.235,181.200,145.860,145.747,145.924,146.243,145.575,145.517,145.724,146.093,70.284,146.108,145.497
5.260,145.309,144.704,181.234,145.268,144.962,145.426,145.466,144.878,144.954,144.864,144.592,35.762,144.541,145.509
5.265,144.880,145.014,181.136,144.777,144.713,145.498,145.668,144.544,145.579,145.262,145.780,35.762,145.274,144.792
5.270,145.264,144.956,181.103,144.895,145.426,145.031,145.278,145.174,145.319,144.776,145.054,35.762,145.155,145.343
5.275,145.426,144.900,181.255,144.959,145.443,145.303,144.717,144.735,144.804,145.211,145.834,35.762,144.588,145.012
5.280,143.806,144.242,181.261,144.298,143.818,144.477,144.120,144.252,144.298,144.177,143.753,93.955,144.272,143.721
5.285,144.110,144.048,181.263,144.301,144.272,144.058,144.571,144.042,144.350,144.498,144.443,93.955,143.719,143.813
5.290,144.751,144.258,181.188,144.179,144.353,144.526,144.546,144.391,144.325,143.918,144.539,93.955,144.626,144.173
5.295,144.151,144.304,181.167,144.478,144.480,144.524,144.322,144.139,144.205,144.497,143.932,93.955,144.094,144.633
5.300,143.451,144.101,181.097,143.321,142.951,142.710,143.902,143.586,142.687,143.610,143.510,178.937,143.240,142.970
5.305,143.745,143.366,181.225,143.646,143.315,143.238,143.320,143.732,143.289,143.231,143.829,178.937,143.462,143.321
5.310,143.227,143.372,181.161,143.174,142.961,143.117,143.676,143.560,142.715,143.000,143.279,178.937,143.508,143.541
5.315,143.330,143.354,181.217,143.453,143.356,143.137,143.526,143.422,143.449,143.401,143.569,178.937,143.160,143.643
5.320,142.075,142.312,181.248,142.519,142.528,142.295,141.662,142.699,142.421,142.535,142.613,8.391,142.240,143.057
5.325,142.737,142.812,181.119,142.749,142.867,142.737,142.261,142.612,143.486,142.526,142.499,8.391,143.152,142.980
5.330,142.424,142.168,181.220,142.152,142.629,142.271,142.251,142.670,142.695,142.215,141.693,8.391,142.810,142.858
5.335,142.458,143.185,181.260,142.628,142.588,0.000,142.773,142.225,142.216,142.671,142.657,8.391,142.283,142.409
5.340,140.863,141.144,181.228,141.257,141.381,141.650,142.074,141.475,141.839,141.504,141.780,307.294,141.445,141.298
5.345,141.925,141.611,181.190,141.846,141.562,141.714,141.867,141.524,141.673,141.413,141.450,307.294,141.129,141.331
5.350,141.842,141.939,181.170,141.416,141.892,141.359,142.527,141.764,141.559,141.503,142.001,307.294,142.192,140.989
5.355,141.394,141.796,181.177,142.128,141.501,141.834,141.791,141.729,141.602,141.408,142.476,307.294,142.109,141.448
5.360,141.016,140.878,181.193,140.757,140.301,140.044,140.994,140.073,140.666,140.566,141.292,229.883,141.133,141.003
5.365,139.911,140.186,181.198,141.039,140.664,140.716,140.771,140.488,141.027,140.773,140.233,229.883,140.910,140.771
5.370,140.626,140.921,181.163,140.812,140.554,140.395,141.035,140.465,140.775,140.532,140.757,229.883,140.226,140.589
5.375,140.140,140.827,181.183,140.900,140.841,140.691,140.565,140.970,140.865,140.825,140.926,229.883,140.703,140.649
5.380,140.429,140.099,181.277,139.354,139.739,139.815,139.077,140.136,140.080,139.917,139.804,290.578,139.478,139.831
5.385,138.824,139.614,181.228,139.559,139.417,140.014,139.627,139.038,139.647,139.475,139.972,290.578,139.322,139.501
5.390,139.243,139.649,181.221,139.239,139.409,139.228,139.995,139.397,139.835,139.868,139.495,290.578,139.318,139.527
5.395,139.380,139.128,181.223,139.741,139.047,139.677,139.427,139.311,140.302,140.301,139.751,290.578,139.661,139.830
5.400,138.765,138.705,181.235,138.398,138.725,138.568,138.502,138.352,138.523,138.468,138.594,113.216,139.034,138.310
5.405,138.773,138.211,181.139,138.781,138.831,138.620,138.218,138.418,138.697,138.299,138.574,113.216,138.910,138.377
5.410,138.639,138.655,181.153,138.761,138.280,139.195,138.303,138.600,138.911,138.844,138.422,113.216,138.141,138.375
5.415,138.447,139.086,181.174,138.657,138.658,138.754,138.223,138.448,138.322,138.286,138.546,113.216,138.329,138.982
5.420,138.033,137.133,181.187,137.330,137.428,137.450,137.018,137.067,137.261,137.187,137.646,122.550,137.633,137.163
5.425,137.173,137.482,181.193,137.543,137.374,137.548,137.530,137.329,137.580,137.921,137.713,122.550,137.308,137.696
5.430,137.483,137.246,181.168,137.403,137.741,136.985,136.917,137.507,137.185,137.254,137.070,122.550,137.348,137.431
5.435,137.915,137.226,181.165,137.344,137.195,136.879,137.444,137.433,137.582,137.151,137.223,122.550,137.963,137.096
5.440,135.839,135.644,181.212,136.254,136.558,135.916,135.938,136.085,136.367,135.962,136.219,32.661,136.320,136.514
5.445,135.967,136.099,181.188,136.481,136.277,136.022,136.301,136.373,135.956,136.512,135.976,32.661,136.621,135.995
5.450,136.541,136.329,181.154,136.297,136.993,136.585,136.390,136.565,136.497,136.384,136.430,32.661,135.779,136.444
5.455,136.347,136.620,181.314,136.251,136.078,136.070,136.243,136.387,135.972,136.083,136.253,32.661,136.263,136.780
5.460,134.590,135.484,181.262,134.908,134.825,134.789,135.610,134.845,135.185,135.508,135.306,314.202,135.475,134.966
5.465,134.995,134.959,181.235,134.699,134.711,135.634,134.994,135.062,134.823,135.018,135.025,314.202,135.275,134.532
5.470,135.564,135.290,181.139,134.986,134.951,134.915,135.237,135.239,135.180,134.943,134.798,314.202,134.979,135.163
5.475,134.908,134.975,181.097,135.034,135.334,135.101,134.975,134.644,135.026,135.052,134.628,314.202,134.708,134.748
5.480,133.959,133.459,181.263,133.907,133.428,133.247,133.642,133.631,133.828,133.198,133.493,268.768,134.178,133.317
5.485,133.754,133.592,181.258,133.526,133.597,133.411,133.849,133.597,133.526,133.536,133.685,268.768,133.886,133.491
5.490,133.508,134.000,181.123,133.507,133.543,133.403,134.061,134.107,133.517,133.472,133.132,268.768,133.895,134.079
5.495,134.201,133.947,181.164,133.328,133.695,133.211,133.413,133.941,134.266,133.826,134.208,268.768,134.283,133.295
5.500,132.696,131.898,181.175,132.542,132.317,132.733,132.432,132.485,132.412,132.185,132.788,164.107,132.960,132.484
5.505,132.764,132.586,181.107,132.111,132.205,132.691,132.636,131.910,132.230,132.598,132.665,164.107,132.915,132.878
5.510,132.358,132.324,181.189,132.773,132.079,132.060,132.455,132.395,132.558,132.581,131.838,164.107,132.276,132.877
5.515,132.434,132.614,181.185,132.195,132.875,132.190,132.750,132.010,132.842,132.265,132.626,164.107,132.787,131.716
5.520,131.117,131.120,181.124,130.913,130.960,130.826,131.089,130.420,131.707,130.949,131.367,137.668,130.937,131.035
5.525,131.184,130.683,181.292,130.975,130.982,131.121,131.223,131.592,131.677,130.662,130.838,137.668,131.628,131.170
5.530,130.945,130.652,181.264,131.159,131.511,131.452,130.980,130.416,131.115,131.216,131.232,137.668,131.307,130.875
5.535,130.897,131.044,181.289,131.522,131.474,131.050,131.174,131.205,131.323,130.816,130.977,137.668,131.351,131.180
5.540,130.049,129.677,181.171,129.462,129.515,130.027,129.639,130.122,129.989,129.411,129.123,165.926,129.690,129.914
5.545,129.322,129.712,181.195,129.473,130.090,129.830,129.849,129.421,129.324,129.680,129.811,165.926,129.165,129.489
5.550,129.520,129.316,181.291,130.215,129.792,129.976,129.423,129.473,129.331,129.792,129.467,165.926,129.666,130.272
5.555,129.540,130.101,181.218,130.225,129.834,130.192,129.642,129.978,129.758,129.742,129.457,165.926,129.186,129.547
5.560,128.065,127.514,181.207,128.773,128.476,128.199,128.221,128.114,128.174,127.907,127.978,210.180,128.286,128.228
5.565,127.856,128.648,181.199,128.107,127.931,128.043,128.399,128.564,127.735,128.127,128.165,210.180,128.342,128.689
5.570,127.988,128.183,181.287,128.878,128.356,128.200,127.886,128.424,127.941,128.385,128.195,210.180,128.257,128.035
5.575,128.461,128.078,181.173,128.236,128.268,127.887,127.638,128.188,128.487,127.982,128.900,210.180,128.212,128.678
5.580,126.640,127.288,181.176,127.259,126.977,126.963,126.873,127.009,127.053,126.795,127.028,115.709,126.701,126.337
5.585,126.525,126.733,181.165,126.522,126.650,127.045,126.431,127.307,126.602,126.407,126.645,115.709,127.174,126.402
5.590,127.251,126.786,181.142,126.760,126.566,126.764,126.900,126.842,126.340,127.157,126.966,115.709,126.989,126.759
5.595,126.346,126.607,181.177,126.395,126.595,0.000,126.503,126.819,126.120,126.438,126.775,115.709,126.488,126.838
5.600,125.553,125.427,181.202,125.321,125.367,125.759,125.216,125.618,125.303,125.359,125.344,162.940,125.492,125.511
5.605,125.347,125.432,181.216,125.692,125.537,124.832,124.787,124.968,125.261,125.295,124.972,162.940,125.046,124.787
5.610,124.833,125.720,181.192,125.478,124.807,125.156,125.310,125.209,125.472,125.318,125.673,162.940,124.925,124.764
5.615,125.119,125.623,181.171,125.528,125.256,0.000,125.679,125.199,124.838,125.049,125.498,162.940,125.340,125.494
5.620,123.581,123.727,181.210,124.073,123.994,123.376,124.274,123.864,123.693,124.194,123.847,120.653,123.751,123.646
5.625,124.088,123.531,181.309,124.022,123.279,123.476,123.604,123.136,123.265,124.107,123.458,120.653,123.928,123.203
5.630,123.974,123.596,181.195,123.609,123.822,123.792,123.786,124.111,123.211,123.550,123.634,120.653,123.806,123.273
5.635,123.614,123.492,181.324,123.635,123.308,124.184,123.607,123.449,123.175,124.206,123.699,120.653,123.633,123.554
5.640,121.768,122.013,181.234,122.139,121.785,122.041,122.610,121.838,122.082,122.074,122.104,33.223,121.612,122.354
5.645,121.612,121.971,181.159,122.074,122.253,122.470,121.695,122.496,122.497,122.341,121.960,33.223,122.466,122.595
5.650,122.071,122.246,181.245,122.455,122.373,121.919,122.568,122.119,122.448,122.053,122.032,33.223,122.207,122.057
5.655,121.700,122.187,181.101,122.338,122.532,0.000,122.798,122.048,122.464,122.573,121.926,33.223,121.998,122.305
5.660,120.462,120.317,181.198,120.660,120.682,120.295,120.106,120.647,120.619,119.721,121.104,184.627,120.959,121.298
5.665,120.453,120.621,181.163,120.766,120.654,120.596,120.414,120.298,120.605,120.417,120.255,184.627,120.092,120.833
5.670,120.628,119.860,181.136,120.655,120.402,120.367,120.666,119.937,120.711,120.482,120.631,184.627,121.178,120.286
5.675,120.816,120.506,181.194,120.460,120.638,120.394,120.914,120.293,120.565,120.673,120.493,184.627,120.994,120.414
5.680,118.911,118.190,181.249,119.225,119.147,118.645,118.760,119.183,118.536,119.141,119.347,220.456,118.951,118.964
5.685,119.020,118.778,181.230,119.089,118.867,118.975,118.541,119.189,118.809,119.220,118.724,220.456,118.812,118.654
5.690,118.826,119.088,181.188,119.253,118.808,119.158,118.406,118.996,118.488,118.963,118.898,220.456,118.698,118.411
5.695,119.191,118.953,181.208,118.856,119.300,118.753,119.125,119.161,118.869,118.916,119.115,220.456,118.935,119.489
5.700,117.458,116.887,181.247,117.982,117.263,117.232,117.022,117.340,117.040,117.698,117.779,217.827,117.621,117.166
5.705,117.692,117.164,181.307,117.537,116.811,117.462,117.604,117.393,116.890,117.680,117.636,217.827,117.327,118.160
5.710,117.627,117.178,181.062,117.416,117.323,117.369,116.833,117.205,117.425,117.631,117.701,217.827,117.376,117.695
5.715,116.992,117.043,181.155,117.635,117.086,117.561,117.170,116.664,117.502,117.068,117.263,217.827,116.912,117.980
5.720,115.079,115.569,181.207,115.244,115.744,115.162,115.380,115.243,115.160,115.071,115.714,71.684,115.618,115.557
5.725,115.713,115.325,181.259,114.994,115.194,116.241,115.520,115.441,115.573,115.303,115.676,71.684,115.803,115.254
5.730,115.864,115.268,181.229,115.364,115.009,115.738,115.368,115.276,115.618,115.461,115.477,71.684,115.323,115.365
5.735,115.317,115.224,181.214,115.924,115.569,115.478,115.101,115.809,115.664,115.231,115.388,71.684,115.845,115.791
5.740,114.254,113.943,181.272,113.788,113.976,113.373,113.979,113.744,113.941,113.723,113.258,291.302,113.917,113.616
5.745,113.831,113.522,181.240,113.268,113.179,113.972,114.000,113.506,114.005,113.930,113.680,291.302,113.405,114.053
5.750,113.775,113.347,181.265,113.641,114.466,113.655,114.436,113.626,114.121,113.742,113.436,291.302,113.927,114.268
5.755,113.908,114.049,181.244,113.694,113.806,113.818,113.997,114.004,113.443,113.634,113.890,291.302,113.634,112.961
5.760,111.636,111.833,181.140,112.552,111.796,0.000,111.654,111.773,112.521,112.558,112.085,321.087,111.619,112.333
5.765,111.563,111.619,181.203,112.106,112.273,112.118,112.612,111.958,111.965,113.073,112.010,321.087,112.032,112.658
5.770,111.954,112.250,181.129,112.566,111.906,0.000,112.143,111.848,112.213,111.414,111.637,321.087,111.995,112.055
5.775,111.703,111.868,181.140,111.987,111.953,111.450,112.154,112.093,112.222,111.844,112.274,321.087,112.161,112.023
5.780,110.288,110.117,181.309,110.303,110.182,110.037,109.392,109.947,110.045,110.520,109.690,95.759,110.620,110.364
5.785,110.291,110.036,181.197,110.348,110.651,110.776,110.776,110.169,110.129,109.924,110.472,95.759,110.326,110.224
5.790,109.518,110.489,181.118,110.219,110.098,109.864,110.537,109.846,110.333,110.100,110.089,95.759,110.203,110.521
5.795,110.048,110.499,181.165,109.460,110.220,110.134,109.854,110.442,110.458,110.493,110.932,95.759,110.858,110.337
5.800,108.665,108.811,181.210,108.131,108.319,108.620,108.866,108.381,109.031,108.050,108.904,273.468,107.940,109.042
5.805,107.806,108.300,181.178,108.994,108.341,108.812,108.802,109.222,108.689,108.798,108.582,273.468,108.374,108.704
5.810,108.403,109.231,181.228,108.416,108.321,108.518,108.379,108.654,108.566,108.902,108.598,273.468,109.060,108.451
5.815,108.097,108.322,181.090,108.811,108.352,108.430,108.805,109.287,109.036,108.268,108.444,273.468,108.545,108.682
5.820,106.111,106.361,181.285,106.227,106.370,106.765,106.795,106.981,106.923,106.602,107.157,165.624,106.445,106.439
5.825,107.038,106.605,181.202,106.824,106.692,106.591,107.196,106.575,106.759,106.814,106.625,165.624,106.763,106.897
5.830,107.026,106.161,181.229,106.563,106.802,106.688,106.751,106.624,107.018,106.906,106.892,165.624,106.530,106.504
5.835,106.574,106.467,181.211,106.015,106.652,106.754,106.728,106.646,106.908,106.873,106.514,165.624,106.792,106.542
5.840,104.732,104.761,181.105,105.031,104.535,104.443,104.942,104.929,104.933,104.674,104.776,255.754,104.948,105.200
5.845,105.300,104.943,181.133,104.760,104.474,105.087,105.166,104.495,104.783,105.268,104.895,255.754,104.424,104.844
5.850,105.243,105.300,181.159,104.764,104.703,105.383,105.373,104.984,104.456,104.751,105.113,255.754,105.067,105.098
5.855,104.879,105.036,181.232,105.388,104.645,105.019,105.591,105.475,104.802,104.814,105.138,255.754,104.677,104.550
5.860,103.310,102.987,181.153,103.357,103.031,0.000,103.329,103.483,102.660,103.172,102.693,253.090,103.073,102.709
5.865,103.080,103.089,181.246,102.927,103.244,103.545,103.348,103.007,103.181,103.017,103.206,253.090,103.432,102.731
5.870,102.954,102.714,181.223,103.557,102.989,103.481,103.111,103.245,103.448,102.931,103.434,253.090,102.962,103.231
5.875,103.234,103.519,181.234,102.655,103.499,103.082,103.267,102.778,103.535,102.716,103.011,253.090,102.883,102.959
5.880,101.073,101.296,181.260,101.117,100.934,101.359,101.311,101.019,101.050,101.450,101.381,46.412,101.481,101.310
5.885,101.379,101.372,181.140,100.913,101.116,101.413,100.725,101.275,101.295,100.844,101.701,46.412,101.461,100.929
5.890,101.127,101.069,181.191,101.034,101.651,101.137,100.629,101.813,101.355,101.374,100.593,46.412,101.324,101.559
5.895,101.064,100.979,181.156,101.500,101.714,100.987,101.118,101.853,101.329,101.239,101.275,46.412,101.418,101.298
5.900,99.173,99.072,181.230,99.568,99.259,99.159,99.228,99.676,98.926,99.249,99.323,198.589,99.097,99.359
5.905,99.481,99.111,181.219,99.784,99.040,99.323,99.389,99.473,99.489,99.345,100.030,198.589,99.227,99.168
5.910,99.626,99.197,181.215,99.712,99.864,99.296,99.208,99.507,99.488,98.644,99.587,198.589,99.318,98.989
5.915,99.473,99.626,181.235,99.492,99.431,99.673,99.400,98.851,99.812,99.719,99.343,198.589,99.686,99.229
5.920,97.217,97.292,181.171,97.326,97.242,97.185,97.798,97.997,97.495,97.354,97.162,120.183,97.604,97.238
5.925,97.664,97.686,181.206,97.539,97.437,97.555,97.543,97.267,97.001,97.537,97.974,120.183,97.479,97.677
5.930,97.208,97.762,181.184,97.392,98.249,97.558,97.304,97.754,97.484,97.812,97.874,120.183,97.206,97.284
5.935,97.140,97.622,181.192,97.457,97.449,96.950,97.757,96.908,97.924,97.657,97.614,120.183,97.545,97.805
5.940,95.545,95.895,181.226,95.574,95.846,95.535,95.388,95.455,95.710,94.793,95.167,141.489,95.489,95.536
5.945,95.848,94.943,181.115,95.884,95.407,95.125,95.571,95.383,95.569,95.402,95.909,141.489,96.057,95.903
5.950,95.812,95.719,181.253,95.473,95.721,95.384,95.765,95.757,95.741,95.648,96.030,141.489,95.229,95.731
5.955,95.775,95.502,181.255,95.977,95.923,95.645,95.557,95.173,95.711,95.992,95.710,141.489,95.437,96.564
5.960,94.141,94.169,181.162,93.994,93.880,93.704,94.065,93.746,93.938,93.947,93.940,234.523,93.535,93.811
5.965,93.988,93.870,181.143,93.827,93.850,93.962,93.840,93.526,93.881,94.111,94.069,234.523,94.716,93.688
5.970,93.622,93.664,181.190,93.977,93.694,94.140,93.793,93.750,94.086,93.605,93.540,234.523,93.643,93.793
5.975,93.965,93.776,181.213,93.517,93.882,93.609,93.921,93.865,93.812,93.815,93.953,234.523,93.851,93.813
5.980,91.767,91.947,181.131,92.307,91.186,92.054,91.948,92.016,91.537,92.231,91.840,241.697,92.026,91.795
5.985,91.967,92.414,181.227,92.026,91.740,92.008,91.549,92.341,91.711,91.948,91.954,241.697,91.782,91.998
5.990,92.027,91.764,181.152,92.042,92.062,91.895,91.534,91.989,92.202,91.232,92.084,241.697,92.269,91.740
5.995,91.829,91.971,181.194,91.973,91.999,91.932,91.758,92.299,91.681,91.878,92.104,241.697,92.685,92.020
6.000,89.521,89.834,181.232,90.065,89.931,90.194,89.881,90.124,90.000,90.617,89.770,96.433,89.790,90.462
6.005,89.924,90.084,181.272,89.740,90.348,90.618,90.020,89.440,90.524,90.266,89.926,96.433,90.031,90.093
6.010,89.876,90.112,181.245,89.593,89.919,90.071,90.103,89.781,90.122,90.194,89.816,96.433,90.557,89.797
6.015,89.937,90.061,181.209,89.875,90.809,89.784,89.997,90.396,89.803,90.311,90.258,96.433,90.233,89.327
6.020,87.960,88.073,181.173,88.491,88.669,88.336,87.912,88.280,88.099,88.106,88.021,75.127,87.979,88.080
6.025,87.750,88.582,181.225,87.933,88.817,0.000,88.062,88.138,88.046,88.032,88.452,75.127,88.403,87.790
6.030,87.607,88.449,181.143,87.937,88.614,88.087,88.234,88.495,87.845,87.736,88.136,75.127,88.359,88.451
6.035,88.287,88.272,181.226,88.173,88.186,87.746,88.136,87.751,88.329,88.424,88.005,75.127,88.045,88.443
6.040,86.442,86.066,181.182,85.734,85.642,86.007,86.066,86.166,86.212,85.751,86.719,143.862,86.661,86.937
6.045,86.319,86.378,181.181,86.288,86.697,0.000,86.206,86.401,86.002,86.248,85.771,143.862,85.996,85.776
6.050,86.194,86.287,181.164,86.391,86.411,85.824,86.669,86.077,86.370,86.224,85.969,143.862,86.170,86.830
6.055,86.793,86.526,181.228,86.628,86.072,86.358,86.042,85.959,86.443,85.943,86.359,143.862,86.265,86.469
6.060,84.528,84.537,181.236,84.419,84.235,83.742,84.301,84.437,84.338,84.329,84.601,78.972,83.998,84.302
6.065,84.336,84.173,181.165,84.540,84.072,84.023,84.628,84.602,84.167,83.967,84.523,78.972,84.260,84.272
6.070,84.579,84.547,181.217,84.204,84.562,84.224,84.221,84.100,84.371,84.427,84.235,78.972,84.529,83.492
6.075,84.310,84.930,181.173,84.148,83.903,84.240,84.035,84.330,84.008,84.118,84.198,78.972,84.142,84.347
6.080,82.668,82.666,181.172,81.896,82.729,82.663,82.474,82.776,82.593,81.716,82.424,156.515,82.227,82.003
6.085,82.543,82.170,181.155,82.991,82.589,82.502,82.226,82.891,82.465,82.329,82.640,156.515,82.947,82.348
6.090,82.620,82.370,181.235,82.329,82.677,0.000,82.677,82.521,82.496,82.578,82.315,156.515,82.531,82.986
6.095,82.479,82.794,181.257,82.256,82.260,82.708,83.002,82.299,82.506,82.179,82.505,156.515,82.418,82.660
6.100,80.460,81.014,181.137,80.532,80.724,80.542,80.553,80.562,80.658,80.326,80.747,59.659,80.510,80.152
6.105,80.747,80.184,181.151,80.728,80.514,80.664,80.699,80.328,80.631,80.311,80.820,59.659,80.573,80.399
6.110,80.931,80.964,181.187,80.685,80.687,80.834,80.485,80.389,80.631,80.800,80.437,59.659,81.090,81.100
6.115,80.324,81.153,181.266,80.782,80.322,81.055,80.785,80.494,80.124,80.820,80.282,59.659,80.652,80.371
6.120,78.582,79.234,181.154,79.019,78.666,78.616,79.004,78.680,78.642,78.324,78.839,132.156,78.654,78.813
6.125,78.416,78.398,181.177,79.497,78.666,78.739,78.748,78.264,78.942,78.864,78.705,132.156,78.760,78.842
6.130,79.002,78.800,181.078,78.460,78.947,78.874,79.069,79.181,78.683,78.230,78.968,132.156,79.359,78.579
6.135,78.676,79.202,181.296,79.082,78.457,78.802,78.910,78.974,79.210,78.943,78.727,132.156,78.371,79.071
6.140,77.161,77.184,181.186,76.396,76.327,77.234,76.416,77.009,76.848,76.789,76.844,181.524,77.070,77.300
6.145,76.660,76.840,181.265,77.161,76.761,76.953,76.533,76.866,77.110,76.556,77.018,181.524,77.103,76.796
6.150,77.142,76.663,181.172,77.116,76.685,76.987,76.964,77.243,76.805,76.990,77.185,181.524,76.410,77.511
6.155,76.726,76.935,181.140,77.198,76.778,77.108,76.505,76.666,77.148,77.006,77.347,181.524,76.644,76.685
6.160,74.927,75.281,181.239,74.853,75.230,74.991,74.714,75.090,75.409,75.348,74.609,26.690,74.581,75.484
6.165,75.225,74.817,181.256,74.991,74.850,75.181,75.093,74.861,75.561,75.563,75.192,26.690,75.078,75.112
6.170,74.949,75.068,181.171,75.341,75.077,74.858,75.052,75.038,74.261,75.211,75.621,26.690,74.420,74.952
6.175,74.888,75.500,181.140,74.294,74.864,74.812,75.313,75.321,75.365,74.859,74.988,26.690,75.264,74.908
6.180,73.513,73.698,181.195,73.121,73.156,73.475,73.301,73.021,73.022,73.450,73.277,332.699,73.520,73.109
6.185,73.228,73.357,181.161,73.200,73.319,73.233,73.736,73.671,73.188,72.567,73.461,332.699,73.402,73.809
6.190,73.617,73.712,181.308,72.855,73.140,73.387,73.287,73.204,73.073,73.311,73.447,332.699,73.378,73.548
6.195,74.001,73.257,181.143,73.446,73.561,73.435,73.431,73.159,73.256,72.911,73.106,332.699,73.541,73.477
6.200,71.279,71.305,181.283,71.336,71.626,71.851,71.449,71.326,71.459,71.696,70.835,260.050,71.407,71.395
6.205,71.346,71.294,181.176,71.814,71.590,72.155,70.959,71.999,71.968,70.935,71.451,260.050,71.332,71.213
6.210,70.994,71.171,181.124,71.591,71.138,71.350,71.381,71.548,71.151,71.852,70.999,260.050,71.334,71.621
6.215,71.095,71.351,181.195,71.516,71.411,71.755,72.023,71.958,71.082,71.417,71.692,260.050,71.226,71.893
6.220,69.842,69.603,181.189,69.863,69.926,69.438,69.442,69.294,69.843,69.808,69.635,163.662,69.525,69.650
6.225,69.753,70.348,181.239,69.723,70.186,0.000,69.592,69.666,69.957,69.941,69.745,163.662,69.631,69.160
6.230,69.747,70.008,181.169,69.427,69.173,69.532,69.525,69.735,70.017,69.771,69.110,163.662,69.991,69.935
6.235,69.801,70.389,181.193,69.066,69.710,69.196,70.195,69.165,69.377,69.913,69.628,163.662,69.618,68.998
6.240,67.650,67.640,181.216,68.109,67.836,67.740,68.056,67.913,67.132,68.274,67.124,26.798,67.768,67.794
6.245,67.400,68.157,181.152,67.984,67.793,68.651,68.013,67.652,68.011,68.463,68.057,26.798,68.135,68.148
6.250,68.223,67.804,181.159,67.680,68.257,67.488,68.097,68.055,67.866,68.212,67.418,26.798,67.705,67.811
6.255,67.975,67.508,181.190,67.861,67.890,67.671,68.192,68.293,68.021,67.798,67.981,26.798,67.754,67.492
6.260,66.497,66.378,181.185,65.899,65.754,66.290,66.335,66.728,66.303,66.039,66.530,208.241,65.816,66.448
6.265,66.151,65.997,181.202,66.126,66.492,66.124,66.439,65.812,65.881,66.796,65.648,208.241,65.931,66.379
6.270,66.386,66.428,181.192,66.128,66.021,66.304,65.992,66.447,65.937,66.164,66.368,208.241,66.733,66.216
6.275,66.004,66.982,181.191,66.050,66.038,66.410,65.593,66.050,65.985,66.366,65.868,208.241,65.937,66.242
6.280,64.441,64.510,181.141,64.117,64.425,64.212,64.468,64.535,64.907,64.361,64.351,35.003,64.387,64.804
6.285,64.394,64.446,181.183,64.444,64.445,63.755,64.625,64.252,64.648,64.637,64.436,35.003,64.010,64.619
6.290,64.554,64.269,181.202,64.019,64.582,65.074,63.895,64.397,64.422,63.971,64.192,35.003,64.447,64.280
6.295,64.858,64.020,181.190,64.154,64.544,0.000,63.897,64.471,64.638,64.306,64.123,35.003,64.660,64.358
6.300,62.942,62.710,181.189,62.923,62.783,62.679,62.994,63.000,62.460,63.101,62.265,324.545,62.369,62.860
6.305,61.892,62.531,181.255,62.778,62.993,62.564,62.506,62.866,62.624,62.803,62.884,324.545,62.365,62.788
6.310,62.720,62.832,181.197,62.939,62.796,62.740,62.566,62.774,63.162,62.251,62.824,324.545,62.733,63.024
6.315,62.753,62.677,181.230,63.153,62.929,63.202,62.905,63.089,62.516,63.008,62.436,324.545,62.921,63.019
6.320,61.324,61.211,181.187,61.283,61.112,60.651,61.077,61.248,60.804,61.180,60.766,312.908,61.098,61.165
6.325,61.127,61.264,181.198,61.410,61.062,61.053,61.194,61.346,60.733,61.157,60.959,312.908,61.110,61.088
6.330,60.877,61.475,181.081,61.275,60.934,61.180,61.831,61.002,61.342,61.063,61.852,312.908,60.996,61.419
6.335,60.852,60.773,181.181,61.165,61.522,61.030,61.043,61.134,61.265,60.973,60.810,312.908,61.570,61.026
6.340,59.348,59.235,181.205,59.441,59.348,0.000,59.262,59.411,59.794,59.131,60.015,134.784,59.547,59.819
6.345,59.238,59.909,181.201,59.726,59.714,59.462,59.421,58.729,59.054,59.308,59.106,134.784,58.878,59.141
6.350,59.871,59.749,181.214,59.744,59.756,0.000,59.729,59.886,59.263,59.964,58.863,134.784,59.181,59.382
6.355,59.628,59.261,181.223,59.144,59.591,59.410,59.294,59.150,59.335,59.111,59.833,134.784,59.482,58.879
6.360,57.858,58.632,181.312,57.969,58.056,57.804,58.788,58.086,57.859,57.513,58.212,57.576,57.596,57.738
6.365,58.130,57.015,181.223,58.109,58.319,57.595,57.788,57.621,57.847,57.886,57.804,57.576,57.753,57.741
6.370,58.481,57.743,181.228,57.860,57.995,57.774,58.841,57.398,58.219,57.675,58.660,57.576,57.328,57.923
6.375,57.781,57.766,181.145,57.310,57.919,58.434,57.949,57.597,57.492,57.456,57.960,57.576,58.448,57.561
6.380,56.258,56.433,181.128,56.269,56.566,56.707,55.809,56.572,56.218,55.692,56.554,200.691,56.552,56.110
6.385,56.178,55.880,181.232,55.708,56.279,56.189,55.783,56.530,56.329,56.137,56.524,200.691,56.122,56.513
6.390,55.903,56.285,181.218,56.382,56.239,56.455,56.177,56.343,56.307,55.996,56.176,200.691,56.012,56.162
6.395,56.080,56.349,181.190,56.002,56.729,56.317,56.361,56.478,56.367,55.857,56.588,200.691,56.437,55.986
6.400,54.448,55.094,181.284,54.956,55.200,54.531,55.330,54.600,54.891,54.974,54.161,273.393,54.517,54.589
6.405,54.868,54.164,181.172,54.453,54.962,54.397,55.512,55.489,54.680,54.698,54.747,273.393,54.579,54.421
6.410,54.860,54.532,181.160,55.077,54.699,54.833,55.025,54.370,54.677,55.067,54.897,273.393,54.315,54.563
6.415,54.985,54.548,181.168,55.127,54.467,54.561,55.428,54.936,54.968,55.380,54.712,273.393,54.842,54.837
6.420,52.989,53.527,181.189,52.934,53.142,52.884,52.858,53.211,53.452,53.291,52.696,348.311,53.533,52.864
6.425,53.513,53.813,181.232,53.367,53.129,53.726,52.884,53.555,52.917,53.106,53.160,348.311,52.949,53.420
6.430,52.930,53.743,181.109,53.583,53.117,53.500,53.150,53.931,52.774,53.060,53.076,348.311,52.974,53.571
6.435,53.165,53.011,181.227,52.944,53.470,53.081,53.378,53.548,53.451,53.336,53.280,348.311,53.380,53.014
6.440,52.131,51.821,181.112,51.162,51.817,51.485,51.991,51.642,51.455,51.637,51.632,87.911,52.042,51.542
6.445,52.115,51.700,181.099,51.831,51.902,51.275,51.784,51.417,52.098,51.236,51.979,87.911,51.895,51.783
6.450,52.072,51.742,181.241,51.627,51.572,51.773,51.933,51.683,51.738,51.873,51.618,87.911,52.173,51.714
6.455,52.375,51.537,181.208,51.726,51.438,51.754,51.511,51.760,51.739,51.823,52.366,87.911,51.902,51.760
6.460,50.627,50.374,181.185,50.478,50.096,50.381,50.098,50.827,50.527,50.847,50.419,330.052,50.558,50.211
6.465,50.243,50.290,181.180,49.775,50.180,49.979,50.196,49.932,50.077,50.464,50.046,330.052,50.468,50.366
6.470,50.253,50.491,181.191,50.661,50.288,50.115,50.338,50.326,50.600,50.356,50.037,330.052,50.489,50.416
6.475,50.088,50.269,181.250,50.158,50.378,49.898,50.025,50.128,49.983,49.816,50.166,330.052,50.848,50.428
6.480,48.994,49.695,181.127,48.898,49.124,48.948,49.447,48.781,49.012,48.618,49.190,302.978,49.359,49.060
6.485,48.701,48.424,181.172,49.431,49.436,49.059,48.777,49.503,48.806,49.249,49.121,302.978,48.762,48.593
6.490,48.741,48.747,181.185,49.120,48.707,48.908,48.988,48.997,48.969,48.656,49.009,302.978,49.241,48.942
6.495,48.634,48.754,181.247,48.953,49.043,49.050,48.272,49.261,49.045,49.398,49.029,302.978,48.711,48.771
6.500,47.070,47.626,181.268,47.058,48.206,47.326,48.360,47.506,47.520,47.544,47.631,178.594,47.486,47.427
6.505,48.308,47.853,181.222,48.013,47.507,47.637,47.785,47.161,47.389,47.687,47.529,178.594,47.593,47.808
6.510,47.836,47.558,181.207,47.349,47.459,47.652,47.552,47.899,47.482,47.406,47.003,178.594,47.496,47.636
6.515,46.956,48.489,181.213,47.772,47.700,47.380,47.211,47.654,47.838,47.935,47.392,178.594,47.772,47.069
6.520,46.392,46.378,181.195,46.206,45.851,45.757,46.219,46.123,46.380,46.481,46.021,94.142,46.266,45.969
6.525,46.094,46.706,181.177,46.601,45.787,46.265,46.790,45.871,46.271,46.285,46.338,94.142,46.587,46.495
6.530,45.625,46.249,181.227,45.894,45.999,45.758,46.052,46.334,46.739,45.603,45.920,94.142,46.532,46.185
6.535,46.197,46.047,181.186,46.180,46.340,45.825,46.131,46.718,47.343,46.523,46.304,94.142,46.572,46.687
6.540,45.055,45.751,181.214,44.990,44.639,0.000,45.205,45.398,44.723,45.189,45.118,90.836,44.997,45.176
6.545,45.164,44.747,181.150,44.818,44.702,45.217,44.777,45.107,45.741,44.645,44.909,90.836,45.072,44.613
6.550,45.320,44.545,181.093,44.321,45.034,45.585,45.132,45.471,44.872,44.885,45.007,90.836,44.662,44.674
6.555,44.740,44.783,181.201,45.288,45.427,45.820,45.029,45.234,44.559,45.196,45.448,90.836,45.150,45.130
6.560,43.753,43.835,181.275,43.981,43.676,43.995,43.358,43.572,43.574,44.152,44.128,319.414,43.669,43.684
6.565,43.966,44.202,181.289,43.527,43.614,43.526,43.965,43.513,44.219,43.582,43.635,319.414,43.173,43.363
6.570,43.930,43.695,181.303,43.796,43.823,43.672,43.328,43.875,43.378,43.046,43.867,319.414,43.723,43.403
6.575,43.884,43.699,181.167,43.985,43.523,43.991,43.916,43.666,43.767,44.025,44.051,319.414,43.891,43.616
6.580,42.620,42.681,181.135,42.793,42.501,42.940,42.389,42.420,42.595,42.315,42.113,204.434,42.556,42.810
6.585,42.957,42.839,181.239,43.028,43.050,42.453,42.789,42.374,42.351,42.428,42.740,204.434,42.737,42.431
6.590,42.217,42.350,181.203,42.652,42.733,42.392,42.249,43.129,42.323,43.104,42.654,204.434,42.932,42.729
6.595,42.148,42.690,181.134,42.521,42.324,42.219,42.658,42.125,42.740,42.630,42.604,204.434,42.396,42.352
6.600,41.976,41.298,181.107,41.142,41.163,41.468,41.864,41.523,41.136,41.197,41.551,289.343,41.373,41.203
6.605,41.585,41.600,181.190,41.478,41.678,41.579,42.166,42.241,41.738,41.571,41.745,289.343,41.675,41.558
6.610,41.791,41.622,181.279,41.395,41.024,41.271,41.511,41.529,41.915,41.866,41.368,289.343,41.301,41.684
6.615,41.529,41.779,181.223,41.828,41.732,41.289,42.011,41.267,41.696,40.911,41.228,289.343,41.430,40.934
6.620,40.270,40.935,181.214,40.008,40.471,40.337,40.590,40.313,40.240,40.684,40.619,28.985,40.319,40.530
6.625,40.242,40.233,181.091,40.308,40.434,41.081,40.525,40.495,40.508,40.589,40.156,28.985,39.770,40.891
6.630,40.421,40.118,181.131,40.692,40.139,40.018,40.373,40.194,40.055,40.265,40.215,28.985,40.496,40.950
6.635,40.240,40.437,181.148,40.727,40.929,40.348,40.373,39.921,40.519,40.265,40.411,28.985,39.947,40.354
6.640,39.325,39.376,181.142,39.232,38.987,0.000,39.543,39.364,39.232,38.928,39.287,52.008,39.319,39.073
6.645,39.322,39.376,181.195,39.597,39.592,38.974,39.065,40.112,39.400,39.868,39.668,52.008,39.652,39.785
6.650,39.590,39.614,181.243,38.993,39.473,39.419,39.221,39.137,39.571,38.794,39.107,52.008,39.182,39.647
6.655,39.583,39.413,181.123,39.859,39.699,39.031,39.178,40.120,39.667,39.509,39.421,52.008,39.021,38.881
6.660,38.837,38.646,181.183,38.106,38.075,38.693,38.435,39.059,38.636,37.959,38.201,175.084,38.048,38.445
6.665,38.153,38.402,181.256,38.557,38.322,38.336,38.072,38.498,38.043,38.040,37.750,175.084,39.148,38.153
6.670,38.353,38.353,181.144,38.274,38.074,37.971,38.334,38.682,38.297,38.674,38.108,175.084,38.471,38.183
6.675,38.651,38.133,181.211,37.766,38.282,38.615,38.604,38.350,38.860,38.358,38.627,175.084,37.812,38.250
6.680,37.537,37.657,181.236,37.215,37.533,36.844,37.096,36.950,38.396,37.230,37.134,52.585,37.468,36.958
6.685,36.710,37.467,181.176,38.019,37.658,37.440,37.289,37.364,37.534,37.673,37.754,52.585,37.145,37.370
6.690,37.542,37.819,181.152,37.488,37.289,0.000,37.698,37.504,37.356,37.362,37.835,52.585,37.397,38.014
6.695,37.433,37.643,181.193,37.016,38.080,36.755,37.660,37.981,37.453,37.578,36.784,52.585,37.161,37.283
6.700,36.413,36.411,181.116,36.161,36.015,36.778,36.869,36.607,36.388,35.647,36.550,233.421,36.403,36.485
6.705,36.431,36.637,181.201,36.646,36.358,36.310,36.423,36.600,36.619,36.943,36.956,233.421,35.995,36.152
6.710,36.342,36.538,181.260,36.553,36.114,36.469,37.057,36.200,36.678,36.206,36.206,233.421,36.044,36.443
6.715,36.901,36.524,181.107,36.587,36.578,36.783,36.030,36.310,37.201,36.184,36.752,233.421,36.625,35.864
6.720,35.931,35.325,181.266,35.653,35.442,36.294,35.418,35.676,35.569,36.287,35.634,48.700,35.739,35.815
6.725,35.792,35.797,181.247,35.811,35.784,35.583,35.375,36.056,35.970,36.156,35.892,48.700,35.729,36.192
6.730,36.060,35.758,181.198,35.787,35.291,35.665,35.532,35.745,34.984,35.947,35.403,48.700,35.114,34.981
6.735,36.007,35.371,181.284,35.659,35.488,35.799,35.806,35.611,35.951,35.514,35.497,48.700,36.216,36.058
6.740,34.712,35.044,181.258,34.327,35.405,35.146,34.895,35.220,35.086,34.702,35.304,61.560,34.868,35.060
6.745,34.645,35.065,181.263,34.837,35.088,34.700,35.194,35.087,34.942,34.721,35.035,61.560,35.060,35.003
6.750,34.658,34.617,181.217,34.991,34.920,34.995,34.795,35.003,34.987,35.143,35.136,61.560,34.474,34.495
6.755,35.180,34.619,181.208,35.217,34.970,35.290,35.265,35.099,35.241,34.313,35.020,61.560,34.946,35.122
6.760,34.232,34.308,181.260,34.684,34.583,34.250,34.351,34.411,34.068,34.111,33.926,181.854,34.063,33.825
6.765,34.597,34.456,181.164,34.273,34.343,34.168,34.231,33.793,34.090,33.687,33.940,181.854,34.875,33.963
6.770,34.394,34.318,181.275,34.704,33.980,34.029,34.154,34.085,34.095,34.205,34.119,181.854,33.963,34.575
6.775,34.181,33.699,181.158,34.258,33.967,34.476,33.946,34.121,34.913,34.230,34.245,181.854,34.281,34.421
6.780,33.203,33.236,181.127,33.959,33.860,33.555,33.557,33.695,33.414,33.203,33.656,285.185,33.855,33.906
6.785,33.498,33.721,181.232,33.649,33.515,33.466,33.965,33.575,33.575,33.568,33.838,285.185,33.140,33.568
6.790,34.235,33.258,181.193,33.751,33.641,33.335,33.264,33.536,33.180,33.483,33.969,285.185,33.481,33.246
6.795,33.373,33.873,181.128,33.182,33.431,33.381,33.273,33.123,33.807,33.415,34.238,285.185,33.128,33.633
6.800,32.723,33.280,181.281,32.800,33.407,33.296,32.768,33.311,32.588,33.556,33.131,185.354,32.845,32.683
6.805,32.902,32.701,181.168,33.254,32.616,33.500,32.786,33.217,32.591,33.256,32.610,185.354,33.042,33.334
6.810,33.368,33.020,181.172,33.236,33.105,32.305,33.404,32.882,33.179,33.058,32.800,185.354,33.006,32.692
6.815,32.955,33.157,181.215,33.163,32.735,32.662,32.908,33.198,32.713,32.828,33.071,185.354,32.574,33.016
6.820,32.087,32.534,181.244,32.280,32.707,0.000,32.512,32.429,32.326,32.177,32.793,101.239,32.401,32.864
6.825,32.233,32.257,181.178,32.154,32.354,31.815,32.792,32.227,32.528,32.346,31.949,101.239,32.784,32.062
6.830,32.373,32.332,181.193,32.213,32.439,32.797,32.553,32.605,32.362,32.384,32.365,101.239,32.420,32.323
6.835,32.437,32.366,181.266,32.305,32.654,32.445,32.133,33.203,32.860,32.027,31.743,101.239,32.590,32.127
6.840,32.216,32.367,181.253,31.973,31.857,32.027,31.796,32.016,31.433,31.609,32.441,226.188,31.654,31.706
6.845,32.652,32.089,181.195,31.627,32.180,31.956,32.245,31.253,32.070,31.708,31.640,226.188,31.585,31.718
6.850,32.318,32.239,181.056,31.841,31.236,32.240,31.562,31.646,31.667,31.657,31.945,226.188,31.836,31.259
6.855,32.104,31.969,181.159,31.711,31.678,31.836,31.758,31.270,31.995,31.972,31.918,226.188,32.204,31.922
6.860,31.470,31.617,181.193,30.619,31.628,31.506,31.823,31.798,31.732,31.438,31.069,203.666,31.385,31.732
6.865,31.239,31.713,181.245,31.038,31.375,31.655,31.097,31.542,31.324,31.389,31.595,203.666,31.211,31.000
6.870,31.647,31.404,181.150,31.443,31.537,31.416,30.954,31.361,31.418,31.755,31.677,203.666,31.234,32.002
6.875,31.854,31.237,181.251,31.324,31.992,31.619,31.743,31.222,31.766,31.692,31.619,203.666,31.099,31.659
6.880,31.337,31.189,181.259,31.194,30.577,31.250,31.428,31.564,31.379,30.883,30.783,262.382,30.785,31.005
6.885,31.056,30.952,181.145,30.245,31.073,31.187,31.041,30.954,31.356,31.326,30.838,262.382,30.999,30.750
6.890,31.291,30.908,181.131,31.175,30.481,31.014,31.244,31.151,31.244,30.530,31.065,262.382,31.265,31.092
6.895,31.028,30.844,181.265,30.831,31.205,31.498,30.798,31.155,31.412,31.435,31.090,262.382,31.279,31.446
6.900,30.722,30.335,181.189,30.637,30.556,30.524,31.082,30.863,31.050,30.628,30.423,303.398,30.627,30.955
6.905,30.701,30.784,181.218,30.310,30.915,31.076,30.510,30.473,30.702,30.641,30.943,303.398,31.054,30.481
6.910,30.791,30.467,181.243,30.907,31.028,30.610,30.487,30.849,30.704,31.023,30.997,303.398,30.559,30.273
6.915,30.744,30.513,181.250,30.635,31.017,30.634,30.701,31.101,30.725,30.368,30.398,303.398,30.991,30.510
6.920,30.800,30.387,181.182,30.755,30.279,30.350,30.278,29.994,29.895,30.396,30.898,106.612,30.236,30.861
6.925,30.502,30.118,181.214,30.091,31.170,30.689,30.699,30.412,30.659,31.176,30.705,106.612,30.566,30.507
6.930,30.473,30.634,181.132,30.537,30.379,30.950,30.683,30.318,30.766,30.720,30.708,106.612,30.598,30.571
6.935,30.807,30.737,181.132,30.686,30.490,30.622,30.671,30.851,30.245,29.890,30.848,106.612,30.662,30.486
6.940,30.496,29.940,181.159,30.645,30.113,29.816,30.115,30.364,30.182,30.141,30.333,192.662,30.738,29.800
6.945,30.625,30.163,181.146,30.591,30.247,30.278,30.320,30.859,30.221,29.561,30.306,192.662,30.418,29.895
6.950,30.068,30.203,181.172,30.410,30.401,30.121,30.042,29.622,30.014,30.085,29.903,192.662,30.649,30.264
6.955,30.678,30.198,181.061,30.371,30.559,30.081,30.296,30.959,30.092,30.517,29.684,192.662,30.555,29.601
6.960,30.141,30.146,181.259,29.812,30.155,30.094,29.752,30.287,29.879,29.860,30.244,136.061,29.951,30.154
6.965,29.834,30.225,181.213,29.709,29.802,30.381,30.314,30.112,29.871,30.168,29.951,136.061,30.391,30.336
6.970,30.096,29.933,181.121,30.666,30.216,29.828,29.559,29.844,29.636,30.433,30.422,136.061,29.529,30.063
6.975,29.779,30.338,181.217,30.549,30.024,30.523,30.127,30.477,30.334,29.891,30.246,136.061,30.034,30.459
6.980,29.759,29.466,181.240,29.908,30.296,29.774,30.060,30.324,29.840,29.778,30.586,241.017,30.045,29.836
6.985,29.929,29.729,181.250,29.547,29.709,29.861,30.114,30.013,30.268,29.539,30.138,241.017,29.962,30.380
6.990,30.329,30.307,181.266,30.388,30.115,30.107,29.852,30.107,29.777,29.989,29.562,241.017,29.902,30.600
6.995,29.656,29.909,181.192,30.290,29.791,30.378,30.311,29.909,29.806,30.291,30.505,241.017,29.956,30.312
7.000,30.102,30.106,181.152,29.887,30.069,30.146,29.868,29.713,29.920,30.229,30.013,30.166,30.124,30.164
7.005,29.941,30.351,181.197,30.034,29.848,29.625,30.098,29.665,29.805,30.078,30.138,30.166,30.160,29.945
7.010,30.474,30.509,181.282,29.981,30.614,30.258,30.404,29.506,29.849,29.896,29.540,30.166,30.182,30.207
7.015,30.074,29.680,181.166,30.284,30.143,29.782,29.870,30.153,30.196,29.735,29.731,30.166,30.223,30.098
7.020,30.223,29.812,181.180,29.999,29.504,30.181,29.921,29.909,30.112,30.372,29.675,338.133,29.903,30.334
7.025,30.458,29.816,181.284,30.409,30.451,30.126,29.225,29.766,30.044,29.719,29.877,338.133,30.263,30.180
7.030,29.725,29.823,181.232,30.198,29.913,29.708,30.329,30.012,29.808,29.694,29.726,338.133,30.373,30.128
7.035,29.945,30.115,181.129,30.338,30.137,30.096,30.116,30.013,30.097,29.867,29.542,338.133,29.740,29.815
7.040,29.697,29.552,181.208,29.933,29.867,30.332,30.216,29.816,30.169,30.012,29.978,143.321,30.213,29.780
7.045,29.887,30.245,181.126,30.264,30.244,30.445,29.951,29.860,29.850,30.579,30.086,143.321,29.891,30.226
7.050,30.226,30.107,181.147,29.484,30.127,29.602,30.610,29.723,30.005,30.004,30.409,143.321,30.097,30.129
7.055,30.082,30.554,181.129,30.407,29.831,30.384,30.269,30.732,29.674,30.307,30.258,143.321,29.969,29.728
7.060,30.396,29.816,181.216,29.730,30.361,30.061,30.107,30.211,30.266,30.046,30.122,92.413,30.645,30.584
7.065,30.160,30.455,181.187,30.331,30.361,30.133,30.324,30.016,30.521,30.530,29.783,92.413,30.262,30.667
7.070,30.074,30.151,181.139,30.273,30.366,30.137,30.653,30.352,30.390,29.590,30.778,92.413,30.444,30.314
7.075,30.235,30.059,181.230,30.589,29.926,30.541,30.339,30.182,30.029,30.057,30.336,92.413,30.484,30.230
7.080,30.224,30.727,181.225,30.393,30.113,30.292,30.450,30.545,30.775,30.722,30.367,326.351,30.781,30.490
7.085,30.155,30.730,181.204,30.891,30.368,30.439,30.615,30.555,30.081,30.319,30.192,326.351,30.514,30.290
7.090,30.014,30.072,181.207,30.790,30.643,30.564,30.251,30.955,30.520,30.520,30.325,326.351,30.909,30.388
7.095,30.439,30.717,181.192,30.333,30.023,30.333,29.926,30.258,30.789,30.471,30.234,326.351,30.150,30.497
7.100,30.868,30.658,181.154,30.921,30.732,30.857,31.055,30.286,30.970,30.838,30.514,36.648,30.418,30.614
7.105,30.381,30.624,181.253,30.917,30.381,31.044,30.440,30.895,30.483,30.798,30.014,36.648,30.912,31.029
7.110,30.600,30.596,181.187,30.867,31.033,30.860,30.294,30.963,31.174,30.484,30.446,36.648,30.703,30.656
7.115,30.064,30.714,181.181,30.235,30.848,30.693,30.213,30.033,30.749,30.818,30.688,36.648,30.772,30.815
7.120,30.708,30.885,181.131,31.102,30.979,30.838,30.640,31.192,31.283,31.086,31.067,174.405,31.069,31.037
7.125,31.072,31.091,181.180,31.042,31.462,31.323,31.402,31.059,30.997,31.177,31.048,174.405,30.576,31.484
7.130,30.673,30.345,181.230,30.907,31.134,30.432,31.032,31.165,31.612,30.733,31.383,174.405,31.111,31.071
7.135,31.177,31.331,181.233,30.625,30.532,31.369,30.763,30.588,31.061,30.636,30.662,174.405,30.984,31.366
7.140,31.314,31.528,181.111,31.561,30.989,31.482,31.483,31.544,32.243,31.647,31.755,348.162,31.479,31.229
7.145,31.537,31.277,181.125,31.571,31.329,31.023,31.343,31.366,31.357,30.926,31.481,348.162,31.282,30.992
7.150,31.269,31.555,181.189,31.054,31.985,31.400,31.478,31.451,31.426,32.068,31.835,348.162,30.670,31.379
7.155,31.015,31.380,181.186,31.075,31.460,32.037,31.354,31.027,31.234,31.450,31.581,348.162,31.756,31.732
7.160,31.863,32.057,181.176,31.873,31.692,32.230,31.988,31.734,31.706,31.805,31.673,55.185,32.808,31.476
7.165,32.078,32.192,181.120,32.001,31.661,32.204,32.454,31.739,31.763,31.697,31.370,55.185,32.117,32.401
7.170,31.716,32.019,181.170,31.843,31.959,31.645,32.307,32.640,32.047,31.704,31.685,55.185,31.655,31.574
7.175,31.979,30.987,181.164,31.569,31.597,31.972,31.787,31.891,31.712,31.940,31.721,55.185,31.847,32.307
7.180,32.158,32.766,181.337,32.287,32.252,32.664,31.858,32.024,32.348,32.725,32.041,50.708,32.323,32.141
7.185,32.264,32.399,181.236,32.403,32.344,32.429,31.786,32.092,32.333,32.757,32.481,50.708,32.220,32.798
7.190,32.726,32.578,181.210,32.156,32.381,32.587,32.140,33.103,32.349,32.468,32.165,50.708,32.288,32.206
7.195,32.358,32.145,181.272,32.136,32.371,32.338,32.244,32.406,33.198,32.113,32.508,50.708,32.555,32.610
7.200,32.646,32.884,181.277,33.211,33.357,33.150,32.921,32.766,32.965,33.068,32.949,84.984,32.389,33.128
7.205,33.078,32.864,181.178,33.312,33.320,32.493,32.961,32.805,33.458,33.388,32.608,84.984,32.729,33.423
7.210,32.933,33.096,181.221,33.294,33.227,32.731,32.862,32.742,32.889,33.521,32.156,84.984,32.987,32.482
7.215,32.764,33.144,181.186,33.182,32.571,33.331,33.027,32.963,32.925,33.019,32.449,84.984,33.195,32.490
7.220,33.730,33.647,181.186,33.671,33.776,33.438,33.170,33.426,33.327,33.462,33.550,328.342,33.453,33.285
7.225,32.685,33.617,181.135,33.785,33.611,0.000,33.437,33.402,33.132,33.503,33.188,328.342,33.921,33.381
7.230,33.696,33.798,181.215,33.685,33.652,33.650,33.434,33.798,33.089,33.476,33.296,328.342,33.717,33.737
7.235,34.082,33.868,181.160,33.476,33.657,33.624,33.524,33.647,33.445,33.729,33.401,328.342,33.674,33.788
7.240,34.282,34.405,181.124,34.606,34.203,34.079,33.608,34.195,34.575,34.401,33.748,177.289,34.350,34.278
7.245,33.647,34.106,181.177,34.439,34.760,34.316,34.180,34.093,34.090,34.085,34.438,177.289,33.571,34.555
7.250,34.591,34.451,181.251,34.005,34.302,34.359,34.285,34.442,34.218,34.171,34.110,177.289,34.599,34.235
7.255,34.928,34.029,181.267,34.069,34.396,34.322,34.195,33.957,34.430,34.371,34.024,177.289,34.185,34.702
7.260,35.086,35.000,181.176,34.932,35.141,34.667,34.397,34.888,35.084,35.675,35.103,25.816,34.774,34.846
7.265,34.610,35.356,181.245,35.077,35.026,35.070,35.260,34.384,35.020,34.654,35.264,25.816,35.044,35.056
7.270,34.724,34.496,181.245,34.513,35.062,35.432,34.975,34.943,34.789,35.234,34.140,25.816,35.326,35.257
7.275,34.883,34.589,181.202,34.789,34.903,34.719,34.729,34.797,35.079,34.813,34.766,25.816,34.978,34.613
7.280,35.752,35.041,181.150,35.926,35.644,35.806,35.470,35.985,35.252,35.495,35.540,252.129,35.613,35.590
7.285,36.038,36.250,181.129,35.738,35.571,35.618,35.667,35.407,35.723,35.280,36.348,252.129,35.871,35.552
7.290,35.861,35.738,181.137,36.173,35.633,35.660,36.337,35.087,35.870,35.839,35.220,252.129,35.574,35.794
7.295,35.044,35.827,181.159,35.867,35.550,35.656,36.243,36.112,35.418,35.647,36.018,252.129,35.783,35.670
7.300,36.439,36.595,181.237,35.908,36.497,0.000,36.630,36.501,35.966,36.437,36.561,308.402,37.103,36.496
7.305,36.486,36.477,181.190,35.767,36.511,0.000,37.138,36.798,36.755,35.857,36.399,308.402,36.520,37.121
7.310,37.068,36.259,181.230,37.146,36.050,0.000,36.916,36.610,36.076,36.739,36.152,308.402,36.770,36.634
7.315,36.360,36.581,181.251,36.386,36.625,36.495,36.507,36.131,36.716,36.766,36.789,308.402,36.275,36.657
7.320,37.006,37.117,181.129,36.978,37.559,37.647,37.581,37.144,36.657,36.841,37.894,322.137,37.645,37.295
7.325,37.321,37.580,181.213,37.468,37.184,37.411,37.150,37.588,37.351,37.447,37.595,322.137,37.258,37.054
7.330,37.489,37.857,181.252,37.286,37.960,37.221,37.642,37.256,37.483,37.660,37.566,322.137,37.328,37.568
7.335,36.876,38.062,181.256,37.533,37.300,37.117,37.784,37.505,37.409,37.390,37.072,322.137,37.556,37.468
7.340,38.660,38.064,181.223,38.558,38.720,38.132,38.190,38.276,38.359,38.287,38.722,269.346,37.971,38.358
7.345,38.305,38.210,181.229,38.251,38.190,37.712,38.514,38.192,38.471,38.075,38.745,269.346,38.433,38.616
7.350,38.584,38.063,181.132,38.977,38.165,38.505,38.699,38.137,38.424,38.527,38.636,269.346,38.640,38.159
7.355,38.544,37.827,181.197,38.259,38.030,38.619,38.245,38.569,38.500,38.428,38.184,269.346,38.164,38.472
7.360,39.485,38.961,181.215,39.224,39.273,39.404,39.816,39.417,40.222,39.288,39.456,168.145,39.917,39.211
7.365,39.736,39.263,181.245,38.915,39.333,39.402,39.123,39.264,39.804,38.994,38.950,168.145,39.463,39.697
7.370,39.814,39.594,181.195,39.448,38.866,39.084,39.402,38.980,39.275,39.899,38.970,168.145,39.548,39.189
7.375,39.212,39.664,181.148,39.300,39.687,39.308,39.524,39.540,39.881,39.798,38.994,168.145,39.621,39.553
7.380,40.345,40.078,181.197,40.481,40.577,0.000,40.369,40.414,40.138,40.068,40.411,221.286,40.385,41.117
7.385,40.668,40.534,181.175,40.542,40.563,40.341,39.950,40.250,40.817,40.183,40.034,221.286,40.240,40.560
7.390,40.412,40.281,181.119,40.449,40.393,40.435,40.844,40.608,40.369,40.511,40.306,221.286,40.212,40.235
7.395,40.193,40.412,181.328,40.699,40.553,40.299,40.601,40.618,40.720,39.954,40.595,221.286,39.938,40.186
7.400,41.479,41.729,181.187,41.149,41.434,41.346,41.383,41.456,41.575,41.267,41.455,235.593,41.852,41.891
7.405,41.202,41.718,181.232,40.963,42.220,40.924,41.356,41.229,41.216,41.544,41.548,235.593,41.440,41.100
7.410,41.304,41.708,181.199,41.074,41.558,41.212,41.865,41.445,42.136,41.329,41.208,235.593,41.832,41.504
7.415,40.451,41.524,181.264,41.433,41.595,41.841,41.121,41.555,41.489,41.018,41.634,235.593,41.371,41.371
7.420,42.622,42.648,181.348,43.334,42.884,42.219,42.669,42.490,43.192,42.376,42.654,57.897,42.893,42.341
7.425,43.119,42.645,181.179,42.612,42.538,42.706,42.555,42.110,42.598,42.139,42.599,57.897,42.573,43.018
7.430,42.796,42.745,181.217,42.910,42.521,42.551,42.224,42.628,42.309,42.672,42.829,57.897,42.372,42.427
7.435,42.786,42.545,181.177,42.818,42.538,42.834,42.746,42.798,42.247,42.420,42.791,57.897,43.319,42.051
7.440,43.816,43.883,181.165,43.651,43.492,44.061,43.511,43.783,43.876,43.146,43.797,131.510,44.301,43.784
7.445,43.543,43.793,181.169,43.853,43.666,43.994,44.097,44.144,43.972,43.827,43.555,131.510,44.085,43.585
7.450,43.909,44.152,181.165,44.089,43.936,43.757,43.862,43.503,44.104,43.932,43.698,131.510,43.731,43.804
7.455,43.781,43.470,181.252,43.427,43.837,0.000,43.630,43.736,43.917,43.456,43.802,131.510,44.073,44.143
7.460,44.950,44.861,181.077,44.698,45.112,44.951,45.148,44.175,44.863,44.730,45.041,58.804,44.949,44.942
7.465,45.061,45.002,181.209,45.383,45.560,45.524,44.944,45.829,44.708,45.175,45.051,58.804,44.291,45.035
7.470,44.824,44.952,181.137,44.968,45.030,44.638,45.059,44.970,45.428,44.946,44.881,58.804,45.045,45.169
7.475,45.028,44.324,181.191,45.009,44.980,45.045,45.648,45.037,44.814,45.319,44.959,58.804,44.766,44.996
7.480,46.449,46.560,181.258,46.191,45.953,46.614,46.354,46.274,45.839,45.804,46.117,10.736,46.550,45.770
7.485,46.550,46.678,181.233,45.821,45.937,46.625,46.024,46.715,46.098,46.742,46.540,10.736,46.540,46.417
7.490,46.301,45.756,181.235,46.426,46.132,46.435,46.352,46.029,46.617,46.407,46.109,10.736,46.237,45.614
7.495,46.497,45.848,181.305,46.075,46.338,46.136,46.412,46.555,46.168,45.441,46.195,10.736,46.323,45.793
7.500,47.624,47.941,181.214,47.377,47.619,47.973,47.721,47.861,47.832,47.363,47.257,189.069,47.967,48.235
7.505,46.910,47.117,181.186,48.053,47.625,47.780,47.464,47.784,47.613,47.655,47.573,189.069,47.667,47.917
7.510,47.006,47.589,181.198,48.063,47.913,47.541,47.023,47.372,47.592,47.383,47.700,189.069,47.695,46.942
7.515,47.512,47.528,181.278,47.404,47.741,46.927,47.104,47.267,47.894,47.291,47.833,189.069,47.478,47.492
7.520,48.599,48.788,181.253,48.562,48.758,48.632,48.990,48.779,48.576,48.596,49.310,96.195,49.170,48.422
7.525,49.090,49.014,181.230,49.016,49.135,49.010,48.719,49.227,48.923,48.606,49.329,96.195,48.851,49.179
7.530,48.540,48.592,181.175,48.593,48.733,49.401,48.671,49.472,49.331,49.017,48.803,96.195,48.609,49.071
7.535,48.804,48.436,181.222,49.013,48.892,48.909,49.602,48.780,49.006,48.697,49.168,96.195,49.060,49.259
7.540,50.158,50.127,181.157,49.958,50.170,50.326,50.113,50.177,50.525,49.932,50.120,280.210,50.018,50.307
7.545,50.102,50.246,181.239,50.455,50.139,50.082,50.408,50.034,50.348,50.658,49.870,280.210,50.402,50.005
7.550,50.148,50.361,181.149,50.247,50.462,50.306,50.021,49.634,50.179,49.307,50.327,280.210,50.519,50.145
7.555,50.311,50.538,181.147,50.708,50.243,50.126,50.585,49.799,50.246,50.175,50.246,280.210,50.323,50.134
7.560,51.779,52.168,181.235,52.136,51.313,51.856,51.711,51.549,52.173,51.696,51.540,210.737,51.760,52.200
7.565,51.598,51.886,181.199,52.370,51.578,51.818,51.790,51.662,51.341,51.562,51.435,210.737,51.395,51.661
7.570,51.802,51.715,181.181,51.755,51.837,51.866,51.787,50.972,52.273,51.516,51.718,210.737,51.886,51.734
7.575,51.909,51.872,181.090,51.487,51.727,51.782,51.772,51.725,52.004,51.630,51.807,210.737,51.993,51.820
7.580,53.166,52.852,181.194,53.082,53.548,0.000,53.178,52.845,52.468,53.219,52.956,127.610,53.280,53.101
7.585,53.023,52.992,181.273,53.084,52.881,53.223,53.275,53.477,53.016,53.034,53.295,127.610,53.243,53.336
7.590,53.026,52.978,181.358,52.984,53.469,53.094,53.333,53.603,53.050,53.040,52.922,127.610,53.682,53.720
7.595,53.084,52.746,181.079,53.320,53.047,53.241,53.689,53.301,53.934,53.192,53.431,127.610,53.599,53.079
7.600,54.575,54.936,181.175,54.845,54.166,55.182,54.510,54.415,54.976,54.924,55.126,202.873,54.959,54.668
7.605,54.755,54.401,181.222,54.598,55.193,54.674,55.065,54.368,54.482,54.682,55.428,202.873,54.556,54.480
7.610,55.518,54.291,181.160,54.493,54.973,54.319,54.408,54.675,54.875,54.373,54.873,202.873,54.956,54.376
7.615,55.061,54.415,181.197,54.870,54.704,54.699,54.707,54.762,55.235,54.551,54.012,202.873,54.783,54.738
7.620,56.285,56.682,181.150,55.851,56.296,56.329,55.791,56.112,56.736,56.334,56.395,133.005,56.187,56.252
7.625,56.450,56.616,181.181,56.237,55.954,56.097,55.943,56.792,56.502,56.041,56.018,133.005,56.553,56.134
7.630,56.448,56.324,181.227,55.907,56.050,56.438,56.043,56.944,56.443,56.632,56.986,133.005,56.493,55.978
7.635,56.647,56.440,181.114,56.172,56.810,56.709,55.726,56.413,56.332,56.241,56.696,133.005,56.148,55.677
7.640,58.269,57.284,181.146,58.215,57.331,58.068,58.371,57.861,58.276,58.010,57.550,312.629,57.446,57.943
7.645,57.572,57.556,181.136,57.735,57.985,57.451,57.993,57.920,57.627,58.304,58.175,312.629,58.561,57.277
7.650,58.507,57.907,181.251,57.910,57.507,58.064,57.692,58.271,57.990,57.779,58.288,312.629,58.012,57.864
7.655,57.605,57.513,181.380,57.971,57.738,57.898,57.371,57.782,58.202,57.626,57.604,312.629,57.223,57.656
7.660,59.490,59.009,181.178,59.773,59.550,59.852,59.051,59.675,59.443,59.150,59.308,346.720,59.666,59.259
7.665,59.221,59.208,181.228,59.250,59.788,59.386,59.437,58.931,59.902,59.670,59.396,346.720,59.743,59.282
7.670,58.967,59.650,181.184,59.464,59.352,59.509,58.961,59.618,59.426,59.252,59.486,346.720,59.801,59.019
7.675,58.942,59.854,181.205,59.030,59.034,59.463,59.739,59.417,59.327,59.822,59.494,346.720,59.903,59.378
7.680,61.680,60.759,181.174,61.255,61.331,61.415,60.879,61.118,61.172,60.865,60.840,38.805,61.681,60.708
7.685,61.538,61.458,181.251,61.146,60.867,61.053,61.126,61.092,60.959,61.134,60.889,38.805,61.408,61.064
7.690,60.815,60.691,181.144,61.103,61.423,61.149,61.186,60.502,60.950,61.022,61.657,38.805,61.193,60.732
7.695,60.777,61.095,181.248,61.028,60.807,61.133,60.557,61.187,60.508,61.023,60.932,38.805,60.948,61.069
7.700,63.206,62.712,181.257,62.410,62.642,62.830,62.694,62.422,62.589,62.674,62.550,249.543,63.144,63.202
7.705,62.489,62.618,181.118,63.317,63.083,62.863,62.826,62.941,63.355,62.763,63.136,249.543,62.583,63.161
7.710,62.905,63.225,181.189,62.399,62.758,62.275,62.672,62.712,63.229,62.985,62.763,249.543,62.929,62.649
7.715,63.367,62.961,181.129,62.619,61.931,62.596,62.741,62.592,62.836,62.809,62.579,249.543,62.694,62.138
7.720,64.687,64.436,181.266,64.297,64.774,64.185,64.703,64.411,64.280,64.138,64.385,27.206,64.572,63.689
7.725,64.901,64.731,181.259,64.529,64.590,64.193,64.256,64.626,64.670,64.707,64.759,27.206,64.422,64.570
7.730,64.529,64.225,181.212,63.825,64.390,64.506,64.308,63.842,65.009,64.300,65.088,27.206,64.459,64.523
7.735,63.966,64.547,181.219,65.039,63.956,64.425,64.904,63.817,64.142,64.518,63.989,27.206,64.180,64.567
7.740,65.943,66.564,181.117,65.952,65.832,65.809,66.071,65.557,66.733,66.268,65.797,63.516,66.450,66.183
7.745,65.658,66.266,181.244,66.091,66.168,66.589,66.411,66.328,66.031,66.727,66.053,63.516,65.891,66.672
7.750,66.275,66.715,181.275,66.085,66.039,0.000,66.491,66.268,66.608,66.741,66.478,63.516,66.413,66.632
7.755,65.795,65.831,181.266,66.040,65.587,66.105,65.616,66.035,66.213,66.346,65.663,63.516,66.479,66.462
7.760,67.958,67.529,181.159,68.389,67.823,67.727,67.830,68.547,67.867,67.492,68.106,309.145,68.198,68.400
7.765,67.774,67.807,181.065,68.579,67.999,68.153,68.154,68.066,68.055,67.477,68.377,309.145,68.340,68.565
7.770,67.715,67.827,181.222,68.269,68.188,68.006,67.895,67.823,68.010,67.803,67.403,309.145,67.201,67.539
7.775,68.070,67.738,181.218,67.177,67.851,67.684,68.141,68.010,67.823,68.025,67.947,309.145,67.806,67.860
7.780,69.543,70.071,181.174,69.781,69.265,70.079,69.210,69.765,69.003,69.255,69.710,135.902,69.557,70.221
7.785,69.437,69.759,181.293,69.941,69.552,69.517,69.694,69.174,68.975,69.848,68.957,135.902,69.306,70.151
7.790,69.974,69.366,181.239,69.400,69.223,69.541,70.025,69.931,69.155,70.135,69.810,135.902,69.599,69.553
7.795,69.669,69.455,181.349,70.127,69.781,69.883,69.941,69.368,69.855,69.214,69.555,135.902,69.411,69.885
7.800,71.029,71.566,181.307,71.681,71.836,71.787,71.399,71.577,71.569,71.461,71.227,180.891,71.169,71.164
7.805,71.812,71.077,181.200,71.101,71.292,71.384,71.532,71.435,71.179,71.870,72.086,180.891,71.347,71.384
7.810,71.047,71.547,181.222,71.282,70.935,71.138,71.178,71.864,71.746,71.280,71.426,180.891,71.666,71.154
7.815,71.530,71.137,181.166,71.326,71.519,71.337,70.742,71.807,71.500,71.201,71.400,180.891,71.479,71.757
7.820,73.418,73.223,181.218,72.814,73.169,73.702,73.425,72.619,72.717,73.194,73.469,180.783,73.260,73.013
7.825,73.185,73.310,181.134,72.868,73.366,73.333,73.107,72.942,73.511,73.415,73.186,180.783,73.367,73.009
7.830,73.019,72.808,181.247,73.544,72.864,73.237,73.547,73.800,73.502,73.330,73.329,180.783,74.030,73.349
7.835,73.166,73.102,181.183,73.855,73.217,73.290,73.852,73.605,73.101,73.139,73.399,180.783,73.491,73.255
7.840,74.977,74.938,181.219,75.461,74.819,75.390,74.595,74.854,74.941,74.950,75.540,134.435,74.796,75.325
7.845,74.755,75.089,181.307,75.335,74.776,75.409,75.121,75.021,74.951,75.123,74.867,134.435,74.885,75.863
7.850,75.331,75.271,181.190,75.745,75.306,74.532,75.178,75.243,74.940,75.437,75.741,134.435,75.235,75.330
7.855,74.902,75.030,181.319,75.632,75.105,74.936,74.900,75.214,75.003,74.984,75.648,134.435,75.245,75.091
7.860,76.698,76.485,181.199,77.050,77.261,77.388,77.127,76.741,77.192,77.500,76.934,66.698,77.387,76.801
7.865,77.316,76.763,181.245,76.878,76.739,76.765,76.740,76.808,76.287,76.999,77.057,66.698,76.718,77.104
7.870,76.694,76.621,181.141,77.208,76.900,77.309,76.805,77.093,76.951,76.776,76.790,66.698,76.264,77.107
7.875,76.460,76.823,181.135,76.366,77.047,77.201,76.926,76.873,77.049,76.823,76.800,66.698,76.844,77.226
7.880,78.737,79.015,181.151,78.452,78.956,78.948,79.323,77.893,78.524,78.901,78.596,211.248,78.310,78.764
7.885,78.759,78.995,181.218,78.582,78.632,78.929,78.692,78.518,78.925,78.055,78.483,211.248,78.875,79.039
7.890,78.766,79.069,181.167,78.673,79.189,78.566,79.148,78.714,78.152,79.085,79.178,211.248,78.675,79.109
7.895,79.371,78.491,181.262,79.448,78.418,78.717,79.451,79.281,78.714,78.701,78.671,211.248,78.225,78.546
7.900,80.448,80.093,181.139,80.627,81.174,0.000,80.953,80.922,80.256,80.672,81.093,23.952,80.415,80.671
7.905,81.011,80.310,181.252,80.265,81.300,80.405,80.235,80.560,80.361,80.905,80.467,23.952,80.705,80.379
7.910,80.875,80.582,181.169,80.645,81.052,81.002,80.649,81.169,80.348,80.431,80.979,23.952,80.607,80.802
7.915,81.044,80.414,181.218,80.170,80.576,80.736,80.739,80.148,80.815,80.398,80.538,23.952,80.431,80.625
7.920,82.453,82.105,181.206,82.709,82.162,82.568,82.710,82.601,82.507,82.459,82.308,176.765,82.912,82.261
7.925,82.389,82.435,181.186,83.288,82.103,82.235,82.462,82.580,82.646,82.958,82.413,176.765,82.185,82.409
7.930,82.424,82.815,181.232,82.929,82.940,82.457,82.196,82.617,82.180,83.103,82.510,176.765,82.504,81.759
7.935,82.576,82.365,181.210,82.948,82.755,82.672,82.437,82.924,83.019,82.632,82.154,176.765,82.320,82.266
7.940,84.642,84.448,181.100,84.273,84.575,84.120,84.694,84.579,84.815,84.369,84.657,318.105,84.430,84.148
7.945,84.847,84.937,181.247,84.239,84.155,84.637,84.680,84.422,84.761,84.414,84.479,318.105,84.638,84.410
7.950,83.837,84.168,181.187,84.573,84.729,84.644,84.687,83.958,84.604,84.380,83.755,318.105,83.927,84.493
7.955,84.676,84.570,181.226,84.164,85.180,84.186,84.519,84.226,84.189,84.426,84.261,318.105,84.785,84.187
7.960,86.350,85.785,181.187,85.699,85.640,86.303,86.699,86.646,86.249,86.291,86.222,334.302,86.311,86.188
7.965,86.254,85.967,181.218,86.473,86.248,85.968,86.486,86.439,86.224,86.022,86.229,334.302,85.699,86.723
7.970,85.934,86.165,181.210,86.089,86.049,86.154,86.512,86.115,86.484,85.318,86.186,334.302,85.924,86.517
7.975,86.342,86.536,181.198,85.833,86.046,85.356,86.226,85.492,86.089,86.286,86.600,334.302,86.160,86.778
7.980,87.587,88.142,181.205,88.004,88.212,88.225,88.694,87.565,88.085,87.717,88.414,34.695,88.530,87.955
7.985,88.492,87.958,181.213,88.421,88.385,87.985,88.272,88.514,87.610,87.812,88.408,34.695,88.004,87.924
7.990,87.849,88.291,181.247,88.050,88.381,88.394,88.250,87.973,88.516,88.269,87.842,34.695,87.392,88.411
7.995,88.089,88.548,181.173,88.005,87.977,88.004,87.703,88.009,87.769,88.668,88.064,34.695,88.207,87.981
8.000,89.960,90.421,181.206,89.741,90.522,89.468,89.547,89.633,90.450,90.292,89.996,275.673,89.895,89.684
8.005,90.179,89.738,181.181,89.634,89.955,90.380,89.757,89.890,90.090,89.804,90.235,275.673,89.777,90.036
8.010,89.615,90.176,181.194,90.249,89.978,90.346,90.028,89.684,90.115,90.092,89.851,275.673,89.682,89.756
8.015,90.255,89.826,181.261,89.995,90.334,90.075,89.776,89.834,90.087,89.829,90.113,275.673,89.727,90.149
8.020,92.016,92.085,181.189,91.951,91.713,92.222,91.542,91.922,91.310,92.139,91.573,52.976,91.551,92.101
8.025,92.353,92.199,181.217,91.883,91.924,0.000,91.929,92.622,91.869,92.038,92.182,52.976,91.711,91.707
8.030,91.983,91.548,181.214,91.828,91.501,92.175,92.048,91.710,92.252,92.496,91.468,52.976,91.848,91.953
8.035,91.856,92.509,181.253,91.563,91.841,91.651,91.046,91.600,91.979,92.366,91.668,52.976,92.215,92.293
8.040,93.217,93.200,181.200,93.603,94.372,93.558,92.862,93.816,93.751,93.967,93.762,132.030,93.420,93.521
8.045,93.667,93.808,181.192,93.948,94.200,94.386,93.983,93.098,93.792,94.462,94.024,132.030,93.887,93.593
8.050,94.264,93.243,181.162,93.869,93.759,93.555,94.079,94.023,93.898,93.477,93.576,132.030,94.092,93.664
8.055,93.641,93.609,181.265,93.865,93.605,93.578,93.728,93.463,93.534,93.653,93.352,132.030,93.242,93.959
8.060,95.509,96.097,181.204,95.865,95.701,96.145,95.187,95.918,95.687,95.533,96.196,30.060,95.486,95.406
8.065,95.613,96.026,181.147,96.406,95.915,95.003,95.523,95.637,95.711,95.354,95.712,30.060,95.478,96.092
8.070,95.908,96.202,181.229,95.479,96.730,95.845,95.737,95.963,95.720,95.184,94.982,30.060,95.823,95.928
8.075,95.133,95.545,181.243,95.947,95.296,96.073,95.638,95.637,95.406,95.764,95.534,30.060,95.511,95.513
8.080,98.064,97.227,181.246,97.010,97.607,97.210,97.821,97.746,97.362,97.332,97.669,242.944,96.944,97.721
8.085,97.704,97.227,181.254,97.660,97.584,97.231,97.492,97.312,97.431,97.155,97.344,242.944,97.795,97.786
8.090,97.742,98.377,181.169,97.439,97.096,97.644,97.975,97.266,96.871,97.888,98.432,242.944,97.923,97.864
8.095,97.526,97.814,181.129,97.271,97.594,97.681,97.154,97.994,97.360,96.913,97.863,242.944,97.333,97.225
8.100,99.978,99.098,181.168,99.379,99.394,98.843,99.040,99.735,99.331,99.177,99.850,305.113,99.366,99.430
8.105,99.266,99.385,181.225,99.287,99.498,99.356,99.257,99.316,99.143,99.146,98.891,305.113,99.711,99.865
8.110,99.637,99.356,181.205,98.821,99.402,99.274,99.734,99.926,99.547,99.268,99.298,305.113,99.029,99.439
8.115,99.426,99.664,181.158,99.387,98.952,98.967,98.888,99.061,99.152,99.809,98.927,305.113,99.342,99.468
8.120,100.879,101.060,181.261,101.184,101.220,101.517,100.885,101.086,101.265,101.743,101.472,227.009,101.205,101.462
8.125,101.212,100.717,181.187,101.477,101.563,100.798,101.357,100.831,101.241,101.230,101.312,227.009,100.832,101.607
8.130,101.464,101.009,181.212,101.385,101.320,101.481,101.311,101.350,101.336,101.190,101.176,227.009,101.424,100.924
8.135,101.170,101.400,181.254,101.604,101.867,101.096,101.061,101.476,101.123,101.370,101.211,227.009,101.355,100.729
8.140,102.978,103.105,181.219,102.921,102.834,102.876,103.009,102.969,103.271,103.251,103.480,17.026,103.368,102.772
8.145,103.093,102.914,181.223,103.691,103.306,103.122,103.490,102.976,103.424,103.326,102.698,17.026,103.253,102.926
8.150,102.841,102.704,181.180,103.259,102.993,102.559,102.648,103.075,103.503,103.063,102.638,17.026,102.899,103.007
8.155,102.770,103.441,181.182,103.208,103.447,103.299,103.017,103.018,102.961,103.272,102.699,17.026,102.759,103.011
8.160,104.952,105.095,181.290,104.939,104.844,104.513,104.864,105.014,105.148,104.751,104.900,234.256,105.138,104.416
8.165,104.653,104.658,181.150,104.803,105.310,105.184,104.729,104.772,104.439,104.898,105.139,234.256,104.415,104.763
8.170,105.100,104.750,181.239,105.122,105.049,105.071,104.816,105.047,104.696,105.355,104.968,234.256,104.877,104.816
8.175,105.142,105.459,181.194,105.209,105.155,104.410,104.848,105.164,105.211,104.689,105.102,234.256,104.262,104.636
8.180,107.131,106.647,181.182,107.287,106.146,106.745,106.974,106.592,106.422,107.006,106.740,311.293,106.491,107.221
8.185,107.038,107.131,181.159,107.014,106.846,106.553,107.025,106.954,106.804,106.484,106.741,311.293,106.104,106.578
8.190,106.667,106.689,181.249,106.772,106.819,107.000,107.080,106.673,106.650,107.008,106.300,311.293,106.179,107.111
8.195,106.873,106.689,181.188,106.822,106.761,106.480,107.312,106.517,107.195,106.354,107.034,311.293,107.096,107.100
8.200,108.211,108.398,181.174,108.508,108.482,108.657,108.621,108.666,108.982,108.575,108.667,87.327,108.582,108.436
8.205,108.678,108.715,181.157,108.458,108.813,108.733,108.186,108.992,108.119,108.737,108.229,87.327,108.661,108.230
8.210,108.404,108.682,181.216,108.607,108.089,108.463,108.140,108.278,109.074,108.325,108.159,87.327,108.163,108.741
8.215,108.952,108.278,181.192,109.194,108.342,107.890,108.626,108.423,108.534,108.797,108.474,87.327,108.702,109.004
8.220,110.127,110.835,181.245,110.007,110.534,110.344,110.475,109.850,110.062,110.555,110.459,84.910,110.298,110.331
8.225,110.385,110.202,181.251,110.244,110.587,110.423,110.509,110.352,110.075,110.548,110.275,84.910,110.253,110.453
8.230,110.107,110.160,181.238,110.273,110.602,110.401,110.200,109.963,110.361,110.852,109.980,84.910,110.665,110.829
8.235,110.518,110.672,181.224,109.951,109.930,110.135,110.431,110.508,109.373,110.747,110.692,84.910,110.537,110.445
8.240,112.285,111.863,181.175,112.553,111.866,111.998,112.541,112.286,111.707,112.257,112.438,343.896,112.135,112.038
8.245,111.800,112.029,181.282,111.830,112.133,111.831,112.174,112.241,111.707,112.070,111.843,343.896,112.243,111.710
8.250,112.677,112.165,181.224,112.400,111.933,111.443,111.825,112.110,112.373,111.623,112.053,343.896,111.809,112.070
8.255,112.243,112.359,181.071,112.717,111.674,0.000,112.044,112.165,112.391,112.198,112.198,343.896,112.169,112.375
8.260,113.417,113.349,181.174,113.703,113.847,113.835,114.015,113.650,113.452,114.073,113.784,9.102,113.883,113.931
8.265,113.570,113.545,181.195,113.916,113.741,0.000,113.690,113.667,113.825,113.828,113.815,9.102,113.535,114.496
8.270,113.297,113.112,181.155,113.418,113.853,114.194,114.254,113.616,114.033,113.835,113.936,9.102,113.470,113.370
8.275,113.244,113.986,181.126,113.862,114.147,113.840,113.773,114.095,114.060,113.429,114.184,9.102,113.741,113.875
8.280,115.513,115.622,181.187,115.232,115.269,115.759,115.558,115.449,115.450,115.678,115.511,186.986,115.997,115.569
8.285,114.938,115.711,181.249,115.692,115.345,115.416,115.635,115.083,115.496,115.341,115.516,186.986,115.345,115.921
8.290,115.667,115.628,181.186,115.093,115.348,115.890,116.004,115.485,115.672,114.988,115.337,186.986,115.727,115.464
8.295,115.071,115.348,181.230,115.391,115.766,115.417,115.167,115.748,115.584,115.595,115.441,186.986,115.706,115.876
8.300,117.134,117.405,181.164,117.019,117.228,116.902,116.950,117.667,117.644,117.031,116.880,70.113,117.661,116.859
8.305,117.754,116.914,181.291,117.218,117.211,117.316,116.867,117.001,117.345,116.426,117.295,70.113,117.994,117.547
8.310,117.140,116.950,181.199,117.503,117.015,116.921,116.874,116.944,117.679,117.090,117.038,70.113,117.074,116.967
8.315,117.236,117.128,181.276,117.486,116.846,117.733,117.392,117.578,117.487,116.603,117.045,70.113,117.445,116.630
8.320,119.279,119.191,181.167,118.738,119.239,118.786,118.863,119.164,118.413,118.735,118.835,270.936,118.088,119.127
8.325,118.818,118.506,181.258,119.268,119.024,119.230,118.843,119.202,118.962,118.867,118.612,270.936,118.761,119.227
8.330,119.070,119.777,181.244,119.015,119.390,119.150,118.983,119.252,119.230,118.888,118.509,270.936,118.945,118.910
8.335,118.671,118.673,181.187,119.111,118.661,118.768,119.101,119.405,119.405,119.227,119.276,270.936,118.855,118.792
8.340,120.436,120.063,181.233,120.770,120.316,120.258,120.498,120.634,120.395,120.905,119.777,19.328,121.154,120.663
8.345,120.587,120.572,181.073,121.065,120.770,120.589,120.449,120.187,120.630,120.921,120.382,19.328,120.310,120.664
8.350,120.551,120.269,181.191,120.454,120.341,120.314,120.482,120.065,120.410,120.333,120.351,19.328,120.720,120.388
8.355,120.321,120.723,181.237,120.015,120.616,0.000,120.228,119.995,120.598,120.228,120.490,19.328,121.189,120.893
8.360,122.221,122.389,181.235,122.254,121.869,0.000,121.749,122.132,122.645,122.528,122.045,165.772,122.434,122.366
8.365,122.333,121.831,181.173,121.912,121.863,122.841,122.287,122.617,122.474,122.040,122.672,165.772,122.017,121.580
8.370,122.344,122.280,181.183,121.802,122.332,122.281,122.086,122.203,121.924,122.188,121.842,165.772,121.899,122.140
8.375,122.166,121.965,181.260,121.807,122.044,121.551,122.217,122.180,121.945,122.112,122.228,165.772,121.964,121.926
8.380,123.449,123.784,181.132,124.091,123.915,123.491,123.371,124.362,123.247,123.531,123.354,42.960,124.054,123.915
8.385,123.932,123.558,181.114,123.864,124.067,124.121,123.754,123.539,123.908,124.030,123.675,42.960,123.651,123.604
8.390,123.982,123.665,181.193,123.221,123.747,123.419,123.647,123.760,123.729,123.441,124.086,42.960,123.644,123.627
8.395,123.437,123.802,181.186,123.338,122.995,123.597,123.596,124.003,123.934,123.313,123.823,42.960,123.992,123.537
8.400,124.588,125.673,181.289,124.875,124.511,124.917,126.009,125.445,124.837,125.776,125.494,229.829,124.895,125.497
8.405,125.214,125.123,181.246,125.188,125.382,125.120,124.827,126.048,125.278,124.913,125.222,229.829,125.628,125.572
8.410,125.571,125.475,181.221,125.600,125.310,125.288,125.433,125.252,125.838,125.612,125.447,229.829,124.779,124.680
8.415,125.527,125.708,181.093,125.110,125.269,125.428,125.247,125.087,125.100,125.560,124.832,229.829,124.838,124.887
8.420,126.426,126.515,181.164,127.033,126.959,126.465,127.370,127.152,127.238,126.216,126.578,17.204,126.895,126.975
8.425,127.168,127.079,181.226,126.898,126.578,0.000,127.149,126.755,126.247,127.282,126.651,17.204,126.471,126.784
8.430,126.510,126.663,181.178,126.833,126.694,126.311,126.938,126.600,126.416,126.763,127.136,17.204,126.850,127.189
8.435,127.048,126.858,181.241,127.047,126.169,126.871,126.769,127.036,126.405,126.701,127.043,17.204,127.214,126.854
8.440,128.119,128.365,181.169,128.117,128.776,128.279,127.841,128.449,128.948,128.283,128.283,185.729,129.152,128.323
8.445,128.532,128.149,181.134,127.966,128.374,128.308,127.672,128.651,127.845,128.248,128.306,185.729,128.208,128.761
8.450,128.393,128.668,181.227,127.985,128.691,128.458,128.092,128.222,127.703,128.169,128.256,185.729,128.251,128.346
8.455,128.176,128.603,181.181,128.266,128.380,128.097,128.661,128.431,128.761,128.592,128.414,185.729,128.304,128.754
8.460,129.887,129.703,181.268,129.783,129.516,129.933,129.648,130.177,129.779,129.647,129.934,58.638,130.047,129.606
8.465,129.480,129.651,181.191,129.282,130.186,130.016,129.787,130.378,129.925,129.855,129.368,58.638,129.599,129.561
8.470,129.563,129.682,181.213,129.410,129.422,129.677,129.580,129.578,129.179,129.891,129.365,58.638,129.916,129.643
8.475,129.581,129.828,181.146,129.287,129.874,129.618,129.150,129.511,129.873,129.655,129.857,58.638,129.846,129.777
8.480,130.815,131.219,181.221,131.147,131.079,131.183,130.653,130.305,130.655,130.992,131.310,262.344,131.071,131.310
8.485,131.344,130.647,181.217,131.306,131.002,130.975,130.218,130.860,130.683,131.255,131.557,262.344,130.690,130.370
8.490,131.345,131.259,181.212,130.622,130.746,131.181,131.342,131.566,130.610,130.899,131.148,262.344,131.565,131.135
8.495,131.068,131.204,181.162,131.475,130.762,131.259,131.300,131.091,131.063,131.078,131.095,262.344,130.947,131.011
8.500,132.134,132.306,181.275,132.261,132.459,132.850,132.478,132.317,132.063,132.504,132.725,184.655,132.181,132.062
8.505,132.558,132.183,181.224,132.395,132.850,132.912,132.265,131.725,132.112,132.382,132.445,184.655,132.279,131.957
8.510,132.504,131.909,181.264,132.305,132.752,132.218,132.575,132.536,132.198,133.099,132.338,184.655,132.712,132.630
8.515,132.607,132.506,181.134,132.555,132.260,132.740,132.389,132.504,132.256,132.216,132.274,184.655,132.120,132.557
8.520,133.728,133.522,181.188,133.660,133.207,133.970,134.267,133.768,133.503,133.597,133.437,226.242,134.311,133.549
8.525,133.664,133.593,181.200,133.688,134.072,133.404,133.579,133.999,133.737,134.149,133.935,226.242,133.416,134.107
8.530,134.143,134.484,181.178,133.856,133.644,133.850,134.108,133.581,133.983,133.904,133.860,226.242,133.726,134.069
8.535,133.550,133.286,181.111,133.817,133.756,133.548,133.562,133.335,133.468,133.367,133.951,226.242,133.842,133.877
8.540,134.942,134.409,181.248,134.960,134.270,135.150,134.946,134.704,134.995,135.043,135.135,313.285,134.874,134.956
8.545,134.469,135.205,181.351,134.790,135.319,134.998,134.884,135.022,134.871,134.912,134.514,313.285,134.849,134.723
8.550,134.886,134.454,181.190,134.921,135.451,135.057,135.123,135.000,135.074,134.526,134.919,313.285,135.157,135.299
8.555,134.854,134.816,181.177,135.237,135.468,135.296,135.100,134.291,134.759,134.959,135.026,313.285,135.230,134.587
8.560,136.120,136.208,181.173,136.105,135.973,135.940,136.079,136.005,136.538,136.201,136.723,13.501,135.805,136.217
8.565,136.392,135.918,181.179,135.863,136.141,136.004,136.197,136.460,136.031,136.154,136.396,13.501,136.134,136.469
8.570,136.040,136.546,181.181,136.211,136.589,136.440,135.996,135.829,136.692,136.299,136.582,13.501,136.123,135.986
8.575,136.343,136.205,181.213,136.579,135.835,136.121,136.093,136.288,136.175,136.267,136.275,13.501,136.140,136.008
8.580,137.285,137.419,181.202,137.682,137.316,137.199,137.113,137.360,137.270,137.539,137.419,68.763,138.151,137.822
8.585,137.264,137.165,181.148,137.026,137.695,0.000,137.442,137.611,137.294,137.162,137.088,68.763,137.954,137.557
8.590,136.846,137.064,181.206,137.534,137.602,137.764,137.554,137.787,137.671,136.923,137.746,68.763,137.476,137.089
8.595,137.515,137.302,181.233,137.786,137.063,137.500,137.433,137.765,137.386,137.382,137.630,68.763,137.197,136.979
8.600,138.710,139.062,181.247,138.762,138.737,138.510,138.801,138.519,138.905,138.543,138.807,239.162,138.739,138.526
8.605,138.233,138.480,181.153,137.967,138.453,138.637,138.392,138.789,138.777,138.489,139.270,239.162,138.918,138.204
8.610,138.346,138.667,181.240,138.275,138.610,138.158,138.603,137.559,138.754,138.396,138.248,239.162,138.622,138.616
8.615,137.985,138.641,181.201,138.208,138.226,139.101,138.144,138.445,138.749,138.705,138.210,239.162,138.702,138.558
8.620,139.496,139.319,181.150,139.920,139.257,139.617,139.760,139.034,139.218,139.509,139.589,13.163,139.551,139.388
8.625,139.275,139.811,181.225,139.600,139.887,139.691,139.333,139.265,139.975,139.693,139.663,13.163,139.344,139.698
8.630,139.712,139.430,181.244,139.473,139.319,139.854,139.047,139.866,139.889,139.876,139.475,13.163,139.454,139.000
8.635,139.562,139.067,181.165,139.994,139.520,140.155,139.458,139.496,139.543,139.518,139.613,13.163,139.873,140.021
8.640,140.810,140.070,181.245,140.714,140.876,140.358,140.751,140.406,140.275,140.707,140.583,101.838,140.543,140.183
8.645,140.383,140.813,181.221,140.729,140.658,140.106,140.643,140.393,141.228,140.789,140.290,101.838,141.112,140.565
8.650,140.127,141.188,181.219,141.044,140.316,140.667,140.747,140.454,140.807,140.819,140.706,101.838,140.981,140.493
8.655,140.605,140.817,181.136,141.138,140.174,140.415,140.634,140.401,140.591,140.801,140.237,101.838,140.845,140.433
8.660,141.438,141.936,181.157,141.496,141.917,141.891,141.751,141.922,141.874,141.309,141.370,101.727,141.641,141.666
8.665,142.154,141.267,181.190,141.176,142.068,141.729,141.791,141.888,141.773,141.992,141.576,101.727,141.265,141.457
8.670,141.682,140.740,181.174,141.248,142.145,141.722,142.049,141.864,141.780,141.931,141.488,101.727,141.975,141.815
8.675,142.037,142.136,181.205,141.652,141.354,141.543,141.019,141.451,141.803,141.066,141.795,101.727,141.664,141.718
8.680,142.702,142.832,181.263,142.570,142.682,142.341,142.575,142.394,142.837,142.471,142.228,282.392,142.396,142.370
8.685,142.451,142.062,181.147,142.538,142.592,142.229,142.515,142.159,142.876,142.877,142.437,282.392,142.060,142.551
8.690,142.095,142.616,181.237,142.899,142.905,0.000,142.075,142.527,142.983,141.952,142.686,282.392,142.892,142.853
8.695,142.477,142.536,181.188,142.529,142.472,142.985,142.530,142.712,142.095,142.822,142.961,282.392,142.192,142.714
8.700,143.612,143.387,181.139,143.140,143.493,142.497,143.568,143.791,143.753,143.842,142.669,109.986,143.526,143.239
8.705,143.453,143.110,181.243,143.817,143.175,143.317,143.398,143.705,143.620,142.897,143.328,109.986,143.213,143.407
8.710,143.527,143.547,181.223,142.976,143.526,143.204,143.243,144.024,143.553,143.561,143.791,109.986,143.514,143.414
8.715,143.520,143.637,181.298,142.894,143.704,143.800,143.120,143.491,144.016,143.611,143.457,109.986,143.494,143.558
8.720,143.865,143.853,181.135,144.599,144.172,144.402,144.425,144.696,144.162,144.764,143.743,226.350,144.257,144.203
8.725,144.349,144.369,181.163,144.673,143.833,144.137,144.654,144.151,144.485,144.458,144.439,226.350,144.364,144.418
8.730,144.022,143.817,181.177,144.674,143.716,144.268,143.939,144.186,144.363,144.392,144.533,226.350,144.154,144.711
8.735,144.247,144.460,181.154,144.036,144.548,145.094,143.934,145.122,144.843,144.344,144.157,226.350,144.397,144.678
8.740,145.438,144.969,181.121,145.250,145.383,145.082,145.152,144.563,145.236,145.034,145.230,192.980,145.369,144.580
8.745,144.451,145.306,181.211,145.134,145.005,144.938,144.702,145.013,145.074,145.350,145.476,192.980,145.450,144.923
8.750,144.958,145.174,181.227,145.462,145.011,144.969,145.074,145.230,144.879,145.472,144.762,192.980,145.899,144.941
8.755,145.137,144.550,181.249,145.418,144.081,145.202,144.766,145.100,144.738,145.433,144.519,192.980,145.026,144.961
8.760,146.075,145.440,181.154,145.713,145.758,0.000,145.435,146.173,146.227,145.844,146.024,271.848,145.742,145.662
8.765,145.777,145.779,181.339,145.645,146.030,146.358,146.048,146.006,146.070,145.452,145.687,271.848,145.854,145.629
8.770,145.512,145.930,181.290,145.501,146.133,145.542,145.853,145.931,145.587,145.506,145.250,271.848,146.009,145.888
8.775,145.989,146.119,181.117,145.728,145.968,145.763,145.932,145.656,145.616,146.230,145.211,271.848,145.410,145.944
8.780,146.594,146.071,181.214,146.226,146.358,146.414,146.154,146.205,146.292,146.434,146.396,86.384,146.701,146.282
8.785,145.903,146.382,181.174,146.652,146.847,146.521,146.641,146.217,146.487,146.998,146.082,86.384,147.073,146.282
8.790,146.444,147.139,181.209,146.752,146.658,146.338,146.599,146.311,146.110,146.143,146.383,86.384,146.384,146.131
8.795,145.920,146.457,181.155,147.186,146.108,146.111,146.345,146.334,146.858,145.673,146.272,86.384,146.348,146.502
8.800,146.258,146.759,181.236,147.299,146.850,147.069,147.066,146.911,147.060,146.661,146.915,185.993,147.147,146.364
8.805,146.742,146.507,181.174,147.090,146.821,147.082,147.225,147.166,146.841,147.542,147.086,185.993,146.792,146.783
8.810,146.760,147.168,181.163,147.065,147.348,146.851,147.146,146.999,146.853,146.379,147.126,185.993,147.474,147.468
8.815,146.407,147.311,181.169,147.341,147.031,147.062,147.063,147.005,146.811,147.061,146.566,185.993,146.970,147.208
8.820,148.146,147.363,181.216,147.228,147.733,147.769,147.958,148.063,147.994,148.041,147.316,282.203,147.256,147.830
8.825,147.205,147.846,181.160,147.452,147.399,148.001,147.579,147.826,147.236,147.596,148.154,282.203,147.688,147.562
8.830,147.706,147.928,181.253,147.695,146.949,147.568,148.133,147.424,147.589,147.514,147.153,282.203,147.793,147.669
8.835,147.811,148.024,181.259,147.605,147.097,147.982,147.832,147.370,147.598,147.703,148.052,282.203,147.727,147.598
8.840,148.742,148.300,181.276,147.836,148.297,148.058,148.238,148.254,148.091,148.204,148.169,146.583,149.022,148.040
8.845,147.997,148.019,181.208,148.578,148.347,148.379,148.114,148.426,147.650,147.757,148.111,146.583,147.883,148.002
8.850,148.577,147.879,181.209,148.254,147.809,147.807,147.674,147.697,147.840,148.065,147.591,146.583,147.928,148.581
8.855,147.764,148.372,181.218,148.261,148.202,147.375,147.955,148.220,148.130,148.474,147.665,146.583,147.938,148.297
8.860,148.532,148.132,181.088,148.807,148.381,148.709,148.508,148.453,148.122,148.107,149.015,191.222,148.281,148.805
8.865,148.425,148.996,181.153,148.694,148.012,149.081,148.724,148.456,148.728,148.652,148.608,191.222,148.500,148.249
8.870,148.248,148.729,181.209,148.767,148.715,148.676,148.828,148.466,148.789,148.751,148.424,191.222,148.558,149.160
8.875,148.646,148.455,181.230,149.086,147.721,0.000,148.578,149.133,148.191,148.019,148.746,191.222,148.634,149.097
8.880,149.496,148.374,181.202,148.812,148.674,148.708,149.176,148.338,149.439,149.380,148.653,140.767,148.812,148.473
8.885,149.559,148.663,181.205,149.087,149.439,148.831,149.202,148.958,149.055,149.173,149.009,140.767,148.348,149.269
8.890,149.132,148.468,181.195,148.784,148.344,148.821,148.934,149.028,148.690,148.815,149.506,140.767,148.498,148.412
8.895,148.594,148.597,181.140,149.232,148.762,149.150,148.600,149.082,148.197,148.873,149.022,140.767,149.265,149.016
8.900,149.015,149.383,181.227,149.602,149.229,0.000,148.899,149.264,149.406,149.309,149.239,37.602,149.184,149.116
8.905,149.435,149.912,181.186,148.727,149.319,149.925,149.451,149.221,148.876,148.653,148.861,37.602,149.737,149.992
8.910,149.427,148.926,181.213,149.327,148.935,149.375,149.487,149.500,149.398,149.444,149.468,37.602,149.352,149.425
8.915,149.424,148.993,181.281,149.319,149.132,148.899,148.996,149.189,149.012,148.933,148.715,37.602,149.392,149.139
8.920,149.440,150.127,181.292,149.815,149.832,149.443,149.577,149.744,149.809,149.913,149.292,269.751,149.867,149.532
8.925,149.251,149.532,181.315,149.444,149.425,149.749,149.544,149.459,149.838,149.879,149.734,269.751,149.571,148.530
8.930,149.657,149.610,181.170,149.756,149.778,149.747,149.728,149.597,149.429,149.888,149.759,269.751,149.256,149.583
8.935,149.515,149.295,181.246,149.377,149.311,148.537,149.323,149.717,149.716,149.665,148.952,269.751,149.868,148.935
8.940,150.151,150.185,181.145,149.617,149.369,150.130,149.292,149.929,149.728,149.145,150.051,289.113,150.300,149.640
8.945,149.522,149.739,181.090,149.276,149.877,149.194,150.040,149.692,150.029,149.939,149.585,289.113,150.082,149.642
8.950,149.983,149.942,181.147,149.758,149.698,149.547,149.662,149.393,149.535,150.087,149.674,289.113,149.871,150.070
8.955,150.135,149.963,181.225,149.776,150.234,149.356,150.063,149.891,149.643,149.243,149.686,289.113,149.721,149.487
8.960,150.469,150.327,181.125,149.635,150.020,149.413,149.865,149.674,149.662,149.577,150.519,122.140,150.175,149.967
8.965,150.464,149.986,181.335,150.180,149.996,149.452,150.118,150.184,149.492,149.663,149.848,122.140,149.220,150.061
8.970,149.571,149.687,181.232,150.309,149.394,149.433,149.789,149.664,149.653,150.130,149.615,122.140,149.805,150.523
8.975,149.527,150.029,181.145,150.135,150.094,150.235,150.038,150.162,149.827,150.035,149.839,122.140,149.932,150.019
8.980,150.012,149.930,181.225,149.913,150.046,149.622,149.909,149.683,149.685,149.973,150.232,186.685,149.684,150.081
8.985,149.708,149.427,181.156,150.093,150.258,149.697,149.571,149.580,150.580,149.868,149.882,186.685,149.997,149.720
8.990,149.257,149.769,181.225,150.293,150.306,150.056,149.675,149.999,149.366,150.203,149.701,186.685,149.747,149.690
8.995,150.410,149.494,181.136,149.999,150.123,150.087,150.081,150.656,149.764,150.220,149.681,186.685,149.989,150.482
9.000,150.148,149.930,181.168,150.109,150.009,149.991,149.951,150.517,150.272,149.827,150.270,128.809,149.983,149.779
9.005,150.307,149.836,181.171,149.896,150.065,0.000,149.658,149.732,150.162,150.477,150.439,128.809,149.717,150.189
9.010,150.055,149.871,181.152,150.087,149.724,150.110,149.205,149.851,149.678,149.733,149.829,128.809,149.968,150.126
9.015,150.350,149.483,181.104,150.360,150.050,149.856,149.835,150.014,150.177,150.161,149.470,128.809,150.073,149.855
9.020,150.050,150.109,181.210,149.858,149.559,149.257,149.924,150.207,150.083,149.926,149.770,99.160,149.853,149.748
9.025,150.014,150.000,181.182,150.053,149.311,150.374,149.471,150.289,149.814,150.206,150.263,99.160,150.135,149.974
9.030,150.546,150.265,181.250,149.766,149.923,150.571,149.911,149.641,149.861,149.870,149.452,99.160,150.381,149.793
9.035,149.625,149.587,181.011,149.675,149.544,150.307,149.752,149.982,149.808,149.887,150.242,99.160,149.288,150.155
9.040,150.044,149.706,181.233,149.874,149.754,149.284,149.712,149.798,150.145,150.189,150.227,148.015,149.724,149.738
9.045,149.409,149.656,181.207,149.765,149.384,149.949,149.540,149.780,149.853,149.606,149.882,148.015,149.435,149.620
9.050,150.331,149.991,181.287,149.960,149.822,150.178,149.720,149.860,150.195,149.798,149.830,148.015,149.540,150.021
9.055,149.814,149.646,181.179,150.057,149.853,149.645,150.035,149.582,149.637,149.902,150.315,148.015,149.948,150.212
9.060,149.373,149.869,181.180,149.404,149.902,150.135,150.054,150.016,149.958,149.803,149.938,44.017,150.083,149.761
9.065,149.190,149.375,181.212,149.730,149.264,149.907,150.114,149.235,149.814,149.892,149.386,44.017,149.909,149.662
9.070,149.668,149.838,181.195,149.849,149.259,149.207,149.579,149.795,149.749,149.418,149.653,44.017,149.958,149.414
9.075,150.324,149.750,181.190,149.750,150.162,149.095,149.514,149.333,149.436,149.636,149.964,44.017,149.964,149.793
9.080,149.675,149.485,181.255,149.943,149.727,150.469,149.429,149.483,149.435,149.597,150.012,246.773,149.162,149.118
9.085,149.058,149.445,181.236,148.872,149.010,149.353,149.308,149.568,149.378,149.646,149.878,246.773,149.425,149.281
9.090,148.913,149.469,181.141,149.906,149.095,149.875,149.815,149.530,149.534,149.950,149.184,246.773,149.645,149.346
9.095,150.376,149.784,181.184,149.912,149.771,149.510,149.687,149.727,149.280,149.585,149.541,246.773,149.581,149.996
9.100,149.087,149.539,181.260,149.367,148.924,148.843,149.356,149.173,149.249,149.319,149.113,105.459,149.598,149.718
9.105,148.816,149.504,181.177,148.584,149.505,149.279,149.508,149.315,149.115,149.077,149.146,105.459,149.486,149.635
9.110,149.300,149.276,181.230,149.600,149.508,149.309,149.110,149.161,148.656,149.366,149.360,105.459,150.155,148.377
9.115,149.433,149.080,181.214,149.128,149.719,149.800,148.971,149.449,149.286,149.576,149.623,105.459,149.362,149.446
9.120,149.410,148.728,181.111,149.420,148.847,148.522,148.872,148.392,149.290,149.296,149.028,252.523,148.600,149.159
9.125,148.874,148.834,181.223,149.171,148.662,148.793,148.834,149.047,148.910,148.484,148.176,252.523,148.957,148.888
9.130,148.718,148.888,181.198,148.677,148.863,149.191,148.626,149.042,148.377,149.130,148.933,252.523,148.544,148.393
9.135,149.137,148.736,181.147,148.677,149.171,149.190,149.109,149.184,148.443,148.814,149.226,252.523,149.039,149.203
9.140,148.308,148.168,181.194,148.537,148.167,148.845,148.855,148.710,148.546,147.965,148.726,279.067,148.708,148.515
9.145,148.659,148.214,181.201,148.934,148.402,149.154,148.499,148.648,148.487,148.353,147.930,279.067,148.928,149.069
9.150,148.604,148.751,181.149,148.681,148.649,148.438,148.614,148.745,148.740,148.932,148.419,279.067,148.341,148.212
9.155,148.847,148.319,181.156,148.403,148.472,0.000,148.590,148.915,148.125,148.779,148.469,279.067,148.965,148.313
9.160,147.898,148.071,181.185,147.647,148.047,148.135,147.865,147.780,148.027,147.822,147.955,285.075,148.416,148.041
9.165,147.906,147.955,181.199,147.871,148.124,148.319,147.904,148.167,148.452,147.758,148.411,285.075,147.999,148.385
9.170,148.197,148.169,181.196,148.245,148.218,147.988,147.962,148.418,147.942,148.715,147.990,285.075,148.311,147.363
9.175,148.250,148.006,181.157,148.094,148.157,147.742,148.143,147.736,148.203,148.279,148.519,285.075,148.312,147.959
9.180,147.170,147.920,181.129,147.153,148.139,147.472,147.342,147.047,147.586,147.976,147.359,286.485,147.815,147.977
9.185,147.368,147.642,181.235,147.674,147.233,0.000,147.445,147.681,147.785,147.507,147.894,286.485,147.960,147.151
9.190,147.663,147.248,181.221,147.673,147.999,148.080,147.755,147.271,147.451,147.566,148.171,286.485,147.728,147.338
9.195,147.498,147.585,181.222,147.597,147.587,147.754,147.644,147.370,148.285,147.810,147.729,286.485,147.402,147.604
9.200,147.745,146.701,181.254,147.062,147.074,146.624,146.992,147.268,147.388,147.121,146.918,10.513,147.516,147.626
9.205,147.273,146.914,181.192,147.034,146.878,147.101,146.755,147.214,146.685,146.632,147.813,10.513,147.563,147.147
9.210,147.434,147.293,181.212,147.252,147.556,146.918,146.479,146.923,147.082,146.936,147.166,10.513,146.977,146.797
9.215,147.033,146.615,181.215,147.160,146.552,146.780,147.615,146.638,147.663,147.220,147.369,10.513,146.919,147.404
9.220,146.472,146.579,181.165,145.968,146.290,146.143,146.958,146.469,146.284,146.555,146.735,146.564,146.475,146.651
9.225,146.483,146.394,181.161,146.210,146.141,146.221,146.726,146.874,146.127,146.475,146.556,146.564,146.393,146.318
9.230,146.767,146.721,181.194,146.225,146.456,146.320,146.321,147.057,146.011,146.209,147.240,146.564,146.637,146.214
9.235,146.348,146.420,181.113,146.785,146.157,146.511,145.950,146.210,145.955,145.615,146.928,146.564,146.462,146.382
9.240,146.256,146.028,181.163,145.390,146.155,145.691,145.520,145.493,146.039,146.445,146.121,331.702,145.537,145.818
9.245,145.558,145.783,181.277,146.149,146.033,145.946,145.247,145.539,146.004,145.873,146.273,331.702,145.320,145.525
9.250,146.083,146.100,181.196,145.167,145.928,145.427,145.709,145.957,145.760,145.659,145.645,331.702,145.778,145.353
9.255,145.861,145.822,181.189,146.137,146.060,146.247,145.628,146.480,145.995,145.918,145.378,331.702,145.803,145.240
9.260,144.950,144.809,181.179,145.204,144.805,145.123,145.529,144.594,145.181,144.764,144.641,138.477,145.068,144.983
9.265,145.539,145.082,181.172,144.702,145.410,144.967,145.313,144.936,144.682,145.848,144.752,138.477,145.479,144.780
9.270,145.356,145.040,181.239,145.387,144.776,145.117,144.876,145.038,145.473,145.094,144.964,138.477,145.451,145.301
9.275,145.005,145.550,181.271,144.801,145.232,144.421,144.608,144.963,145.302,144.948,145.359,138.477,145.052,144.974
9.280,144.052,144.021,181.220,144.189,144.172,144.620,144.021,144.706,144.143,144.551,144.220,329.873,144.316,144.244
9.285,144.535,143.800,181.182,143.927,143.840,143.796,144.188,143.948,144.051,144.136,144.588,329.873,143.718,144.130
9.290,144.042,144.627,181.259,144.365,143.605,144.217,144.192,144.285,144.358,143.762,144.203,329.873,143.988,144.387
9.295,144.450,144.067,181.220,144.463,144.044,144.230,143.756,143.882,144.031,144.227,144.393,329.873,144.282,143.853
9.300,143.184,142.925,181.152,143.767,142.967,144.204,143.767,143.363,143.513,143.194,143.564,115.697,143.823,144.031
9.305,143.487,143.150,181.166,143.404,143.281,143.487,143.836,143.497,143.890,143.273,143.492,115.697,143.638,143.846
9.310,143.195,143.199,181.199,143.209,143.826,143.423,143.011,143.584,143.446,144.028,142.649,115.697,143.320,143.722
9.315,143.397,143.301,181.129,143.439,143.248,144.434,143.383,143.181,143.294,143.447,143.114,115.697,143.602,143.707
9.320,143.073,143.192,181.279,142.451,142.149,142.518,142.875,142.573,142.583,142.845,142.548,312.642,142.629,142.530
9.325,143.098,142.470,181.237,142.949,142.176,142.349,142.645,142.686,142.689,142.476,142.497,312.642,142.277,142.917
9.330,142.430,142.726,181.195,142.706,142.487,142.465,142.597,142.713,142.249,142.353,142.482,312.642,142.712,142.699
9.335,142.492,142.683,181.222,142.072,142.780,142.489,142.765,142.277,142.877,143.489,142.659,312.642,142.026,143.225
9.340,141.134,141.435,181.194,142.043,141.557,141.434,141.655,141.587,141.986,141.849,141.344,135.784,141.139,141.061
9.345,141.729,141.089,181.169,141.491,141.770,141.285,141.671,141.352,141.731,141.323,141.401,135.784,141.518,141.452
9.350,141.981,142.158,181.211,141.289,141.697,141.907,141.773,142.000,141.742,141.205,141.610,135.784,141.484,141.552
9.355,141.383,141.461,181.260,141.494,141.545,142.123,141.481,141.252,141.634,141.392,141.386,135.784,141.311,141.754
9.360,140.379,140.373,181.180,140.184,141.045,140.917,140.726,140.599,140.128,140.454,140.301,63.588,140.547,140.819
9.365,140.762,140.786,181.149,140.771,140.321,140.593,140.477,140.417,140.845,140.927,140.569,63.588,140.595,140.325
9.370,140.483,140.364,181.156,140.077,141.113,140.946,140.217,140.550,140.417,140.450,140.448,63.588,140.341,140.685
9.375,140.712,140.458,181.236,140.373,140.390,140.247,140.717,141.112,140.620,140.939,141.081,63.588,140.626,140.683
9.380,140.089,139.871,181.089,139.264,139.634,139.097,140.163,138.904,139.174,139.903,139.494,77.085,139.409,139.545
9.385,139.761,139.444,181.237,139.990,139.650,139.644,139.877,140.085,139.576,139.726,140.177,77.085,139.679,139.686
9.390,139.825,139.645,181.203,139.753,139.798,140.015,140.047,139.550,139.764,139.801,139.653,77.085,139.594,139.720
9.395,140.190,139.475,181.195,139.383,140.413,139.351,139.277,139.413,139.202,139.473,139.694,77.085,139.916,139.742
9.400,138.612,138.945,181.196,138.787,139.121,138.087,138.051,138.171,139.075,138.861,138.438,205.332,138.705,138.247
9.405,138.748,138.027,181.250,138.997,138.372,138.499,138.953,138.533,138.798,138.196,138.646,205.332,138.462,138.657
9.410,138.558,137.677,181.202,138.835,138.680,138.602,138.944,139.241,138.571,138.318,138.305,205.332,138.355,138.308
9.415,138.311,138.531,181.202,138.774,138.532,138.483,138.216,138.444,138.636,138.785,138.505,205.332,138.449,137.923
9.420,137.892,137.272,181.191,137.467,137.562,137.446,137.957,137.890,137.500,137.437,137.426,163.584,137.437,137.050
9.425,136.988,138.210,181.202,137.186,137.422,137.678,137.283,137.182,137.336,137.232,137.083,163.584,137.843,137.490
9.430,137.432,137.398,181.185,137.284,137.127,137.113,137.224,137.357,137.061,137.911,137.573,163.584,137.003,137.771
9.435,137.058,137.403,181.126,137.322,137.276,137.233,136.921,137.324,137.422,137.426,137.057,163.584,137.750,137.678
9.440,135.980,136.424,181.236,136.462,136.373,135.994,136.421,136.843,136.283,136.720,136.238,22.949,136.342,135.967
9.445,135.840,136.282,181.235,136.273,136.651,136.030,136.154,136.155,136.632,135.900,136.659,22.949,136.536,136.283
9.450,136.151,136.378,181.192,136.453,136.123,136.045,135.887,135.769,136.125,136.208,135.986,22.949,135.969,136.389
9.455,136.369,135.926,181.195,136.668,136.116,136.263,135.641,135.634,136.193,136.372,136.248,22.949,135.816,136.489
9.460,135.397,134.878,181.222,134.626,134.764,135.237,135.486,135.078,135.049,135.173,134.908,30.434,135.114,135.216
9.465,134.437,135.404,181.195,135.035,135.099,134.994,135.266,135.204,134.267,135.254,135.136,30.434,135.109,134.915
9.470,135.074,134.618,181.163,134.698,134.624,135.303,134.487,135.388,134.718,135.095,134.785,30.434,135.326,134.514
9.475,134.885,134.859,181.317,134.315,134.584,134.823,134.798,135.338,135.253,134.944,135.114,30.434,134.905,134.946
9.480,133.549,133.815,181.213,133.945,134.030,0.000,133.331,133.644,133.197,133.728,133.558,348.126,133.895,133.979
9.485,133.702,133.926,181.209,133.782,133.784,133.690,133.654,134.522,133.709,134.182,133.826,348.126,133.386,134.103
9.490,133.797,133.720,181.151,133.485,133.412,0.000,133.934,133.604,133.494,133.948,133.810,348.126,133.873,133.554
9.495,133.705,133.897,181.264,133.866,133.234,133.807,133.543,133.733,133.830,133.249,133.323,348.126,134.163,133.549
9.500,132.426,132.637,181.231,131.816,132.668,131.899,132.119,132.016,132.893,132.257,132.462,43.434,132.464,132.366
9.505,133.084,132.429,181.286,133.211,132.414,133.053,132.487,132.594,132.817,132.440,132.865,43.434,132.912,132.735
9.510,132.458,132.179,181.152,132.651,132.729,132.359,132.894,132.389,132.720,132.496,132.470,43.434,132.326,132.001
9.515,132.528,132.538,181.234,132.241,132.194,132.769,132.479,132.716,132.705,132.243,132.206,43.434,132.653,132.132
9.520,130.728,130.875,181.251,131.106,130.780,131.485,131.583,130.704,131.159,131.052,130.695,326.747,130.732,131.159
9.525,131.401,130.881,181.218,130.916,131.062,131.082,131.112,131.294,131.003,131.093,131.203,326.747,131.010,130.871
9.530,130.916,131.417,181.197,130.456,130.869,131.094,131.691,130.987,130.820,130.745,131.768,326.747,131.282,131.345
9.535,131.044,131.187,181.215,130.974,131.242,0.000,130.603,130.776,130.688,131.029,131.320,326.747,130.671,130.951
9.540,129.446,129.323,181.215,129.585,129.733,130.013,129.130,129.275,129.824,130.171,129.190,19.277,130.051,129.256
9.545,129.651,129.130,181.120,129.260,130.546,129.029,129.972,129.835,129.536,129.277,129.792,19.277,130.340,129.774
9.550,129.399,129.411,181.163,129.917,130.199,129.997,129.706,130.130,129.503,129.512,129.850,19.277,129.790,129.559
9.555,129.290,129.725,181.307,130.030,129.599,129.482,130.445,129.786,129.071,129.770,129.517,19.277,129.716,129.838
9.560,127.826,128.395,181.260,128.362,128.189,0.000,127.990,127.969,128.234,128.228,128.420,37.122,127.953,128.158
9.565,128.130,128.209,181.184,128.791,127.509,127.978,128.003,128.109,127.855,128.286,128.061,37.122,128.232,128.280
9.570,128.250,128.814,181.214,128.382,128.366,127.766,128.340,128.466,128.212,128.227,127.921,37.122,128.272,127.967
9.575,128.462,128.183,181.261,128.010,128.525,128.128,128.557,128.029,128.236,128.588,128.524,37.122,128.132,127.796
9.580,127.272,126.450,181.123,127.357,126.418,126.461,126.083,126.513,125.853,126.389,126.593,286.656,126.790,126.674
9.585,127.333,126.715,181.189,126.892,126.520,126.602,127.066,126.575,126.872,126.779,127.311,286.656,126.510,126.606
9.590,126.584,127.022,181.235,126.913,126.706,127.278,126.934,126.837,126.760,126.927,126.923,286.656,126.808,126.220
9.595,126.562,126.877,181.110,126.560,126.483,127.118,126.639,127.352,126.470,126.986,126.471,286.656,126.518,127.201
9.600,125.495,125.341,181.273,124.851,125.896,125.431,125.311,125.448,125.181,125.056,125.336,230.723,125.016,124.991
9.605,125.004,125.630,181.191,125.264,125.330,125.399,125.302,125.146,124.870,125.269,125.931,230.723,125.566,125.123
9.610,125.607,125.553,181.114,125.167,124.993,125.456,125.747,125.332,125.253,125.284,125.394,230.723,125.506,124.960
9.615,125.584,125.705,181.145,125.404,125.352,125.541,125.052,125.797,125.389,124.658,125.036,230.723,125.449,125.060
9.620,123.442,123.578,181.226,123.450,123.718,123.861,123.409,124.193,122.981,123.751,123.680,198.224,123.063,124.046
9.625,123.956,123.826,181.174,123.329,123.610,123.865,123.352,124.476,123.166,123.943,123.569,198.224,123.788,124.152
9.630,124.163,123.786,181.197,123.405,123.727,123.478,123.592,123.604,123.853,123.459,123.897,198.224,123.995,123.732
9.635,123.869,123.757,181.295,123.579,123.758,123.861,124.041,123.496,123.564,123.787,123.817,198.224,123.288,123.350
9.640,122.072,122.698,181.221,121.820,122.638,121.946,122.446,122.134,121.676,122.503,121.967,159.452,121.765,121.979
9.645,122.109,122.295,181.224,122.395,122.061,122.050,122.300,121.446,122.192,121.890,122.347,159.452,122.070,122.125
9.650,122.302,122.296,181.172,122.192,122.291,122.352,122.112,121.868,122.687,122.149,122.002,159.452,122.324,122.123
9.655,121.939,121.808,181.323,121.803,122.279,121.941,122.711,122.481,122.025,121.758,122.132,159.452,122.016,122.545
9.660,120.655,120.462,181.259,120.573,120.296,120.761,120.710,120.115,120.269,120.633,120.128,264.068,120.217,121.488
9.665,120.484,120.706,181.226,120.309,120.988,120.397,120.399,120.145,120.581,121.047,120.978,264.068,119.894,120.410
9.670,120.333,120.594,181.157,120.820,120.552,120.953,120.714,120.600,120.331,120.551,120.627,264.068,120.609,120.352
9.675,120.263,120.265,181.080,120.611,120.090,120.241,120.594,120.263,120.220,120.532,120.482,264.068,121.067,119.926
9.680,119.085,119.101,181.226,118.616,118.952,118.701,118.607,118.400,118.505,118.026,118.954,103.823,118.586,119.019
9.685,118.647,118.907,181.243,118.757,119.032,118.843,118.568,118.657,119.046,119.048,118.582,103.823,119.323,118.381
9.690,118.985,119.231,181.167,119.010,119.047,119.409,119.130,119.037,118.939,118.881,118.795,103.823,119.081,118.988
9.695,118.365,119.118,181.204,118.551,119.264,118.917,119.655,118.939,118.744,118.655,119.256,103.823,118.972,118.491
9.700,117.193,117.554,181.096,117.182,117.810,117.350,116.940,116.312,117.461,117.048,117.252,106.272,117.082,117.668
9.705,117.285,117.003,181.182,117.651,116.918,116.960,117.111,117.235,117.408,117.621,117.119,106.272,116.733,117.209
9.710,117.358,117.070,181.221,117.246,116.944,117.003,117.315,117.465,117.343,117.451,117.289,106.272,116.903,117.300
9.715,117.534,117.529,181.247,117.206,117.018,117.413,117.487,117.133,116.913,117.434,117.098,106.272,117.350,117.213
9.720,115.716,116.443,181.248,115.584,115.302,115.393,115.541,115.379,115.536,115.776,115.747,343.139,115.181,115.590
9.725,115.727,115.792,181.216,115.548,115.283,115.390,115.911,115.656,115.615,115.624,115.156,343.139,115.509,115.221
9.730,115.479,115.763,181.188,115.578,115.630,115.517,115.289,115.614,115.810,115.615,115.596,343.139,115.661,115.417
9.735,115.251,115.482,181.169,114.801,115.214,116.086,115.880,115.937,115.375,115.493,115.869,343.139,114.998,115.438
9.740,113.495,114.488,181.216,113.464,113.818,113.886,113.772,113.888,113.643,113.970,113.738,127.644,114.051,113.600
9.745,113.614,113.975,181.202,113.429,113.875,113.908,113.882,113.783,113.525,113.818,113.490,127.644,113.976,114.204
9.750,113.915,113.880,181.256,113.459,113.710,114.023,113.969,113.322,114.017,113.940,114.036,127.644,113.759,113.545
9.755,114.144,114.006,181.206,113.477,113.452,114.045,113.463,113.749,113.851,113.818,113.658,127.644,113.685,113.873
9.760,112.205,112.002,181.203,112.655,112.328,112.359,112.242,111.972,112.219,111.991,111.736,85.837,111.949,111.820
9.765,112.162,112.345,181.254,112.136,111.924,112.231,111.896,112.243,111.817,112.131,112.153,85.837,111.970,112.414
9.770,112.327,112.191,181.193,112.122,111.927,111.777,112.078,111.968,112.610,111.845,111.727,85.837,112.121,111.424
9.775,112.004,112.098,181.165,111.920,112.079,111.681,112.261,112.189,112.172,112.210,111.814,85.837,112.338,112.277
9.780,110.391,109.963,181.198,110.063,109.202,110.500,110.361,110.367,110.514,110.639,110.572,197.897,110.274,110.614
9.785,110.306,110.048,181.191,110.287,110.380,110.295,110.098,111.034,110.063,109.893,110.509,197.897,110.147,110.373
9.790,110.401,110.268,181.185,110.461,110.313,110.443,110.634,110.667,110.478,110.341,110.027,197.897,110.770,109.998
9.795,110.273,109.711,181.255,110.263,110.625,109.941,110.636,110.106,109.784,110.191,109.625,197.897,109.640,110.202
9.800,108.170,108.324,181.214,108.952,108.619,108.498,108.773,108.615,108.315,108.759,108.683,171.707,108.731,108.337
9.805,108.441,108.572,181.156,108.729,108.686,108.915,109.100,108.809,108.497,108.136,108.434,171.707,108.846,108.418
9.810,108.313,108.564,181.190,107.798,108.617,108.778,108.714,108.743,108.227,108.030,108.459,171.707,108.942,108.737
9.815,109.070,109.210,181.196,109.289,108.425,108.149,107.801,108.592,108.405,108.538,108.396,171.707,108.680,108.193
9.820,107.179,106.171,181.214,106.434,106.639,106.740,106.807,106.445,106.945,107.370,106.520,200.369,106.821,106.855
9.825,106.567,106.702,181.210,106.788,106.809,106.910,106.749,106.886,106.706,106.361,106.463,200.369,106.592,106.595
9.830,106.497,106.642,181.190,106.973,106.738,106.861,106.362,106.220,106.664,107.163,106.794,200.369,106.605,106.379
9.835,106.757,106.845,181.216,106.440,106.830,106.860,106.589,106.922,107.114,106.464,106.357,200.369,106.936,106.413
9.840,104.487,104.857,181.274,104.574,104.808,104.573,104.648,105.172,105.140,105.103,105.353,85.754,104.895,104.786
9.845,105.303,104.708,181.219,105.370,104.823,104.635,105.180,104.435,104.860,104.549,104.546,85.754,105.283,104.868
9.850,104.916,104.991,181.194,104.590,104.856,104.645,105.056,105.549,104.868,104.693,104.534,85.754,104.760,105.005
9.855,104.791,104.852,181.235,105.616,104.988,104.973,104.949,105.306,104.252,104.983,105.077,85.754,105.332,105.001
9.860,103.410,103.734,181.246,103.456,103.063,102.628,103.158,102.517,102.666,103.147,103.325,174.108,102.844,103.046
9.865,103.479,102.999,181.278,103.071,103.604,0.000,102.879,103.237,102.859,102.999,102.980,174.108,103.482,102.810
9.870,103.142,103.240,181.209,103.458,103.017,103.423,102.926,102.912,103.332,102.516,103.410,174.108,103.113,103.391
9.875,103.396,103.376,181.259,103.517,103.218,102.999,103.284,102.980,102.659,103.159,103.086,174.108,103.054,103.280
9.880,100.756,101.385,181.132,101.204,101.254,100.978,101.373,101.275,101.301,101.669,101.496,268.224,101.536,101.518
9.885,101.024,101.206,181.174,100.716,101.269,100.122,101.148,101.587,101.205,100.800,101.374,268.224,101.250,100.587
9.890,100.998,101.236,181.223,101.565,101.323,101.494,100.889,101.392,101.532,101.535,101.021,268.224,101.321,101.097
9.895,100.766,101.199,181.224,101.471,100.976,101.569,101.628,101.547,101.259,101.181,100.673,268.224,101.562,101.284
9.900,99.649,99.145,181.161,98.825,99.176,99.590,99.395,99.527,99.840,99.047,99.444,35.931,99.619,99.987
9.905,100.105,99.423,181.150,99.803,98.949,98.977,99.149,99.435,99.508,99.421,99.285,35.931,99.225,99.230
9.910,98.998,99.884,181.278,99.200,99.317,98.863,99.030,99.028,99.011,99.986,98.943,35.931,100.092,98.945
9.915,99.223,99.834,181.132,99.003,99.535,99.742,99.511,99.318,99.681,99.308,99.300,35.931,99.104,99.530
9.920,97.840,97.280,181.192,97.250,96.666,97.768,97.529,97.717,97.247,97.500,97.525,247.961,97.828,97.511
9.925,97.436,97.787,181.103,97.855,97.119,97.267,97.630,97.364,98.207,97.086,97.662,247.961,97.868,97.526
9.930,97.520,97.533,181.231,98.031,97.688,97.710,97.565,98.084,97.388,97.785,97.448,247.961,97.791,97.675
9.935,97.284,97.494,181.227,97.934,97.428,97.384,98.015,97.465,97.523,97.801,97.522,247.961,97.058,98.171
9.940,95.747,95.585,181.124,95.714,95.388,95.494,95.449,95.244,95.863,95.824,95.569,301.910,96.150,95.977
9.945,95.359,95.917,181.253,95.561,95.822,95.308,95.695,95.666,95.785,95.809,95.240,301.910,95.575,95.673
9.950,95.872,95.396,181.216,95.830,95.657,95.512,95.394,95.393,96.058,96.078,95.736,301.910,95.748,95.397
9.955,95.803,95.403,181.117,95.593,95.537,95.549,95.662,95.999,95.872,95.552,95.708,301.910,95.838,95.967
9.960,93.880,94.147,181.214,93.758,93.560,93.951,93.571,94.417,93.826,93.863,93.611,106.575,93.907,93.442
9.965,93.541,93.264,181.159,93.719,93.364,93.431,93.743,93.884,93.768,93.158,93.974,106.575,93.443,93.972
9.970,93.705,93.630,181.162,93.777,94.009,94.162,93.938,94.300,93.670,94.265,93.659,106.575,93.610,94.026
9.975,93.908,93.912,181.245,93.359,93.975,93.939,93.593,93.838,93.835,93.588,92.969,106.575,93.751,93.761
9.980,91.620,91.881,181.239,91.576,91.740,91.642,91.783,91.894,91.240,92.318,92.227,288.114,91.833,91.599
9.985,91.594,91.814,181.249,91.842,91.747,92.068,92.101,91.717,92.073,92.340,92.065,288.114,92.688,91.942
9.990,91.211,92.453,181.200,92.110,91.639,92.338,91.737,91.817,92.273,92.187,91.978,288.114,91.690,91.721
9.995,91.725,92.294,181.278,91.692,91.538,92.037,92.115,91.830,91.725,91.478,91.501,288.114,91.844,91.879
10.000,89.955,90.124,181.289,90.471,90.393,90.608,90.452,90.314,89.973,89.488,90.337,146.219,90.099,89.784
10.005,90.281,90.321,181.240,90.483,90.266,90.908,90.190,89.941,90.198,90.151,89.567,146.219,90.393,90.214
10.010,89.641,90.006,181.230,89.602,89.534,89.942,90.060,90.481,90.071,90.560,90.277,146.219,89.935,89.846
10.015,89.569,89.926,181.259,90.008,90.203,89.850,90.080,89.947,89.859,90.056,90.547,146.219,90.108,89.926
10.020,88.472,88.498,181.193,88.245,87.641,87.795,88.256,87.717,88.523,88.621,88.152,245.977,88.364,87.936
10.025,88.439,88.546,181.248,87.907,87.871,87.455,88.089,88.403,88.135,87.970,88.056,245.977,87.879,88.184
10.030,87.776,87.794,181.306,88.815,87.914,88.028,87.772,88.159,87.672,87.921,88.542,245.977,88.053,88.128
10.035,87.966,88.597,181.195,87.400,88.126,88.172,88.357,87.895,88.627,88.382,88.100,245.977,88.001,88.532
10.040,85.689,86.875,181.235,86.212,86.378,86.472,85.851,86.219,86.059,86.553,85.638,167.253,86.684,86.723
10.045,86.210,86.548,181.207,86.228,86.455,86.089,86.015,86.297,86.728,86.712,86.046,167.253,86.127,86.064
10.050,86.614,85.930,181.172,86.043,85.921,86.032,86.296,85.772,86.063,86.662,86.207,167.253,86.474,86.482
10.055,86.465,86.486,181.204,86.063,86.326,86.031,86.567,85.896,86.492,86.013,85.898,167.253,86.073,86.709
10.060,84.038,84.203,181.193,83.950,84.563,0.000,83.942,83.794,84.484,84.386,83.786,297.841,84.730,83.915
10.065,84.435,84.752,181.230,84.364,84.373,84.448,85.191,84.680,84.078,83.844,84.368,297.841,83.974,84.404
10.070,84.138,84.385,181.269,84.752,84.050,84.485,84.422,85.110,84.320,84.327,83.975,297.841,84.195,84.491
10.075,84.446,84.363,181.146,83.962,84.559,84.574,84.433,84.988,84.762,83.897,85.228,297.841,84.552,84.525
10.080,82.316,82.256,181.206,82.501,83.057,82.846,82.551,82.615,82.513,83.000,82.646,194.215,82.734,82.391
10.085,82.665,82.493,181.188,82.772,82.599,82.073,82.670,82.262,82.599,82.300,82.650,194.215,82.922,83.042
10.090,82.853,82.562,181.214,82.903,82.491,82.680,82.195,82.602,82.175,82.234,82.415,194.215,82.415,82.218
10.095,82.575,82.105,181.157,82.345,82.613,82.467,82.492,82.286,82.683,82.764,82.811,194.215,82.388,82.577
10.100,80.720,80.467,181.259,80.905,80.906,80.305,80.522,80.892,80.561,80.635,80.601,179.798,80.927,80.285
10.105,80.730,80.350,181.198,80.056,80.186,80.158,80.634,80.420,80.229,80.630,81.148,179.798,80.598,80.293
10.110,80.873,80.951,181.184,80.929,80.557,80.766,80.876,80.447,80.443,80.427,81.160,179.798,80.415,81.073
10.115,80.491,80.691,181.135,80.206,80.375,80.545,80.642,80.542,80.663,80.772,80.008,179.798,80.105,80.816
10.120,78.707,78.637,181.252,79.029,78.844,78.460,78.549,78.305,79.051,79.241,78.349,303.895,79.554,78.479
10.125,78.712,79.095,181.184,79.089,78.339,79.030,79.080,78.914,78.877,78.680,78.909,303.895,78.796,78.953
10.130,79.149,78.816,181.202,78.746,78.613,78.894,78.363,78.585,78.288,78.902,78.959,303.895,79.060,78.975
10.135,78.806,78.715,181.260,78.616,79.000,79.227,79.463,78.065,78.746,78.912,78.988,303.895,78.425,78.634
10.140,77.082,76.816,181.169,76.957,77.275,76.860,77.097,76.887,76.853,77.213,77.048,110.798,77.408,76.737
10.145,76.804,77.281,181.179,76.932,76.355,76.157,76.857,77.498,76.716,76.781,77.557,110.798,76.575,76.770
10.150,76.511,76.968,181.192,76.824,77.134,76.290,77.029,77.057,77.461,77.286,76.524,110.798,76.441,76.859
10.155,76.823,76.420,181.144,76.828,76.431,76.832,76.476,77.014,76.747,77.080,77.003,110.798,77.340,77.715
10.160,75.222,74.916,181.252,74.919,74.501,75.228,74.959,74.361,74.592,75.655,74.353,12.187,74.869,75.105
10.165,74.989,75.018,181.189,75.451,74.976,74.531,75.692,75.272,75.381,75.027,75.184,12.187,75.410,75.716
10.170,74.912,74.408,181.229,75.151,74.836,74.716,75.242,74.884,75.118,74.900,75.483,12.187,75.412,75.312
10.175,74.971,75.379,181.266,74.958,74.950,74.595,74.917,75.235,74.704,75.128,75.512,12.187,74.719,75.484
10.180,73.417,73.660,181.144,73.583,72.992,73.275,73.444,72.960,73.517,73.424,73.236,192.881,73.199,73.748
10.185,73.390,73.011,181.163,73.161,73.213,73.538,73.698,73.272,73.602,73.218,73.820,192.881,74.034,73.012
10.190,73.263,73.593,181.178,73.206,73.358,73.188,73.612,73.223,73.320,73.413,73.484,192.881,73.106,72.871
10.195,72.984,73.430,181.198,73.302,73.310,73.103,73.219,73.077,73.489,73.325,72.972,192.881,73.397,73.620
10.200,71.260,71.548,181.222,71.370,71.877,71.248,71.426,71.127,70.928,71.904,71.500,43.479,71.128,70.939
10.205,72.530,71.220,181.191,71.708,71.543,71.508,71.274,71.758,71.520,71.698,71.731,43.479,71.171,71.900
10.210,71.411,72.026,181.188,71.641,71.796,71.022,72.137,71.748,70.888,71.323,71.298,43.479,71.634,71.777
10.215,71.644,71.584,181.106,72.102,71.435,71.480,71.772,71.273,71.420,71.176,71.343,43.479,71.330,71.574
10.220,69.769,69.481,181.166,69.687,69.767,70.025,69.846,69.144,69.330,69.734,70.042,15.445,70.044,69.849
10.225,69.269,69.934,181.212,70.347,69.746,69.787,69.733,69.371,69.165,69.691,69.771,15.445,69.545,69.482
10.230,70.069,69.732,181.176,69.357,69.673,69.310,69.633,69.960,69.328,69.250,69.621,15.445,69.697,69.489
10.235,69.702,69.439,181.180,69.697,69.142,69.937,69.603,69.316,69.635,69.966,69.097,15.445,69.350,69.808
10.240,67.650,68.148,181.175,68.061,68.359,67.721,67.815,67.843,67.447,68.120,67.597,38.115,67.948,67.924
10.245,68.139,68.044,181.172,67.260,67.896,67.897,67.965,67.818,67.656,68.051,67.961,38.115,67.322,67.565
10.250,67.747,67.357,181.091,68.266,67.626,67.906,68.026,67.735,67.486,68.130,67.876,38.115,68.184,67.937
10.255,68.008,67.921,181.192,67.919,67.830,67.896,68.118,67.940,67.700,67.433,68.315,38.115,67.922,67.888
10.260,65.781,66.312,181.207,65.755,66.182,66.092,65.763,66.077,66.195,66.743,65.966,157.348,65.878,66.447
10.265,66.119,66.456,181.182,66.556,66.023,66.089,66.301,66.025,66.351,66.306,66.319,157.348,66.070,66.188
10.270,66.369,66.528,181.269,66.471,65.581,66.750,66.385,66.663,66.393,65.866,66.164,157.348,66.123,66.584
10.275,66.028,66.234,181.149,65.922,65.801,65.908,66.456,65.726,65.734,66.262,66.268,157.348,66.432,66.114
10.280,64.038,64.558,181.217,64.534,64.666,64.498,64.449,64.940,64.673,64.066,64.800,109.440,64.454,64.387
10.285,64.212,64.140,181.236,64.494,64.835,64.039,64.501,64.273,64.048,64.565,64.889,109.440,64.365,64.304
10.290,64.652,64.435,181.164,64.243,64.683,64.406,64.543,64.944,64.404,64.411,63.963,109.440,64.413,64.375
10.295,63.984,64.262,181.253,64.740,64.344,64.379,64.771,64.627,65.032,64.207,65.027,109.440,64.055,64.257
10.300,62.350,63.027,181.100,62.323,62.560,62.921,63.402,62.840,62.448,62.831,62.663,254.850,62.809,62.874
10.305,62.988,63.136,181.228,63.011,63.014,62.587,62.626,62.599,62.924,62.432,63.291,254.850,62.780,62.755
10.310,62.792,62.610,181.222,62.565,62.714,63.153,62.653,62.484,62.239,62.477,62.207,254.850,63.363,62.667
10.315,62.745,62.129,181.171,63.088,63.227,62.731,62.245,62.831,62.975,62.485,63.006,254.850,62.990,63.191
10.320,60.961,61.207,181.210,61.816,61.212,61.299,61.351,61.005,61.566,61.564,61.451,47.232,60.752,60.560
10.325,61.209,61.416,181.162,61.478,61.183,60.784,60.392,62.043,61.231,61.053,60.703,47.232,61.091,60.924
10.330,61.337,61.036,181.187,60.770,61.296,60.869,61.442,60.715,60.921,60.923,61.675,47.232,60.816,61.188
10.335,61.224,60.689,181.145,61.306,61.237,61.725,61.365,61.220,60.790,60.984,60.863,47.232,61.168,61.160
10.340,58.938,59.671,181.183,59.365,59.468,59.068,59.286,59.197,60.020,59.415,59.209,261.103,59.739,59.536
10.345,59.641,59.227,181.201,59.725,59.444,59.777,59.390,59.613,59.599,59.292,58.380,261.103,59.383,59.606
10.350,58.967,59.495,181.172,59.948,60.114,59.887,59.530,59.128,59.735,59.277,59.543,261.103,59.571,59.472
10.355,59.962,59.416,181.226,59.069,59.294,59.780,59.357,59.233,59.408,59.670,59.515,261.103,59.635,59.442
10.360,57.716,58.082,181.304,57.230,58.109,58.143,57.830,58.199,58.098,58.108,57.725,87.035,58.349,57.574
10.365,58.027,57.461,181.189,57.742,58.157,57.530,58.368,57.951,57.900,57.956,57.563,87.035,57.712,57.662
10.370,57.946,58.229,181.159,57.752,57.570,57.887,57.724,57.951,57.701,57.989,57.226,87.035,58.386,58.137
10.375,57.659,57.959,181.185,57.523,57.702,58.081,57.563,57.695,57.788,57.937,57.619,87.035,57.577,58.161
10.380,56.627,56.930,181.179,56.314,56.339,0.000,56.422,56.081,55.945,55.974,56.152,275.704,55.859,55.411
10.385,56.340,55.984,181.194,56.244,56.241,55.984,56.262,56.382,56.525,56.207,56.357,275.704,55.691,55.996
10.390,56.903,55.645,181.188,56.324,56.563,55.926,56.394,56.031,55.966,56.757,56.032,275.704,56.061,56.108
10.395,56.472,56.252,181.133,56.281,55.713,56.342,56.160,56.171,56.915,55.780,56.442,275.704,56.236,55.780
10.400,54.835,54.319,181.208,54.379,54.902,54.995,54.728,54.906,55.018,55.016,54.683,68.963,54.632,55.110
10.405,55.481,54.749,181.232,55.200,54.926,54.622,54.971,54.768,54.684,54.468,54.961,68.963,54.730,55.123
10.410,55.151,54.152,181.189,54.881,54.908,54.526,54.741,54.962,54.827,54.655,54.476,68.963,54.726,54.900
10.415,54.745,54.983,181.237,54.536,55.148,54.739,54.976,55.937,54.972,54.747,55.088,68.963,54.229,54.933
10.420,52.999,53.258,181.187,53.595,53.456,52.682,53.370,53.555,53.043,53.380,53.327,203.882,53.011,53.444
10.425,53.806,53.440,181.206,52.967,52.961,53.259,53.543,53.104,53.458,53.926,53.079,203.882,53.371,52.682
10.430,53.601,53.199,181.181,52.649,53.451,54.081,52.617,53.084,52.989,53.345,53.404,203.882,53.095,53.740
10.435,53.600,52.828,181.090,53.281,53.120,52.731,53.527,53.361,53.090,52.861,52.888,203.882,53.984,53.522
10.440,51.672,52.081,181.167,51.499,51.475,52.193,51.767,51.306,51.829,51.304,52.199,92.542,51.732,51.626
10.445,51.588,52.138,181.183,51.400,51.884,51.799,51.934,51.655,52.007,51.776,51.708,92.542,51.690,51.595
10.450,51.504,52.219,181.262,52.058,51.996,51.161,51.602,51.461,51.642,51.524,51.971,92.542,51.696,51.855
10.455,52.107,51.614,181.204,51.678,51.801,51.596,51.487,51.827,51.660,51.605,51.811,92.542,51.509,51.570
10.460,50.289,50.378,181.196,50.400,50.769,50.375,49.968,50.380,50.511,50.450,50.478,304.514,50.151,50.125
10.465,50.530,50.504,181.227,50.693,49.892,50.020,49.505,50.237,50.103,49.919,49.581,304.514,50.790,50.565
10.470,49.690,50.170,181.241,49.980,50.167,50.095,50.667,50.534,50.357,50.537,50.349,304.514,50.431,50.811
10.475,50.640,50.343,181.134,50.534,49.975,50.026,50.906,50.654,50.023,50.211,50.243,304.514,50.095,50.143
10.480,48.726,48.975,181.176,48.965,49.176,49.140,48.677,49.053,49.096,48.759,48.309,11.114,49.041,49.050
10.485,48.131,49.212,181.161,49.284,48.596,49.260,48.501,49.363,48.774,48.784,48.398,11.114,49.390,49.373
10.490,48.556,48.390,181.200,49.070,48.342,49.325,48.885,49.070,48.576,48.552,49.343,11.114,49.048,48.517
10.495,49.058,49.389,181.182,49.007,48.694,49.274,49.191,48.713,49.401,49.370,48.987,11.114,49.725,48.638
10.500,48.033,47.608,181.214,47.768,47.283,0.000,47.639,47.372,47.467,47.480,47.147,209.312,47.483,47.250
10.505,46.760,47.621,181.167,47.529,47.498,47.590,47.600,48.264,47.098,47.241,47.480,209.312,47.714,47.280
10.510,47.170,47.432,181.139,47.206,47.178,47.445,47.477,47.777,47.461,47.237,47.332,209.312,47.163,47.964
10.515,47.615,47.911,181.241,47.349,47.569,48.032,47.196,47.814,47.597,47.759,47.470,209.312,47.968,47.311
10.520,45.800,46.488,181.116,46.063,46.134,46.008,45.817,46.423,46.416,46.241,46.732,320.608,46.256,46.124
10.525,46.132,46.316,181.213,46.175,46.180,46.405,45.644,46.214,45.994,46.126,46.366,320.608,46.123,46.630
10.530,45.952,46.582,181.230,46.226,45.967,46.159,46.612,46.107,46.379,45.612,46.312,320.608,45.833,46.064
10.535,46.286,46.118,181.199,46.246,46.221,46.302,46.377,46.121,45.866,46.141,45.659,320.608,46.180,45.893
10.540,44.547,45.264,181.176,45.271,44.944,45.255,44.686,44.642,45.047,44.692,45.384,36.480,44.751,45.302
10.545,44.884,44.767,181.268,44.843,44.918,44.477,44.927,44.855,44.797,44.613,44.715,36.480,44.712,44.860
10.550,44.734,44.915,181.132,44.842,45.320,0.000,44.558,44.665,45.417,45.368,44.782,36.480,45.502,45.379
10.555,45.024,45.562,181.174,44.990,45.414,44.872,45.085,45.015,44.680,45.086,45.123,36.480,45.222,45.008
10.560,43.740,43.611,181.082,43.701,42.997,43.748,43.580,44.002,43.781,43.667,43.322,187.035,44.194,43.846
10.565,44.061,43.574,181.163,43.587,43.805,43.467,43.364,43.943,43.688,43.709,43.721,187.035,43.606,43.837
10.570,43.831,43.740,181.078,44.132,43.636,43.548,43.545,43.486,43.449,43.248,43.868,187.035,43.555,44.013
10.575,44.288,43.861,181.183,43.825,43.220,43.618,43.573,43.780,43.559,43.472,43.741,187.035,43.947,43.731
10.580,42.105,42.784,181.276,43.041,42.724,42.209,42.257,42.889,42.474,43.021,43.197,209.470,42.608,42.725
10.585,42.507,42.657,181.215,42.754,42.909,42.501,42.976,42.297,42.820,42.077,42.975,209.470,42.801,42.338
10.590,42.816,42.631,181.188,42.521,42.542,42.824,42.536,42.149,42.533,42.399,41.904,209.470,42.604,42.449
10.595,42.617,42.644,181.196,43.008,42.853,42.625,43.137,43.284,42.035,42.494,42.422,209.470,42.171,42.095
10.600,40.665,42.268,181.145,41.298,41.216,41.799,41.346,41.615,41.859,42.071,41.210,244.439,41.563,41.542
10.605,41.550,41.023,181.165,41.600,41.555,41.811,41.640,41.597,41.210,41.224,41.235,244.439,41.721,41.772
10.610,41.307,41.596,181.203,41.892,41.472,41.502,41.015,41.688,41.824,41.440,41.744,244.439,41.215,41.653
10.615,42.191,41.761,181.185,41.765,41.730,41.348,41.719,41.092,41.408,41.803,41.789,244.439,41.438,41.936
10.620,40.340,40.141,181.163,40.150,40.408,40.216,40.304,40.677,40.329,40.690,40.466,207.118,40.283,40.125
10.625,40.575,40.604,181.245,40.439,40.301,39.877,40.613,40.179,40.370,40.210,40.145,207.118,40.140,40.964
10.630,40.086,40.598,181.142,40.455,40.826,40.468,40.698,40.252,40.168,40.287,40.314,207.118,40.626,39.913
10.635,40.580,39.626,181.223,40.312,40.533,40.761,40.550,40.336,40.111,40.772,39.870,207.118,40.463,40.345
10.640,38.502,39.975,181.185,39.219,39.145,38.899,39.090,38.802,39.337,39.714,39.299,130.513,38.875,39.349
10.645,39.031,39.703,181.274,39.368,39.512,39.208,39.366,39.209,39.435,39.749,39.993,130.513,38.897,39.214
10.650,39.223,39.543,181.185,38.740,38.939,39.299,38.982,38.942,39.301,39.665,39.292,130.513,38.999,39.905
10.655,38.857,39.152,181.171,39.782,39.222,39.039,39.517,39.845,39.461,39.141,39.583,130.513,38.966,39.157
10.660,38.647,38.358,181.209,38.727,38.054,38.195,37.795,38.615,38.376,38.487,38.344,126.482,38.347,38.430
10.665,38.358,38.204,181.203,38.660,38.394,37.931,38.490,38.458,38.073,38.479,38.467,126.482,37.991,38.639
10.670,38.850,38.194,181.121,38.621,37.371,38.444,38.510,38.462,38.171,38.170,38.396,126.482,38.472,37.756
10.675,37.928,38.725,181.189,38.032,38.647,38.438,38.446,38.674,37.979,38.307,38.248,126.482,37.839,38.052
10.680,37.170,36.830,181.204,37.476,38.030,37.303,37.988,37.088,37.615,37.370,37.373,332.767,37.357,37.456
10.685,37.617,36.797,181.226,38.399,37.556,37.502,37.477,37.913,38.160,37.893,37.519,332.767,37.884,37.345
10.690,37.268,37.287,181.196,37.168,37.899,37.507,37.388,37.425,37.151,37.386,37.771,332.767,37.534,37.273
10.695,37.671,37.693,181.147,37.872,37.366,37.329,37.417,37.267,37.239,37.413,37.106,332.767,37.634,37.504
10.700,36.734,36.281,181.168,36.400,36.696,0.000,36.261,36.278,36.898,36.510,36.106,191.376,36.606,36.396
10.705,36.314,36.809,181.173,36.035,35.745,36.143,36.918,37.110,36.603,36.530,35.901,191.376,37.084,36.700
10.710,36.576,36.385,181.157,36.456,36.475,36.530,36.643,36.756,36.226,36.980,36.213,191.376,36.357,36.627
10.715,36.702,36.553,181.176,36.850,36.334,36.279,36.981,37.058,36.351,36.649,36.431,191.376,36.935,37.106
10.720,35.785,35.737,181.162,35.508,35.986,35.579,35.988,35.269,35.695,35.886,35.892,66.905,36.048,35.691
10.725,35.649,35.859,181.237,35.890,35.665,35.901,35.619,35.369,35.539,35.650,35.586,66.905,35.343,35.387
10.730,35.565,35.927,181.154,35.845,35.081,0.000,35.642,35.416,35.733,35.451,35.975,66.905,35.979,35.964
10.735,35.644,35.700,181.249,36.015,35.488,35.648,35.243,35.824,35.435,36.246,35.587,66.905,35.970,35.733
10.740,35.233,34.690,181.200,34.835,34.779,34.767,35.061,35.146,34.672,34.900,34.782,65.175,34.885,35.001
10.745,35.559,34.552,181.128,35.084,34.754,35.227,34.444,34.924,34.545,34.532,35.085,65.175,34.744,35.146
10.750,34.510,35.348,181.137,35.007,34.660,34.670,34.879,34.772,35.061,35.351,34.910,65.175,35.013,34.711
10.755,34.633,35.093,181.233,35.047,35.253,34.964,34.980,34.659,35.136,34.644,34.790,65.175,34.883,35.165
10.760,34.167,34.579,181.176,34.361,34.371,33.953,34.739,34.231,34.534,34.380,34.348,222.783,34.718,34.221
10.765,34.655,34.056,181.167,33.850,34.397,0.000,33.935,33.815,34.117,34.217,34.310,222.783,34.728,34.154
10.770,33.958,34.445,181.208,34.029,34.140,34.121,33.639,34.317,34.332,34.359,34.445,222.783,34.295,34.116
10.775,34.919,34.538,181.184,34.491,34.244,34.379,34.657,34.655,34.728,34.124,34.040,222.783,33.799,34.033
10.780,34.240,33.976,181.252,33.925,33.503,33.370,33.855,34.225,33.659,34.061,33.339,344.043,33.999,34.094
10.785,32.833,33.584,181.217,33.805,33.030,32.814,33.421,33.015,33.691,34.152,33.899,344.043,33.638,33.548
10.790,33.758,33.993,181.187,33.836,33.075,34.151,33.617,33.478,33.357,34.007,33.717,344.043,33.766,33.755
10.795,33.736,33.208,181.198,33.652,33.430,33.859,34.009,33.586,33.105,33.656,33.365,344.043,33.471,34.115
10.800,32.816,32.917,181.156,32.826,33.121,32.794,32.393,32.384,32.529,33.141,32.569,308.591,33.393,33.069
10.805,32.383,32.689,181.240,33.319,32.340,32.935,32.849,32.882,33.325,33.378,33.196,308.591,32.706,33.115
10.810,33.027,32.595,181.215,33.131,32.857,33.058,32.603,33.110,32.489,32.775,32.684,308.591,32.960,33.244
10.815,32.826,33.016,181.134,33.021,32.992,33.454,33.328,33.239,33.203,32.716,32.967,308.591,33.682,32.497
10.820,32.748,32.717,181.273,32.342,32.588,32.224,32.736,32.700,32.774,32.372,32.035,319.930,32.247,31.936
10.825,32.565,32.207,181.154,32.472,32.544,31.837,32.005,32.155,32.219,32.201,32.227,319.930,32.556,32.042
10.830,32.109,32.279,181.187,31.982,32.446,31.813,32.476,32.171,32.538,32.479,32.154,319.930,32.561,31.876
10.835,32.986,32.255,181.160,32.066,32.535,32.336,32.493,32.408,32.609,32.370,32.437,319.930,32.367,32.115
10.840,32.453,31.766,181.197,31.857,31.647,31.776,31.512,31.397,32.087,32.031,31.935,322.387,31.553,31.629
10.845,32.351,32.179,181.163,31.392,31.866,32.419,31.874,32.331,31.720,32.077,31.876,322.387,32.071,31.864
10.850,31.919,32.238,181.249,31.973,32.005,31.750,31.545,31.759,31.924,31.019,31.532,322.387,31.893,31.910
10.855,32.183,31.483,181.164,31.652,32.319,31.691,32.628,31.915,31.470,32.165,31.805,322.387,31.931,31.760
10.860,31.495,31.635,181.192,31.353,31.757,31.210,31.130,31.306,31.496,31.036,30.924,238.182,31.624,31.016
10.865,31.298,31.618,181.156,31.630,31.548,31.644,31.453,31.123,31.491,31.602,31.045,238.182,31.630,31.391
10.870,30.898,31.342,181.185,31.134,31.739,0.000,31.823,31.308,31.412,31.547,31.295,238.182,31.267,31.708
10.875,31.548,30.971,181.263,31.594,31.188,31.354,31.743,31.311,31.286,31.819,31.426,238.182,31.408,31.384
10.880,30.483,31.041,181.212,30.965,30.677,30.911,31.074,30.927,31.147,31.039,31.024,202.502,30.838,30.970
10.885,31.297,30.728,181.178,31.296,30.983,31.017,31.499,31.770,31.134,31.127,31.356,202.502,31.403,31.078
10.890,30.670,31.224,181.172,31.377,30.906,31.167,31.443,30.993,31.216,31.416,30.664,202.502,31.552,31.339
10.895,31.148,31.216,181.203,31.661,30.753,0.000,31.638,30.826,30.597,31.443,30.656,202.502,30.503,30.962
10.900,30.673,31.204,181.189,31.217,30.509,30.883,30.613,30.855,30.759,30.683,30.710,43.189,30.519,31.035
10.905,30.412,30.614,181.142,30.790,30.274,30.315,30.949,30.497,30.280,30.193,30.327,43.189,30.375,30.102
10.910,30.446,30.836,181.252,30.298,30.895,30.520,30.505,30.989,30.886,31.205,30.933,43.189,30.678,30.519
10.915,30.583,30.678,181.185,30.948,30.647,30.059,30.827,31.244,31.117,30.526,31.064,43.189,30.482,31.070
10.920,30.946,30.646,181.244,30.995,30.473,30.268,30.906,30.370,30.877,30.473,30.262,269.648,30.560,30.042
10.925,30.608,30.330,181.070,30.416,30.094,0.000,30.649,30.107,30.532,30.503,30.320,269.648,30.423,30.540
10.930,30.410,30.363,181.187,30.351,30.383,30.258,30.336,30.515,30.449,30.489,30.611,269.648,29.946,30.627
10.935,30.742,30.182,181.180,30.244,30.278,30.538,30.519,30.494,31.324,30.806,30.611,269.648,30.659,30.551
10.940,29.930,30.316,181.200,30.409,30.051,29.856,30.346,30.680,30.379,30.523,30.923,261.677,30.929,30.497
10.945,29.822,30.337,181.182,30.340,30.240,29.860,30.428,30.539,30.356,30.431,30.031,261.677,30.218,30.487
10.950,30.011,30.821,181.175,30.109,30.163,29.759,30.199,30.710,30.121,30.620,29.786,261.677,30.229,30.266
10.955,30.595,30.421,181.284,29.729,30.424,30.296,30.648,30.266,30.817,30.484,30.137,261.677,30.153,29.906
10.960,30.042,30.085,181.176,29.960,29.522,30.274,30.336,29.950,29.671,30.573,30.316,146.854,30.578,30.032
10.965,30.164,30.466,181.236,30.029,30.165,30.632,30.809,30.085,29.854,29.862,30.030,146.854,30.098,29.549
10.970,30.163,30.448,181.190,30.278,29.984,29.770,30.399,30.355,29.943,29.793,29.946,146.854,30.883,30.131
10.975,29.999,30.026,181.226,30.054,30.033,29.802,30.506,30.000,30.230,30.173,30.282,146.854,30.510,30.068
10.980,30.415,30.122,181.238,30.050,30.722,29.994,29.833,29.798,29.789,29.717,29.816,121.340,29.938,29.855
10.985,30.254,29.970,181.177,29.899,30.317,30.637,30.061,30.175,30.314,29.987,30.165,121.340,30.182,29.827
10.990,29.775,29.992,181.261,29.903,29.682,30.252,30.278,29.910,29.882,29.949,29.852,121.340,30.424,29.795
10.995,29.722,30.085,181.200,30.085,29.924,30.230,29.835,30.245,29.959,29.914,30.423,121.340,30.204,30.228
11.000,29.991,29.968,181.135,30.174,30.136,0.000,29.624,29.468,29.974,29.481,30.177,323.514,30.374,30.702
11.005,29.724,29.836,181.222,29.694,30.423,29.625,30.434,29.431,30.421,30.008,29.594,323.514,30.204,29.451
11.010,30.000,30.145,181.242,29.485,29.863,29.748,30.414,30.168,29.582,30.175,30.105,323.514,29.954,30.410
11.015,30.225,29.869,181.164,30.150,29.985,29.622,29.815,29.835,30.667,30.037,30.132,323.514,30.131,29.686
11.020,30.048,29.495,181.203,30.012,30.018,30.041,30.313,30.126,30.268,29.732,29.572,180.643,29.785,29.679
11.025,30.088,29.863,181.132,30.426,29.965,29.809,29.989,29.922,30.074,30.372,29.775,180.643,29.859,29.774
11.030,29.879,30.370,181.231,30.280,30.053,29.937,30.150,30.308,30.236,30.444,30.235,180.643,29.703,30.133
11.035,29.784,30.146,181.133,30.205,29.521,29.387,30.403,30.584,30.620,29.735,30.074,180.643,30.427,29.792
11.040,29.806,30.312,181.277,30.080,30.152,29.753,30.034,30.457,30.055,29.850,30.061,349.305,30.388,30.528
11.045,30.513,30.199,181.161,30.419,29.977,29.627,29.701,30.212,30.228,30.158,30.388,349.305,30.407,29.983
11.050,29.884,29.891,181.150,30.240,29.996,29.505,30.606,30.250,30.343,29.922,30.209,349.305,30.093,30.262
11.055,30.143,29.681,181.234,29.980,30.135,30.482,30.157,30.068,30.171,30.123,30.205,349.305,30.387,30.014
11.060,30.299,29.870,181.166,29.664,30.313,0.000,30.577,30.258,30.408,29.540,30.239,126.343,30.110,30.411
11.065,30.401,30.274,181.245,29.832,30.637,30.225,30.336,30.446,30.364,29.808,30.400,126.343,29.735,30.631
11.070,30.164,30.188,181.176,30.391,30.091,30.001,30.817,30.526,30.492,29.757,30.623,126.343,30.560,29.895
11.075,29.775,30.317,181.250,30.998,29.781,30.055,30.200,30.132,30.397,30.623,29.913,126.343,30.493,30.028
11.080,31.110,30.303,181.202,30.794,30.127,30.864,30.521,30.376,29.813,30.544,31.288,55.194,30.931,30.486
11.085,30.146,31.156,181.241,30.424,30.231,30.917,30.642,29.941,30.172,30.196,30.252,55.194,30.285,30.379
11.090,30.656,30.239,181.125,30.510,30.411,30.495,31.208,30.485,30.323,30.253,30.751,55.194,30.777,30.441
11.095,30.143,30.897,181.161,30.578,30.586,30.728,30.330,30.569,30.415,30.251,30.731,55.194,30.811,30.218
11.100,30.941,30.639,181.277,30.533,31.014,30.901,31.043,30.354,30.522,30.662,30.325,146.071,31.078,30.736
11.105,30.411,31.149,181.234,30.862,30.954,30.934,31.143,31.019,30.584,31.216,31.032,146.071,30.560,30.925
11.110,31.256,31.331,181.207,30.524,31.136,30.899,30.904,30.992,30.610,30.518,30.676,146.071,30.589,30.539
11.115,30.879,31.295,181.181,30.625,30.721,30.576,30.828,31.195,30.513,31.376,30.737,146.071,30.920,30.466
11.120,30.577,31.530,181.277,31.382,30.806,31.137,31.142,30.900,30.784,30.888,30.924,167.353,31.489,30.910
11.125,31.578,31.250,181.210,31.555,30.847,31.055,30.899,31.602,30.710,31.258,30.791,167.353,31.198,30.732
11.130,30.483,30.629,181.168,31.211,31.157,31.481,30.733,30.827,31.020,31.132,30.859,167.353,31.567,30.782
11.135,30.958,30.580,181.181,30.766,30.784,30.723,30.775,30.680,30.732,30.971,31.035,167.353,30.902,31.281
11.140,31.784,31.538,181.165,31.514,30.955,31.478,31.027,31.541,31.585,31.975,31.073,38.333,30.952,31.654
11.145,31.324,31.744,181.242,31.104,31.743,0.000,31.519,31.679,31.604,31.871,31.730,38.333,30.718,31.656
11.150,31.837,31.055,181.129,31.934,31.862,31.083,31.478,31.402,31.380,31.137,31.463,38.333,31.737,31.635
11.155,31.456,31.821,181.194,31.086,31.493,30.713,31.746,31.446,31.104,31.379,31.433,38.333,31.581,31.746
11.160,31.701,31.919,181.297,31.752,31.916,31.367,32.032,32.204,31.928,32.144,31.891,248.654,31.267,32.114
11.165,32.267,31.578,181.231,31.388,31.716,32.319,31.977,32.020,31.778,32.064,32.333,248.654,31.695,31.408
11.170,31.896,31.974,181.225,32.044,31.852,31.735,31.697,32.446,31.831,31.662,31.629,248.654,31.602,32.710
11.175,31.736,32.604,181.227,31.735,31.366,31.762,31.759,32.066,32.159,31.841,31.252,248.654,31.802,31.737
11.180,32.669,32.223,181.202,32.016,32.251,32.509,32.920,32.434,32.475,32.112,32.713,22.494,32.650,32.379
11.185,32.300,32.498,181.202,32.037,31.990,32.249,32.733,32.070,32.527,32.174,31.900,22.494,32.153,32.544
11.190,31.956,32.514,181.147,31.994,32.506,32.100,32.340,32.176,33.056,32.460,32.685,22.494,32.729,32.454
11.195,32.154,32.287,181.229,32.041,32.703,32.665,31.915,33.065,32.387,32.667,32.216,22.494,32.483,32.530
11.200,33.691,33.304,181.244,32.857,32.571,33.222,33.223,32.666,33.191,33.273,33.307,6.647,32.810,33.264
11.205,33.635,33.406,181.154,32.480,33.343,32.545,33.443,32.481,33.056,32.839,32.707,6.647,32.867,32.545
11.210,32.452,33.155,181.278,32.588,33.404,32.655,33.394,32.697,32.562,32.949,32.284,6.647,32.586,32.954
11.215,33.177,33.426,181.177,32.896,32.930,32.518,32.559,32.952,32.468,32.679,33.230,6.647,32.714,32.775
11.220,33.923,33.622,181.207,33.791,33.575,33.880,33.459,33.638,33.979,33.286,33.268,245.353,33.499,33.503
11.225,33.456,33.810,181.209,33.552,33.232,33.248,33.870,33.535,33.497,33.248,33.907,245.353,33.825,32.978
11.230,33.751,33.250,181.245,34.179,33.011,33.423,33.365,33.127,33.672,33.773,33.437,245.353,33.302,33.617
11.235,33.227,33.917,181.139,33.856,33.959,33.727,33.639,33.156,33.177,33.395,33.852,245.353,33.515,33.410
11.240,34.105,34.192,181.154,34.442,34.268,34.251,34.404,34.314,34.126,34.652,33.897,313.532,34.656,34.333
11.245,34.530,33.698,181.252,34.939,34.497,34.184,34.295,34.423,34.408,34.327,33.796,313.532,34.507,34.563
11.250,34.187,34.206,181.236,34.067,34.631,34.577,34.311,33.258,34.018,34.465,33.792,313.532,34.416,34.282
11.255,34.156,33.779,181.210,34.680,34.291,33.949,34.585,34.191,34.233,34.054,34.188,313.532,34.145,34.535
11.260,34.849,34.605,181.232,34.690,35.134,34.805,35.597,34.798,34.749,34.920,34.598,330.384,35.057,34.765
11.265,34.511,35.172,181.203,34.639,34.761,35.085,34.421,35.105,34.565,34.941,34.698,330.384,34.807,34.854
11.270,34.611,35.161,181.169,35.146,35.038,34.727,35.223,34.142,35.111,35.088,34.853,330.384,34.733,34.915
11.275,34.760,34.612,181.237,34.709,34.890,34.773,34.704,34.661,35.021,34.906,35.226,330.384,34.660,34.759
11.280,35.658,35.000,181.186,35.391,35.580,35.801,35.636,35.202,35.743,35.875,35.728,65.257,35.388,35.838
11.285,35.431,35.876,181.180,35.774,35.355,35.321,36.038,35.916,35.868,36.143,36.059,65.257,35.570,35.751
11.290,36.280,35.317,181.190,35.457,35.409,35.291,36.048,36.115,35.220,35.583,36.033,65.257,36.032,35.151
11.295,35.156,35.912,181.248,36.074,35.771,35.904,35.620,35.853,35.864,36.198,35.965,65.257,35.239,36.132
11.300,36.193,36.744,181.221,37.257,36.570,36.508,36.520,36.612,36.155,35.936,36.597,324.506,36.880,36.304
11.305,36.327,36.646,181.200,37.025,36.763,36.419,36.855,35.895,36.363,36.479,35.907,324.506,36.977,36.351
11.310,36.689,37.150,181.185,36.612,36.497,36.300,36.603,36.298,36.994,36.406,36.055,324.506,36.674,36.551
11.315,36.081,36.747,181.186,36.374,36.696,36.173,36.564,36.616,36.909,36.286,36.006,324.506,36.479,36.495
11.320,37.488,37.360,181.288,37.273,37.535,37.372,37.661,37.343,37.273,37.687,37.412,238.732,37.398,36.907
11.325,37.145,37.257,181.193,37.565,37.153,37.879,36.964,37.558,37.805,37.693,37.475,238.732,37.299,37.271
11.330,37.164,37.395,181.216,36.817,37.037,37.366,37.373,37.727,37.928,37.565,37.641,238.732,37.592,37.702
11.335,37.541,37.500,181.086,37.746,36.932,38.093,37.520,37.238,37.476,37.587,37.594,238.732,37.386,37.374
11.340,38.598,37.928,181.170,37.772,38.719,38.221,37.764,38.473,38.071,38.122,38.449,165.385,38.189,38.087
11.345,38.662,38.236,181.230,38.142,38.344,38.224,38.037,38.376,38.354,38.774,37.755,165.385,38.297,37.942
11.350,37.980,38.335,181.176,38.219,38.759,38.060,38.847,38.400,38.530,38.174,38.689,165.385,37.902,38.932
11.355,38.662,37.855,181.267,38.450,38.186,37.987,38.337,38.518,38.515,38.445,38.179,165.385,38.252,38.654
11.360,39.653,38.902,181.216,39.448,39.496,39.651,39.185,39.218,39.793,39.210,39.150,91.392,39.331,39.069
11.365,39.433,39.402,181.224,39.631,38.889,39.084,39.412,38.898,39.506,38.664,39.646,91.392,39.279,39.813
11.370,39.472,38.866,181.220,39.203,38.887,39.000,39.360,39.468,39.854,39.686,39.286,91.392,39.239,39.879
11.375,39.345,39.684,181.220,39.758,38.843,39.719,39.581,39.474,38.742,39.260,39.549,91.392,39.470,39.553
11.380,40.322,40.505,181.195,40.024,40.222,39.973,40.107,40.368,40.731,40.566,40.552,121.732,39.980,40.380
11.385,40.635,40.437,181.181,40.547,39.911,39.945,40.221,40.374,40.563,40.718,40.235,121.732,40.430,41.561
11.390,40.887,40.142,181.216,40.034,40.149,40.793,40.545,40.683,40.681,40.139,40.275,121.732,40.702,40.638
11.395,40.293,40.027,181.232,40.764,40.212,40.448,40.760,40.908,40.561,40.136,40.757,121.732,40.230,40.463
11.400,41.566,41.492,181.106,41.259,41.226,41.422,41.213,41.303,41.400,41.481,41.225,199.219,41.530,41.402
11.405,41.746,41.546,181.112,41.413,41.002,41.259,41.464,42.093,41.364,41.186,41.875,199.219,40.782,41.673
11.410,41.027,41.742,181.297,41.799,41.416,41.902,41.670,41.269,41.695,41.748,41.236,199.219,41.126,41.666
11.415,41.964,40.606,181.212,41.468,41.528,41.099,41.082,41.199,41.108,41.137,41.398,199.219,41.145,41.676
11.420,42.705,42.714,181.147,42.605,42.583,42.316,42.541,42.657,42.688,42.677,42.700,79.106,42.568,42.757
11.425,43.041,42.804,181.315,42.752,42.754,42.760,42.663,42.344,42.883,43.073,42.316,79.106,42.415,42.743
11.430,42.505,42.370,181.254,42.065,42.500,42.797,42.136,43.223,42.666,43.138,42.633,79.106,42.869,41.999
11.435,42.323,42.679,181.302,42.580,42.368,42.883,42.488,42.928,42.502,42.311,42.810,79.106,42.723,42.058
11.440,43.728,43.563,181.252,43.593,43.308,43.798,43.431,43.488,43.634,44.055,43.511,243.592,43.048,43.731
11.445,43.867,43.590,181.152,43.552,43.960,43.647,43.918,43.614,43.653,43.110,44.074,243.592,43.457,43.119
11.450,43.487,43.302,181.198,43.732,43.876,43.870,43.945,43.781,43.724,44.430,44.160,243.592,43.759,44.054
11.455,44.056,43.967,181.162,43.435,44.023,43.874,43.841,44.295,44.089,43.920,43.517,243.592,44.031,43.713
11.460,45.083,44.998,181.190,44.927,44.502,45.000,44.570,44.719,45.458,45.059,44.811,87.299,44.429,44.811
11.465,44.671,44.858,181.226,45.309,45.235,44.549,45.800,44.843,45.634,45.010,44.999,87.299,44.881,45.011
11.470,45.147,44.858,181.246,45.063,45.372,44.276,45.850,44.717,44.933,44.750,44.884,87.299,45.368,45.041
11.475,44.954,45.069,181.223,45.352,45.132,44.885,44.963,45.112,44.912,45.047,44.803,87.299,45.123,44.816
11.480,46.281,46.684,181.148,46.364,46.396,46.124,45.934,46.111,46.383,46.132,45.627,307.857,46.222,46.313
11.485,46.148,46.686,181.111,46.082,46.231,46.487,46.118,45.844,46.234,46.144,46.091,307.857,46.526,46.589
11.490,46.050,46.292,181.172,46.073,46.371,46.661,46.782,45.957,46.200,45.918,46.763,307.857,46.180,46.460
11.495,45.895,45.989,181.214,45.916,46.427,46.096,45.966,46.325,46.271,45.868,46.242,307.857,45.973,46.372
11.500,47.620,47.737,181.234,47.361,47.555,0.000,47.732,48.101,47.583,47.529,47.438,325.925,47.059,47.472
11.505,47.599,47.039,181.184,47.872,47.562,47.759,47.579,48.107,47.943,47.517,47.594,325.925,47.375,47.639
11.510,47.736,48.028,181.250,47.527,48.038,47.820,47.771,47.841,47.675,47.466,47.675,325.925,47.557,47.396
11.515,47.367,47.796,181.128,47.745,46.964,47.235,46.805,47.301,47.302,48.033,47.978,325.925,47.382,47.452
11.520,49.076,48.751,181.090,49.332,48.795,0.000,48.860,49.545,48.731,49.422,49.099,308.347,48.658,49.138
11.525,49.200,48.850,181.207,48.524,49.015,48.957,48.378,49.297,48.812,48.730,49.166,308.347,49.253,49.027
11.530,48.580,48.689,181.197,48.775,49.077,48.604,48.635,48.871,49.385,48.443,48.858,308.347,48.942,48.859
11.535,49.001,49.029,181.229,48.507,48.739,49.021,48.744,48.653,49.359,48.759,48.897,308.347,48.710,48.718
11.540,51.017,50.024,181.239,50.583,50.633,49.809,50.726,50.155,50.409,50.258,50.250,231.943,50.790,50.351
11.545,50.176,50.323,181.198,50.477,50.520,50.308,50.038,50.299,50.177,50.562,50.178,231.943,50.681,50.480
11.550,50.234,50.104,181.188,50.506,50.148,50.294,50.234,50.209,50.312,50.423,49.923,231.943,50.567,49.994
11.555,50.316,49.751,181.246,50.267,50.426,50.509,50.582,50.569,50.177,50.458,50.289,231.943,50.364,50.116
11.560,51.601,51.729,181.105,51.750,51.744,51.990,51.685,51.663,51.878,52.107,51.857,139.095,51.987,51.875
11.565,52.029,51.606,181.205,51.747,51.729,51.912,51.610,52.005,51.965,50.793,51.919,139.095,51.966,51.733
11.570,51.735,51.458,181.203,52.152,51.665,51.799,51.775,52.020,51.871,51.763,51.913,139.095,52.040,52.086
11.575,51.727,51.340,181.284,51.074,51.770,51.671,51.954,52.228,51.385,51.951,52.019,139.095,52.093,51.206
11.580,52.989,53.040,181.121,53.316,53.281,52.849,53.080,53.456,53.679,52.885,53.222,77.488,53.700,53.533
11.585,53.397,53.055,181.283,53.578,53.035,52.701,53.519,52.763,53.178,53.386,53.261,77.488,53.233,52.706
11.590,53.200,52.952,181.232,52.958,53.836,53.020,53.894,53.506,53.423,53.557,53.319,77.488,53.087,53.220
11.595,53.104,53.001,181.239,53.233,52.332,53.504,53.173,53.489,53.005,53.077,53.129,77.488,53.541,53.225
11.600,54.639,54.619,181.175,54.862,54.810,54.711,54.855,54.292,54.641,54.540,54.513,207.198,54.794,54.984
11.605,55.225,54.424,181.221,54.864,55.275,54.683,54.370,54.462,55.112,54.819,54.791,207.198,54.699,54.920
11.610,54.735,54.957,181.045,54.209,55.237,54.725,54.855,54.430,54.488,54.745,54.855,207.198,54.664,54.600
11.615,54.818,54.802,181.178,54.737,55.196,55.414,55.016,54.295,54.709,54.775,54.782,207.198,55.012,53.944
11.620,56.692,56.440,181.183,56.415,55.941,56.169,56.673,56.287,56.244,56.073,56.704,71.951,56.701,56.172
11.625,56.246,55.978,181.211,55.740,56.289,56.120,55.854,56.830,56.047,55.691,55.890,71.951,56.302,56.351
11.630,56.573,56.111,181.242,56.246,56.200,56.126,56.513,56.570,56.344,56.666,56.510,71.951,56.781,56.802
11.635,55.967,56.297,181.234,56.060,56.163,56.694,56.683,56.478,57.053,55.904,56.395,71.951,56.379,56.393
11.640,58.055,57.812,181.279,57.849,57.962,57.857,57.747,57.947,57.849,58.090,58.065,30.314,58.123,57.087
11.645,57.201,57.628,181.194,57.947,58.063,57.580,57.453,57.828,57.751,57.552,57.517,30.314,57.737,57.666
11.650,57.898,57.643,181.199,57.415,57.832,58.098,58.069,58.269,57.475,57.378,57.752,30.314,57.874,58.270
11.655,57.720,58.005,181.192,58.146,57.654,58.015,57.961,57.886,57.969,58.236,57.857,30.314,57.896,57.412
11.660,59.240,59.714,181.119,59.280,59.682,0.000,59.613,60.064,59.955,59.512,58.762,345.797,60.128,59.120
11.665,59.791,59.917,181.097,59.505,59.243,59.493,59.340,59.389,59.808,59.051,59.554,345.797,59.880,59.726
11.670,59.686,59.358,181.265,59.315,59.488,59.288,59.186,59.243,59.706,59.402,59.669,345.797,59.542,58.923
11.675,59.723,59.663,181.230,59.779,59.226,59.435,58.913,59.867,59.335,59.509,59.800,345.797,59.425,59.439
11.680,61.558,61.328,181.196,61.582,60.871,61.226,61.721,60.957,61.577,61.373,61.235,305.611,61.447,60.398
11.685,61.259,61.167,181.207,61.042,61.075,60.960,61.154,60.956,61.214,60.377,61.283,305.611,61.085,61.115
11.690,61.273,61.128,181.160,60.909,61.468,61.304,61.025,61.365,61.080,61.179,61.387,305.611,61.256,61.183
11.695,61.078,61.089,181.247,61.405,60.806,61.344,61.036,61.211,60.716,61.207,61.115,305.611,61.274,61.100
11.700,63.340,63.012,181.165,63.122,62.841,63.489,62.379,62.775,62.561,62.845,62.613,22.197,62.995,62.688
11.705,63.035,63.015,181.154,62.931,62.620,63.233,62.879,62.598,62.494,62.700,62.912,22.197,62.878,62.357
11.710,62.523,62.506,181.195,62.549,62.930,62.624,62.340,62.311,62.723,62.817,62.885,22.197,62.421,62.402
11.715,62.496,62.660,181.148,62.757,62.102,62.795,62.862,62.745,62.333,63.121,62.822,22.197,62.762,63.270
11.720,64.226,64.194,181.259,64.323,65.152,64.665,64.774,64.288,64.059,64.844,64.417,59.949,64.513,64.440
11.725,64.227,64.503,181.218,64.836,64.145,64.270,64.303,64.221,63.860,64.585,64.183,59.949,64.030,64.571
11.730,64.849,64.299,181.252,64.581,64.254,64.293,64.601,64.568,64.396,64.778,64.323,59.949,64.234,64.275
11.735,64.545,64.552,181.201,64.932,64.047,64.717,64.562,64.057,64.388,64.535,64.480,59.949,64.350,64.573
11.740,66.496,66.582,181.163,66.315,66.426,66.527,66.476,66.171,65.872,66.003,66.204,206.737,66.468,66.198
11.745,65.938,66.018,181.194,66.539,66.022,66.483,66.336,66.320,65.938,66.214,66.622,206.737,65.725,65.847
11.750,65.935,66.490,181.222,66.729,66.009,66.435,66.189,66.074,66.003,66.520,66.331,206.737,66.008,65.840
11.755,66.543,66.237,181.140,66.291,66.212,66.606,65.936,66.169,65.639,66.313,66.252,206.737,66.273,66.158
11.760,67.297,67.862,181.208,68.308,67.817,67.866,68.233,67.663,67.445,68.116,67.821,51.459,68.805,68.099
11.765,67.544,67.867,181.086,67.483,68.081,68.112,67.796,68.009,68.308,67.960,68.205,51.459,67.907,67.606
11.770,67.264,67.877,181.173,67.910,68.122,67.923,67.544,68.048,68.234,68.321,67.546,51.459,67.960,67.840
11.775,67.703,68.119,181.124,67.740,67.941,68.740,68.101,67.576,67.860,67.930,67.969,51.459,68.018,68.193
11.780,70.461,70.239,181.199,69.334,69.399,69.522,69.882,69.522,69.403,69.679,69.832,100.568,70.166,69.107
11.785,69.437,69.709,181.221,69.470,69.402,70.395,69.602,70.011,69.941,70.216,69.898,100.568,69.779,69.533
11.790,69.992,69.585,181.172,69.798,68.933,69.458,70.256,69.801,69.758,69.517,69.688,100.568,69.355,69.758
11.795,70.173,70.035,181.169,69.688,70.420,69.823,69.404,69.691,69.495,69.699,69.681,100.568,69.635,70.276
11.800,71.252,71.668,181.157,71.705,71.581,70.846,71.178,71.872,71.619,70.923,71.930,53.891,71.136,72.096
11.805,71.237,71.240,181.136,71.072,71.740,71.671,71.846,71.151,71.298,71.256,71.312,53.891,71.389,71.185
11.810,71.557,71.717,181.206,71.430,71.434,70.837,71.379,70.773,71.549,71.760,71.616,53.891,71.171,71.588
11.815,71.660,71.370,181.140,71.403,71.594,71.836,71.548,71.230,71.079,71.942,71.524,53.891,71.197,71.355
11.820,72.776,73.340,181.210,73.555,73.519,73.583,73.486,73.375,72.861,73.219,73.388,98.401,72.986,73.491
11.825,73.008,73.482,181.215,73.124,73.474,73.103,73.444,73.223,73.356,73.205,74.092,98.401,73.572,72.995
11.830,73.759,73.102,181.144,73.283,73.565,73.287,73.364,73.270,73.504,72.930,72.813,98.401,73.564,73.025
11.835,73.009,73.211,181.191,73.377,72.933,72.916,73.333,73.308,73.408,72.980,72.833,98.401,73.069,73.710
11.840,75.189,75.221,181.190,74.715,75.472,74.830,75.462,74.679,74.787,74.775,75.157,43.516,74.871,74.761
11.845,75.390,74.645,181.182,75.143,74.930,75.178,75.027,75.431,75.192,75.089,74.990,43.516,74.967,75.043
11.850,74.973,74.966,181.155,74.870,75.606,75.371,74.648,75.670,75.442,75.219,75.199,43.516,74.751,75.496
11.855,75.021,74.534,181.179,75.079,75.290,75.169,74.921,75.033,75.349,75.182,74.287,43.516,74.812,74.298
11.860,76.739,76.972,181.167,77.227,76.485,76.766,77.025,76.799,76.917,76.778,76.839,158.966,77.395,76.243
11.865,76.707,76.854,181.141,77.210,77.284,76.918,77.325,77.009,76.930,76.863,77.182,158.966,76.899,77.085
11.870,76.722,76.594,181.230,76.895,77.283,76.563,77.198,76.846,77.067,77.405,76.911,158.966,77.098,76.578
11.875,76.409,76.686,181.269,76.956,77.224,76.993,76.884,76.811,76.616,77.065,76.973,158.966,77.210,76.771
11.880,78.600,78.228,181.104,78.730,79.203,79.401,78.420,78.683,78.391,78.867,78.834,334.152,78.753,79.131
11.885,78.686,78.708,181.349,78.534,79.512,78.796,79.286,78.599,79.172,78.703,78.714,334.152,78.782,78.623
11.890,78.971,78.477,181.193,79.192,79.461,78.699,78.634,78.845,78.914,78.720,79.124,334.152,79.184,78.690
11.895,78.625,78.756,181.202,78.733,78.630,78.942,78.839,79.188,79.006,78.646,79.077,334.152,78.558,78.070
11.900,80.408,80.860,181.259,80.495,80.532,81.259,79.962,81.054,80.846,80.177,80.347,343.666,80.361,80.682
11.905,81.187,80.452,181.196,80.819,80.552,81.104,80.865,80.610,80.698,80.973,80.200,343.666,80.503,80.845
11.910,80.606,80.275,181.193,80.448,80.650,80.936,80.281,80.252,80.820,80.592,80.024,343.666,81.163,80.641
11.915,80.540,80.974,181.171,80.974,80.223,80.744,80.558,81.106,80.763,81.116,80.366,343.666,80.794,80.626
11.920,82.317,82.278,181.200,81.970,82.223,82.540,82.893,82.479,82.426,82.517,82.387,298.413,82.581,82.559
11.925,82.475,82.798,181.143,82.161,82.556,82.493,82.928,82.474,82.028,82.043,81.699,298.413,82.166,82.399
11.930,82.212,82.600,181.296,82.246,82.216,81.989,82.732,82.860,82.267,82.690,82.583,298.413,82.773,82.108
11.935,82.320,82.815,181.179,82.449,82.585,82.959,82.175,82.352,82.273,82.795,82.791,298.413,82.397,82.993
11.940,84.089,84.203,181.128,84.218,84.163,84.754,84.253,84.142,84.263,84.858,84.126,68.324,84.374,83.621
11.945,83.979,83.839,181.126,84.282,84.764,84.328,84.415,84.272,84.274,84.247,84.646,68.324,84.676,84.344
11.950,84.213,84.184,181.175,84.591,84.820,84.101,84.344,84.229,84.562,84.407,83.861,68.324,84.675,84.915
11.955,83.929,84.378,181.206,84.238,84.540,84.147,84.327,84.070,84.684,83.782,84.438,68.324,83.963,83.951
11.960,86.754,86.752,181.219,86.593,85.912,0.000,86.545,86.419,85.942,86.473,86.458,90.950,85.916,86.153
11.965,85.876,85.967,181.209,86.357,86.123,86.818,86.271,86.032,86.058,86.202,86.437,90.950,85.865,85.909
11.970,86.764,86.366,181.180,86.279,85.763,86.543,86.071,86.628,86.128,86.650,86.005,90.950,85.404,86.254
11.975,86.326,85.825,181.163,86.004,86.012,86.341,86.950,86.295,86.064,85.894,86.263,90.950,85.649,86.592
11.980,88.381,87.998,181.222,88.105,88.646,0.000,88.482,87.380,88.067,88.427,87.929,74.133,88.073,88.453
11.985,88.555,88.428,181.201,88.147,88.613,87.884,88.194,87.994,88.305,88.380,87.964,74.133,88.507,88.470
11.990,87.611,88.396,181.209,88.003,87.989,88.388,88.158,88.215,88.181,88.341,88.380,74.133,88.422,87.888
11.995,88.612,88.238,181.109,88.038,88.402,88.189,88.435,88.200,88.324,88.017,88.013,74.133,87.902,87.950
12.000,90.148,90.017,181.196,90.157,90.390,89.943,90.038,89.958,90.248,90.224,90.940,284.770,90.219,90.245
12.005,89.853,90.134,181.209,90.463,90.273,89.878,89.911,89.766,90.120,90.358,90.031,284.770,89.976,90.111
12.010,89.771,90.275,181.149,89.902,90.236,90.244,90.146,90.292,90.168,90.417,89.776,284.770,90.200,89.658
12.015,90.109,89.950,181.169,89.550,89.969,90.185,90.134,90.033,89.637,89.565,90.029,284.770,90.096,90.269
12.020,91.399,91.835,181.275,92.223,91.722,92.238,92.113,91.570,91.642,91.788,91.879,222.536,91.531,91.621
12.025,92.430,91.924,181.253,91.532,91.815,91.908,92.176,91.679,91.868,91.600,92.583,222.536,91.966,92.081
12.030,91.839,91.972,181.255,92.128,91.679,91.341,92.219,91.869,92.307,91.713,91.781,222.536,91.471,92.285
12.035,92.128,91.355,181.248,92.032,92.038,0.000,92.163,91.284,91.642,91.844,92.176,222.536,92.103,91.503
12.040,93.812,93.681,181.209,93.775,93.547,94.426,93.368,94.125,93.867,94.109,94.494,264.643,93.601,93.805
12.045,93.648,93.654,181.140,93.732,93.636,94.004,93.666,93.585,94.088,93.739,93.663,264.643,93.484,93.413
12.050,93.663,93.734,181.128,93.313,93.400,93.699,93.673,94.227,93.766,93.815,94.335,264.643,93.638,93.542
12.055,93.516,93.558,181.179,94.188,93.872,93.836,93.692,94.089,93.779,94.136,93.936,264.643,93.614,93.687
12.060,96.041,95.940,181.011,95.509,95.607,94.797,95.618,95.605,95.796,95.283,95.584,163.149,95.242,95.863
12.065,95.657,95.860,181.180,95.966,95.168,96.169,96.031,95.463,95.824,95.482,95.547,163.149,95.919,95.628
12.070,95.818,95.661,181.207,95.520,95.643,95.352,95.464,95.615,95.245,95.599,95.952,163.149,95.587,96.000
12.075,95.805,96.534,181.260,95.626,94.967,95.957,95.774,95.380,95.778,95.147,96.117,163.149,95.484,95.653
12.080,97.742,97.754,181.209,97.076,97.864,98.205,97.268,97.714,97.936,97.476,97.611,151.553,98.051,98.037
12.085,97.674,97.900,181.175,97.536,97.457,97.376,97.473,97.764,98.077,97.657,97.616,151.553,97.691,98.268
12.090,97.922,97.619,181.179,96.913,97.937,97.723,97.739,97.325,97.604,97.307,97.379,151.553,97.646,97.467
12.095,97.345,97.699,181.151,97.332,98.352,97.599,97.644,97.319,97.659,97.398,97.486,151.553,97.662,97.595
12.100,99.104,99.698,181.164,99.957,99.241,99.241,98.906,99.002,99.598,99.390,99.311,136.471,99.330,99.453
12.105,99.370,99.178,181.204,99.405,99.054,99.023,99.760,99.759,99.200,99.660,99.266,136.471,99.452,99.674
12.110,99.306,98.947,181.178,99.098,99.482,99.359,99.395,99.400,99.139,99.060,99.015,136.471,99.274,99.862
12.115,99.425,99.990,181.235,99.527,99.749,99.960,98.918,99.478,99.550,99.600,99.628,136.471,99.657,99.754
12.120,101.619,100.747,181.153,101.121,100.691,100.940,100.985,100.890,101.346,101.008,100.691,300.346,101.323,101.128
12.125,101.557,100.840,181.260,101.244,101.740,0.000,101.799,101.335,101.375,101.524,101.401,300.346,101.236,100.891
12.130,101.437,101.166,181.188,100.954,101.165,101.306,101.509,101.117,101.293,101.141,101.221,300.346,101.154,101.159
12.135,101.031,101.054,181.199,101.332,101.698,101.466,100.973,100.926,101.242,101.338,101.089,300.346,101.095,100.714
12.140,103.266,103.121,181.222,102.906,103.092,103.324,103.141,103.054,103.420,103.095,102.692,95.580,102.673,102.609
12.145,103.167,103.558,181.132,103.262,103.093,103.093,103.050,103.099,103.053,103.232,103.803,95.580,102.864,102.932
12.150,103.341,103.330,181.270,103.118,102.804,103.267,102.644,103.232,103.001,102.513,103.001,95.580,102.699,103.102
12.155,103.111,102.464,181.162,102.853,102.848,102.685,102.801,103.825,103.207,103.791,103.286,95.580,103.584,103.073
12.160,104.826,104.740,181.177,104.708,105.267,105.022,104.845,104.591,104.698,104.250,105.048,353.767,104.927,104.812
12.165,104.985,104.982,181.144,104.941,104.970,104.953,105.112,105.050,104.695,104.609,104.941,353.767,104.988,105.226
12.170,104.728,104.871,181.179,104.558,104.496,105.381,104.753,104.624,104.863,105.074,105.125,353.767,105.222,105.086
12.175,104.680,104.320,181.226,104.960,105.082,104.964,105.032,104.997,105.148,105.341,105.122,353.767,104.797,105.356
12.180,106.834,106.547,181.139,107.019,106.589,106.471,106.741,106.878,107.079,106.704,106.271,28.915,106.746,106.719
12.185,106.766,107.058,181.139,107.120,106.584,106.817,106.901,107.158,106.724,106.860,106.613,28.915,106.136,105.920
12.190,107.064,106.730,181.267,106.262,106.573,107.031,106.709,106.530,106.787,106.287,106.385,28.915,106.406,106.888
12.195,106.810,106.567,181.233,106.812,106.860,106.342,107.272,106.894,107.135,107.064,106.744,28.915,106.269,107.049
12.200,108.212,108.134,181.218,108.897,108.392,108.432,108.368,108.687,108.175,108.476,108.148,33.631,108.100,108.472
12.205,108.978,108.831,181.231,109.094,108.996,108.651,108.117,108.397,108.672,108.525,107.946,33.631,108.679,108.093
12.210,109.055,109.273,181.258,108.205,108.332,108.045,108.755,108.287,108.081,108.956,108.817,33.631,108.754,107.991
12.215,108.235,108.301,181.295,108.326,108.588,108.552,108.837,109.008,108.685,108.929,108.692,33.631,108.406,108.810
12.220,110.166,110.619,181.039,110.401,110.089,109.981,110.100,110.747,109.784,110.356,110.313,267.213,111.043,110.730
12.225,110.642,110.342,181.180,110.858,110.494,109.916,110.639,110.331,110.448,110.589,109.754,267.213,110.342,110.726
12.230,110.403,109.998,181.221,110.344,110.633,110.943,110.499,109.745,110.337,110.940,110.413,267.213,110.530,110.133
12.235,109.903,109.887,181.136,110.345,109.769,109.909,110.240,109.959,110.707,109.965,110.240,267.213,110.222,110.045
12.240,112.449,112.190,181.190,112.171,112.244,112.253,111.820,111.653,112.410,111.906,112.533,93.446,112.005,112.045
12.245,112.135,112.052,181.146,112.684,111.932,112.172,111.803,111.898,112.094,111.850,111.760,93.446,111.728,111.658
12.250,112.206,111.871,181.209,111.330,112.122,112.078,112.265,112.172,112.025,111.608,112.075,93.446,111.724,111.881
12.255,112.458,112.161,181.251,112.245,112.419,112.318,112.157,111.339,112.102,111.652,112.003,93.446,111.958,111.276
12.260,113.648,113.965,181.176,113.511,113.668,113.612,113.657,113.642,113.776,113.932,113.636,88.061,113.892,113.926
12.265,113.628,114.595,181.177,113.813,114.412,114.271,113.550,114.102,114.000,114.207,113.740,88.061,113.962,113.382
12.270,114.044,113.795,181.237,114.066,113.816,113.442,113.898,113.602,114.263,113.740,114.246,88.061,114.368,114.174
12.275,114.124,113.609,181.187,114.168,113.257,114.063,113.813,113.762,113.811,113.853,113.852,88.061,114.194,113.921
12.280,115.596,115.243,181.229,115.397,115.870,115.471,115.622,115.189,115.322,115.418,114.919,11.059,115.362,115.425
12.285,115.909,115.703,181.210,115.263,115.734,115.576,115.162,115.613,114.772,115.834,115.135,11.059,115.365,116.115
12.290,115.689,115.794,181.189,115.700,115.190,115.514,116.006,115.388,115.723,115.387,115.889,11.059,115.663,114.873
12.295,115.888,115.499,181.150,115.442,115.556,115.646,115.091,115.110,115.633,115.408,115.778,11.059,115.560,115.710
12.300,117.010,117.538,181.195,117.130,116.891,117.546,117.084,117.191,116.557,117.543,117.507,324.933,117.420,117.157
12.305,117.191,117.282,181.202,117.430,117.505,117.567,117.684,117.453,116.767,117.241,117.213,324.933,117.517,117.346
12.310,117.571,117.178,181.234,117.416,117.059,117.837,117.296,116.839,117.016,117.097,117.833,324.933,117.218,117.098
12.315,116.998,117.102,181.150,117.832,117.498,117.317,117.340,117.477,117.284,117.632,116.980,324.933,117.145,117.366
12.320,118.680,118.929,181.246,118.898,118.817,118.799,118.957,118.836,118.979,119.091,119.224,229.188,119.263,118.954
12.325,118.958,118.988,181.206,118.721,119.049,118.707,118.652,118.991,119.076,118.642,119.500,229.188,119.565,118.926
12.330,118.834,118.811,181.078,118.788,119.195,118.922,118.729,119.255,119.256,118.916,118.618,229.188,118.726,119.230
12.335,118.635,118.602,181.188,119.100,119.077,119.075,118.675,119.168,119.297,119.358,119.587,229.188,118.902,118.669
12.340,120.063,120.231,181.181,121.063,120.459,120.631,120.871,120.465,120.100,120.421,120.910,33.995,121.078,120.299
12.345,120.958,120.899,181.191,120.419,120.563,120.328,120.933,119.918,120.809,120.966,120.785,33.995,121.014,120.582
12.350,120.568,120.382,181.223,120.150,120.169,120.168,120.368,120.614,120.597,120.792,120.397,33.995,120.110,120.065
12.355,120.976,121.099,181.269,120.697,120.280,120.627,120.593,120.468,120.346,120.305,120.164,33.995,120.335,120.630
12.360,121.894,121.748,181.142,122.116,121.976,0.000,122.274,122.376,122.272,121.869,122.341,155.433,121.409,122.153
12.365,122.179,122.135,181.206,122.163,122.324,122.792,122.466,122.028,122.213,122.012,122.175,155.433,122.593,121.851
12.370,122.110,122.065,181.097,122.060,122.236,121.925,121.800,122.183,122.467,122.267,121.823,155.433,122.175,122.853
12.375,122.185,121.762,181.138,122.516,121.873,121.920,122.751,122.166,122.284,122.839,122.369,155.433,122.212,122.388
12.380,123.263,123.197,181.237,123.924,123.636,123.000,123.586,124.353,123.797,123.386,123.674,75.281,123.542,123.735
12.385,124.096,123.467,181.170,124.008,123.878,0.000,123.740,124.060,123.806,123.511,123.760,75.281,123.801,124.102
12.390,123.646,124.082,181.208,123.341,124.141,123.618,124.265,123.952,123.770,123.578,123.861,75.281,123.459,124.114
12.395,123.795,123.454,181.131,123.989,124.351,123.850,123.916,123.764,124.068,123.788,124.166,75.281,123.721,123.466
12.400,124.977,125.358,181.256,125.920,125.442,125.744,125.676,125.382,125.493,125.216,125.621,132.504,125.553,125.730
12.405,125.729,125.380,181.208,125.355,125.169,0.000,125.645,125.512,125.366,125.755,124.965,132.504,125.440,125.088
12.410,124.817,125.440,181.254,125.261,125.433,0.000,125.666,124.966,125.331,125.547,125.800,132.504,125.246,125.235
12.415,125.834,124.559,181.236,125.200,125.764,125.298,124.735,125.277,125.290,124.961,125.109,132.504,124.455,125.495
12.420,126.656,126.564,181.154,126.766,127.283,126.357,126.488,126.654,126.638,126.628,127.130,203.876,126.481,127.008
12.425,126.672,126.144,181.226,126.664,126.668,126.562,126.698,126.794,126.832,126.588,126.913,203.876,126.685,126.814
12.430,126.573,126.891,181.206,126.772,126.852,126.840,126.697,126.952,126.774,127.068,127.328,203.876,126.785,126.952
12.435,127.192,126.973,181.152,126.905,126.989,126.470,126.708,127.246,127.251,127.036,127.047,203.876,126.531,126.753
12.440,127.990,128.556,181.272,127.846,128.665,128.409,128.342,127.985,128.041,128.647,128.283,90.486,128.440,128.361
12.445,127.985,128.452,181.277,128.294,128.594,128.379,128.055,128.312,128.244,128.407,128.414,90.486,128.074,127.973
12.450,127.962,128.598,181.238,128.264,128.277,128.180,128.454,128.511,127.566,127.832,127.807,90.486,128.274,128.160
12.455,128.389,128.543,181.154,128.364,128.509,128.247,128.641,128.105,127.674,128.539,128.180,90.486,128.237,127.733
12.460,129.838,129.793,181.220,129.681,129.628,129.832,129.821,129.686,129.723,129.957,129.205,193.995,129.593,129.657
12.465,129.462,129.940,181.217,129.520,129.452,129.788,130.045,129.323,129.524,129.916,129.157,193.995,130.056,129.332
12.470,129.831,129.411,181.188,129.944,129.737,129.598,129.947,129.606,130.050,129.731,129.977,193.995,129.844,129.362
12.475,130.135,129.735,181.230,129.596,129.498,129.723,129.841,129.118,129.773,129.582,129.583,193.995,129.815,128.883
12.480,131.277,130.759,181.189,130.673,131.415,130.741,130.615,131.345,130.892,131.047,131.291,205.529,131.265,130.963
12.485,131.185,130.877,181.195,130.808,130.433,130.234,130.915,130.811,130.915,131.524,130.616,205.529,131.200,131.087
12.490,130.768,131.111,181.208,131.143,130.724,131.168,131.193,130.862,130.837,130.473,130.575,205.529,131.072,131.280
12.495,131.533,131.485,181.208,130.718,131.107,130.861,131.159,130.671,131.608,131.260,131.366,205.529,131.552,130.542
12.500,132.626,132.362,181.221,132.834,132.776,132.235,132.032,132.722,132.196,132.384,132.526,143.621,132.632,132.464
12.505,132.000,132.617,181.193,132.704,132.539,132.823,132.248,132.175,132.216,132.306,132.571,143.621,131.824,132.269
12.510,132.203,132.441,181.161,132.191,132.471,132.666,132.891,132.333,132.251,132.473,132.503,143.621,132.386,132.172
12.515,131.601,132.825,181.170,132.162,132.412,132.343,132.600,132.488,132.235,132.993,132.278,143.621,133.014,132.559
12.520,133.885,133.948,181.208,133.779,134.230,133.874,133.272,133.595,133.451,134.506,133.673,225.333,133.844,133.157
12.525,133.363,133.584,181.269,133.832,132.982,133.865,133.822,133.862,133.310,133.628,133.766,225.333,133.973,133.616
12.530,133.653,134.031,181.197,134.045,133.274,133.944,133.623,133.954,134.104,133.993,133.740,225.333,134.002,133.502
12.535,134.144,133.833,181.167,134.105,133.584,133.687,133.748,134.160,134.030,133.570,133.341,225.333,133.583,133.483
12.540,134.575,134.971,181.148,135.417,135.210,135.171,135.021,135.471,135.244,134.829,135.451,335.607,135.620,135.116
12.545,135.254,135.519,181.290,134.794,135.145,134.911,134.730,134.658,135.529,134.577,135.320,335.607,134.438,135.157
12.550,134.905,135.010,181.251,134.833,134.756,134.865,135.286,134.793,134.710,135.555,135.242,335.607,134.780,134.974
12.555,134.671,134.816,181.257,134.926,135.127,134.579,135.232,135.054,134.970,135.135,135.479,335.607,135.351,134.391
12.560,136.602,135.580,181.128,136.196,136.743,136.241,136.043,136.308,136.390,135.852,135.883,354.271,135.992,135.943
12.565,136.340,135.774,181.208,135.772,136.351,136.455,136.207,136.156,136.054,136.502,136.338,354.271,135.939,136.579
12.570,136.012,136.497,181.179,135.872,136.260,135.778,136.383,136.309,136.085,135.825,136.461,354.271,136.137,136.053
12.575,136.373,135.235,181.188,136.286,136.070,135.970,136.134,135.805,136.093,135.793,136.075,354.271,136.188,136.460
12.580,137.217,137.703,181.182,137.464,137.477,137.314,137.316,137.666,137.064,137.828,136.733,126.421,137.712,136.948
12.585,137.137,137.051,181.168,137.516,137.048,137.235,137.558,137.683,137.243,137.895,137.081,126.421,137.255,137.224
12.590,137.282,137.047,181.125,137.896,137.257,137.671,137.735,137.273,136.991,137.286,136.742,126.421,136.931,137.277
12.595,137.690,137.690,181.188,137.702,137.622,137.542,137.897,137.308,137.088,137.333,137.414,126.421,137.183,137.476
12.600,138.049,138.001,181.146,138.393,138.533,138.602,138.396,139.211,138.738,138.801,138.795,184.694,138.220,138.182
12.605,138.135,138.346,181.215,138.509,138.314,138.272,138.581,138.127,138.412,138.650,138.773,184.694,138.586,138.995
12.610,138.787,138.253,181.221,138.477,139.038,138.676,138.384,139.044,138.873,138.551,138.373,184.694,138.390,138.346
12.615,138.106,138.453,181.272,138.694,138.595,138.706,138.435,138.772,138.297,138.625,139.188,184.694,138.180,138.673
12.620,139.546,139.957,181.228,139.398,139.526,139.683,139.890,140.263,139.519,139.669,139.567,325.200,139.690,139.672
12.625,139.515,140.172,181.165,139.655,139.779,139.441,139.655,139.392,139.362,139.784,139.975,325.200,139.507,139.700
12.630,139.221,139.110,181.215,139.017,140.274,139.517,140.129,139.833,139.554,139.615,139.525,325.200,139.858,139.367
12.635,139.383,139.301,181.190,139.803,139.569,139.679,139.650,139.318,140.322,139.564,139.820,325.200,139.731,140.039
12.640,140.602,141.420,181.148,140.970,140.569,140.613,140.582,140.288,140.557,140.989,141.009,93.634,140.554,139.895
12.645,140.615,140.887,181.281,140.507,141.076,140.532,140.365,140.459,141.267,140.171,140.774,93.634,140.386,140.635
12.650,140.829,141.271,181.201,140.956,140.771,140.018,140.255,141.027,139.863,140.545,141.108,93.634,140.228,140.769
12.655,140.705,141.239,181.268,140.621,140.829,140.527,140.624,140.475,140.829,140.428,140.482,93.634,141.061,141.106
12.660,141.898,141.677,181.185,141.379,141.390,142.154,141.340,142.366,141.493,141.053,141.543,83.432,141.904,141.504
12.665,141.687,141.414,181.260,141.422,142.079,141.420,142.144,141.925,141.193,141.909,141.672,83.432,141.894,141.469
12.670,141.497,141.927,181.181,141.460,141.615,141.464,142.276,141.944,141.290,141.660,141.507,83.432,141.335,141.454
12.675,141.814,141.784,181.143,141.726,141.695,141.782,141.171,141.725,141.836,141.805,141.899,83.432,140.949,141.500
12.680,142.692,143.059,181.126,142.433,142.252,142.714,143.376,142.149,142.694,143.026,142.390,137.688,142.628,142.384
12.685,142.817,142.730,181.117,142.781,142.833,142.864,142.689,143.532,143.211,142.715,142.866,137.688,141.970,142.299
12.690,142.516,143.333,181.264,142.730,142.489,142.856,142.461,142.449,142.377,142.365,142.649,137.688,142.947,142.355
12.695,142.521,142.099,181.161,142.419,142.404,142.843,142.409,143.175,142.703,142.641,142.829,137.688,142.423,142.137
12.700,143.408,142.959,181.184,143.400,143.637,143.794,143.515,143.695,143.352,143.642,143.126,226.501,143.310,143.515
12.705,143.000,143.319,181.125,143.170,143.509,143.143,143.234,142.962,142.846,142.889,143.824,226.501,143.179,143.048
12.710,143.578,143.121,181.231,143.366,143.177,143.624,143.476,143.565,143.595,143.148,143.529,226.501,143.936,143.228
12.715,143.247,143.500,181.136,143.411,143.194,143.002,143.539,143.588,143.138,143.236,143.172,226.501,143.343,143.210
12.720,144.047,144.081,181.128,144.609,144.266,144.569,144.065,144.477,144.284,144.234,143.977,221.774,144.826,145.085
12.725,144.164,144.692,181.215,143.872,145.031,144.811,144.117,144.167,144.122,144.225,144.071,221.774,144.027,144.155
12.730,144.894,144.343,181.290,144.325,144.260,144.641,144.611,144.223,144.611,143.878,144.470,221.774,144.146,144.525
12.735,144.038,144.429,181.200,144.498,144.958,144.278,144.251,144.341,144.187,144.277,144.170,221.774,144.511,144.646
12.740,145.497,144.907,181.148,145.211,145.159,145.367,144.632,145.318,144.813,144.747,144.858,177.588,145.716,145.176
12.745,144.425,145.068,181.195,145.110,144.917,144.814,145.423,145.788,145.029,145.050,144.164,177.588,144.921,145.156
12.750,144.965,144.956,181.288,145.141,145.206,0.000,145.251,145.015,144.689,144.772,144.820,177.588,145.032,145.193
12.755,145.622,144.788,181.163,144.659,145.201,144.599,145.241,145.177,145.058,145.370,145.426,177.588,145.480,145.253
12.760,145.826,145.874,181.257,145.794,146.143,146.043,145.966,145.931,145.192,146.247,145.471,295.101,145.653,145.879
12.765,145.886,145.192,181.246,146.059,145.406,145.534,145.418,146.070,146.127,146.310,145.998,295.101,145.925,145.861
12.770,145.605,145.645,181.224,145.949,145.863,145.336,145.778,145.934,146.028,145.889,145.835,295.101,145.735,145.836
12.775,145.190,145.593,181.224,146.165,145.778,145.847,146.094,145.423,145.480,145.907,145.989,295.101,145.607,145.867
12.780,146.594,146.814,181.209,146.841,146.398,147.299,146.324,145.802,146.160,146.465,146.178,107.419,146.450,146.342
12.785,146.719,146.357,181.159,146.214,146.286,146.267,146.374,145.989,146.946,147.043,146.822,107.419,146.734,146.623
12.790,146.760,145.916,181.154,146.493,146.298,0.000,147.199,146.415,146.084,145.745,146.674,107.419,145.608,146.618
12.795,147.016,146.404,181.172,146.154,146.497,146.474,146.310,146.467,146.583,146.762,146.942,107.419,146.462,146.471
12.800,147.032,147.168,181.124,147.230,147.273,147.128,146.817,146.950,146.997,147.063,146.937,40.568,147.048,147.167
12.805,147.213,147.200,181.183,146.712,147.008,146.988,146.994,146.879,147.411,147.450,147.027,40.568,146.539,146.974
12.810,146.420,147.324,181.215,147.070,147.251,147.077,146.792,147.022,146.639,147.142,147.341,40.568,146.951,147.508
12.815,146.955,147.298,181.124,147.051,146.637,147.186,147.128,147.599,146.458,146.778,146.647,40.568,147.437,146.993
12.820,147.655,147.768,181.215,147.853,148.267,148.032,147.248,147.645,147.766,147.165,147.567,312.451,147.552,148.131
12.825,147.992,148.036,181.123,147.337,147.518,147.488,147.692,147.802,147.337,146.858,147.937,312.451,147.579,147.610
12.830,148.165,147.515,181.176,147.428,147.604,147.419,147.407,147.895,147.969,147.571,147.382,312.451,147.879,147.224
12.835,148.095,147.785,181.264,147.436,147.746,147.936,147.774,147.441,147.635,147.635,147.706,312.451,146.795,147.662
12.840,148.248,148.177,181.184,147.815,147.660,148.585,148.353,148.646,147.590,147.984,147.662,80.996,148.008,147.412
12.845,148.072,148.240,181.189,147.490,148.074,148.208,148.576,148.387,148.033,148.462,147.556,80.996,148.290,148.220
12.850,148.090,148.270,181.246,147.614,147.954,147.975,148.142,148.320,147.914,148.452,148.137,80.996,148.130,147.905
12.855,148.098,148.027,181.225,148.290,148.047,148.044,148.241,148.519,148.072,147.840,148.438,80.996,148.013,148.418
12.860,148.595,148.485,181.194,148.434,148.676,148.618,148.598,148.313,148.392,148.624,148.557,28.188,148.451,148.667
12.865,148.905,148.571,181.127,148.624,148.720,148.035,148.469,148.206,148.694,148.474,148.164,28.188,148.473,148.665
12.870,148.496,147.879,181.199,148.306,148.126,148.826,148.527,148.833,148.932,148.675,149.108,28.188,148.085,148.883
12.875,148.057,148.666,181.289,148.346,148.693,148.039,149.026,148.796,148.875,148.211,148.570,28.188,148.416,148.525
12.880,148.579,149.228,181.287,148.781,149.010,149.252,148.818,148.953,149.142,148.937,148.535,164.203,148.417,148.562
12.885,149.812,148.878,181.157,149.199,149.015,148.850,148.313,149.070,148.704,148.688,149.162,164.203,149.019,148.765
12.890,149.337,148.819,181.189,149.298,149.197,0.000,148.933,149.229,149.180,148.509,149.266,164.203,148.710,148.149
12.895,148.787,148.869,181.172,148.647,148.543,0.000,148.576,149.081,148.959,149.276,148.678,164.203,149.143,149.305
12.900,149.181,149.597,181.201,149.711,149.334,149.106,149.069,148.820,149.283,149.277,149.576,55.411,149.723,148.985
12.905,149.476,149.105,181.189,149.320,149.474,149.431,148.765,149.039,149.044,149.412,149.549,55.411,149.392,149.149
12.910,149.350,149.569,181.283,149.607,149.114,149.994,149.324,149.702,149.238,148.948,149.698,55.411,149.381,149.537
12.915,149.356,148.824,181.251,149.226,149.242,148.873,149.338,149.348,149.033,148.700,149.351,55.411,149.191,149.474
12.920,148.937,149.338,181.248,149.231,149.467,148.910,149.549,149.910,149.629,149.300,148.950,96.215,149.223,149.429
12.925,149.113,149.986,181.238,149.208,149.575,149.933,149.406,148.961,149.824,149.623,149.707,96.215,149.654,149.398
12.930,149.570,149.358,181.155,149.169,149.157,0.000,149.776,149.880,149.843,149.593,149.982,96.215,149.392,149.984
12.935,149.735,149.088,181.169,150.008,149.554,149.720,149.497,149.938,149.794,150.471,149.422,96.215,149.380,149.555
12.940,149.828,149.814,181.248,149.244,149.679,149.670,149.359,149.884,149.303,149.622,149.582,39.220,149.545,149.356
12.945,150.205,149.587,181.186,149.881,149.745,149.492,149.512,149.543,149.482,149.858,149.714,39.220,149.490,149.890
12.950,149.750,149.708,181.178,149.524,149.626,150.077,149.707,149.587,149.318,149.655,149.876,39.220,149.949,149.555
12.955,149.811,149.895,181.124,150.050,149.696,150.141,149.889,150.104,149.305,149.896,149.640,39.220,150.112,149.899
12.960,149.902,149.733,181.207,150.098,149.742,149.239,150.007,149.798,149.966,150.005,149.648,230.875,149.583,150.052
12.965,150.174,150.013,181.245,150.096,149.924,149.724,149.957,149.405,149.886,149.730,150.120,230.875,149.981,149.824
12.970,149.701,149.798,181.154,149.902,150.200,149.893,150.034,149.876,150.288,150.265,149.889,230.875,149.724,149.470
12.975,150.493,149.890,181.234,150.005,149.761,149.710,150.000,150.285,149.746,149.789,149.752,230.875,149.580,149.940
12.980,149.652,149.886,181.177,150.294,149.731,150.279,149.689,150.172,149.767,150.293,150.203,27.871,149.788,150.095
12.985,150.206,149.555,181.205,149.740,149.695,149.881,149.432,150.285,150.222,149.489,149.648,27.871,149.999,149.738
12.990,150.189,149.703,181.242,149.810,149.944,149.920,149.487,150.274,149.807,149.669,149.866,27.871,150.357,150.167
12.995,150.447,149.765,181.219,149.748,149.770,149.939,149.990,149.648,150.037,149.835,149.506,27.871,149.827,150.081
13.000,149.665,150.225,181.250,149.240,150.132,149.723,150.151,149.977,150.279,149.822,149.870,314.847,149.669,149.975
13.005,149.730,149.743,181.235,150.018,149.963,149.760,149.939,150.264,149.760,149.743,149.637,314.847,149.869,149.978
13.010,149.917,149.688,181.275,149.914,150.353,149.888,149.869,149.496,150.391,149.714,150.025,314.847,150.451,149.974
13.015,150.218,150.043,181.244,150.611,149.941,150.427,150.176,150.364,149.259,149.832,149.890,314.847,149.983,150.078
13.020,150.229,150.182,181.227,149.875,150.550,150.121,149.831,150.008,150.060,149.754,149.902,196.997,149.722,150.356
13.025,149.200,149.997,181.261,149.897,150.446,150.552,149.992,150.009,149.806,150.087,150.258,196.997,149.569,149.719
13.030,149.878,149.867,181.248,149.473,149.692,150.134,150.043,150.562,150.141,149.341,149.770,196.997,149.684,150.152
13.035,150.045,149.502,181.269,150.111,150.310,150.258,149.881,149.933,150.218,150.570,149.664,196.997,149.423,150.388
13.040,149.986,150.006,181.196,149.952,150.092,150.742,150.170,149.913,150.334,149.981,149.822,23.146,149.930,149.638
13.045,149.989,150.207,181.191,150.098,150.288,149.802,149.398,149.738,149.776,149.376,149.369,23.146,150.094,150.052
13.050,149.838,149.797,181.148,149.655,149.744,149.859,149.619,150.214,149.791,149.297,149.712,23.146,150.452,149.830
13.055,149.914,149.944,181.135,149.641,150.281,150.477,149.532,150.160,149.944,149.769,150.117,23.146,150.048,149.728
13.060,149.171,149.476,181.215,149.773,149.578,149.811,149.380,150.010,149.987,149.595,149.583,334.507,149.747,149.428
13.065,149.993,149.528,181.224,149.739,149.735,149.662,149.607,149.544,150.143,149.863,149.804,334.507,149.571,149.416
13.070,149.007,149.772,181.198,149.288,149.825,150.054,149.801,149.364,149.974,149.248,149.133,334.507,149.855,149.690
13.075,149.676,149.685,181.185,149.515,150.006,149.842,149.325,149.818,149.336,149.439,149.524,334.507,149.884,149.675
13.080,149.247,149.675,181.191,149.916,149.437,149.643,149.757,149.359,149.675,149.885,149.610,84.735,149.363,149.653
13.085,149.619,149.582,181.159,149.526,149.304,149.634,149.560,149.123,149.763,149.158,149.499,84.735,149.239,149.824
13.090,149.224,149.382,181.199,149.311,149.543,149.413,149.605,149.572,149.172,149.124,149.312,84.735,149.270,149.814
13.095,149.780,149.338,181.227,149.479,149.500,149.557,150.271,149.351,148.992,149.117,150.227,84.735,149.724,149.639
13.100,149.355,149.417,181.282,149.517,148.616,148.902,148.738,149.484,149.015,149.099,149.926,144.036,149.129,149.028
13.105,149.437,148.899,181.218,148.862,149.316,148.977,149.338,149.528,149.362,149.194,149.416,144.036,149.109,149.625
13.110,149.574,149.407,181.180,149.125,149.591,149.156,149.613,148.648,149.055,149.504,148.947,144.036,149.068,149.338
13.115,149.592,149.148,181.204,149.518,149.498,149.411,149.409,149.671,149.933,149.296,149.367,144.036,149.077,149.338
13.120,148.869,148.513,181.243,148.556,148.760,0.000,148.247,149.100,149.040,149.095,148.701,186.253,148.807,148.777
13.125,149.169,148.647,181.086,149.246,149.409,0.000,148.906,149.317,149.025,148.442,149.162,186.253,148.722,148.649
13.130,149.070,148.815,181.233,148.684,148.674,148.768,149.287,149.076,148.801,148.688,148.912,186.253,149.055,149.195
13.135,149.154,149.669,181.160,148.977,149.039,149.321,148.480,148.586,148.665,149.268,148.476,186.253,148.560,149.488
13.140,148.589,148.502,181.085,148.331,148.645,148.224,148.356,148.975,148.901,148.296,148.624,83.496,148.342,148.527
13.145,147.784,148.165,181.213,148.924,148.817,148.470,148.468,148.548,148.343,148.437,148.362,83.496,148.561,148.407
13.150,148.466,148.830,181.106,148.135,148.307,148.423,148.531,148.460,149.032,148.359,148.503,83.496,148.665,148.430
13.155,148.534,148.228,181.184,148.263,148.655,148.641,148.898,148.945,148.900,147.841,148.276,83.496,148.272,148.688
13.160,147.951,147.695,181.212,147.724,148.142,148.291,147.833,148.032,148.027,148.484,148.460,62.731,148.790,147.837
13.165,147.888,148.211,181.217,148.089,148.221,147.630,149.020,148.577,148.229,148.025,148.316,62.731,148.028,148.334
13.170,148.143,148.405,181.275,147.824,147.868,148.246,148.601,148.539,148.548,147.933,147.921,62.731,147.925,147.970
13.175,147.893,148.706,181.286,148.468,147.736,147.930,148.488,147.542,148.286,148.028,147.390,62.731,147.898,148.183
13.180,147.796,147.713,181.207,147.256,147.570,147.090,147.571,148.134,147.394,147.552,147.862,55.426,147.659,147.394
13.185,147.974,147.373,181.249,147.902,147.422,0.000,147.339,147.901,147.564,147.749,147.727,55.426,147.810,147.480
13.190,147.604,147.625,181.227,147.408,147.667,147.699,147.339,147.799,147.376,147.800,147.669,55.426,147.555,147.318
13.195,147.855,148.016,181.281,147.812,147.005,147.579,147.723,147.652,147.254,147.151,147.983,55.426,147.501,147.679
13.200,146.694,147.544,181.262,146.850,147.136,147.236,147.446,146.773,147.047,146.775,147.256,265.945,146.986,147.123
13.205,146.749,146.808,181.202,146.666,146.114,147.145,147.433,147.019,147.070,147.156,146.970,265.945,146.656,147.007
13.210,146.952,147.565,181.290,146.991,146.869,0.000,147.017,146.997,146.979,147.161,146.914,265.945,147.242,146.767
13.215,146.761,146.994,181.241,146.533,147.206,147.452,147.184,146.664,147.034,147.288,146.821,265.945,147.258,147.330
13.220,146.451,146.095,181.150,146.258,146.412,147.011,146.530,146.624,146.236,146.250,146.688,314.843,146.967,146.931
13.225,146.460,146.652,181.160,146.742,146.430,146.341,145.972,146.530,146.675,146.117,146.616,314.843,146.253,146.041
13.230,146.911,146.492,181.123,146.944,146.219,146.655,146.654,146.987,146.521,147.005,145.524,314.843,146.340,146.413
13.235,146.282,146.007,181.145,146.146,146.671,146.547,146.503,146.217,147.076,146.483,146.854,314.843,147.098,146.384
13.240,146.147,145.491,181.260,145.561,145.695,145.670,146.024,145.599,145.602,146.049,145.812,64.870,146.067,145.924
13.245,145.471,145.792,181.192,145.636,146.360,145.820,146.253,146.006,145.200,146.077,145.813,64.870,146.256,146.138
13.250,145.704,145.919,181.116,145.357,145.218,145.873,145.461,145.425,145.802,146.452,145.317,64.870,145.989,145.891
13.255,146.020,145.444,181.230,146.113,145.671,145.797,145.431,146.135,146.321,145.939,145.824,64.870,145.256,145.937
13.260,145.151,145.395,181.220,145.281,145.114,145.259,145.110,145.138,145.107,144.977,144.482,121.429,144.770,145.253
13.265,144.330,144.800,181.233,144.849,145.751,145.237,145.497,144.998,144.816,145.259,144.735,121.429,145.057,144.733
13.270,145.039,144.772,181.180,145.200,145.283,144.917,144.488,145.042,145.574,144.998,144.525,121.429,145.203,144.645
13.275,145.192,145.272,181.151,144.552,144.903,145.155,145.081,144.337,145.353,145.537,145.226,121.429,145.129,144.991
13.280,143.831,144.654,181.209,144.681,144.932,144.609,144.980,144.598,144.276,143.878,144.137,76.286,143.758,144.705
13.285,144.144,144.188,181.210,144.364,145.015,144.162,144.629,143.917,144.428,144.406,143.889,76.286,144.441,144.217
13.290,144.187,144.220,181.259,144.644,144.426,144.192,144.162,144.913,144.480,144.382,144.173,76.286,144.578,144.598
13.295,144.397,144.390,181.193,144.562,145.040,144.173,144.329,143.898,144.386,144.126,143.703,76.286,144.556,144.715
13.300,143.825,143.793,181.193,143.076,143.333,142.860,143.054,143.202,143.855,143.425,143.458,56.827,143.331,143.487
13.305,143.047,143.327,181.123,143.500,143.337,143.599,143.766,143.431,143.135,144.174,143.879,56.827,143.442,143.561
13.310,143.184,143.398,181.208,143.512,143.853,0.000,143.410,143.566,143.788,143.469,143.496,56.827,143.770,143.657
13.315,143.915,143.270,181.171,143.720,143.486,143.302,143.359,143.336,143.076,143.378,143.453,56.827,143.930,143.024
13.320,142.922,142.069,181.295,142.187,142.386,142.599,142.671,142.935,142.137,142.567,142.992,322.734,142.294,142.293
13.325,143.077,142.773,181.255,142.448,142.413,142.324,142.733,142.455,142.254,142.447,142.799,322.734,142.624,142.879
13.330,142.563,142.448,181.219,142.224,142.425,142.915,142.831,142.295,142.373,142.942,142.473,322.734,142.343,142.534
13.335,142.875,142.872,181.128,142.795,142.556,142.995,142.614,142.629,142.123,142.569,142.905,322.734,142.864,142.580
13.340,140.925,141.490,181.138,141.554,141.727,142.083,141.585,141.455,141.297,141.710,140.927,145.479,141.637,141.749
13.345,141.771,142.039,181.190,142.225,141.980,141.822,141.432,141.303,141.759,141.578,141.872,145.479,141.762,141.552
13.350,141.353,141.707,181.134,141.606,141.593,141.560,141.672,141.360,141.618,141.661,141.657,145.479,141.365,141.447
13.355,141.221,141.945,181.267,141.211,141.768,141.460,141.870,141.536,141.482,141.850,141.854,145.479,141.986,141.953
13.360,140.331,140.269,181.257,140.972,140.825,140.272,140.323,140.668,140.149,140.711,140.550,252.393,141.097,140.686
13.365,140.949,140.450,181.250,140.631,140.882,140.672,140.009,140.431,140.760,140.927,140.465,252.393,140.656,140.693
13.370,141.093,140.483,181.168,140.615,141.020,140.819,140.302,140.541,140.657,140.877,140.595,252.393,140.717,140.847
13.375,140.507,141.217,181.218,140.670,140.577,140.724,141.016,141.031,140.782,140.219,140.189,252.393,140.880,140.856
13.380,139.513,139.751,181.279,139.947,140.149,139.919,139.629,140.139,139.366,139.619,139.952,255.734,139.688,139.715
13.385,139.968,139.468,181.112,139.610,139.425,139.665,139.334,139.733,139.678,139.159,139.490,255.734,139.720,139.336
13.390,139.418,138.948,181.248,139.307,139.354,139.943,139.751,139.520,139.805,139.323,138.972,255.734,139.155,139.254
13.395,139.694,139.325,181.215,139.791,140.313,139.390,139.958,139.541,139.603,139.486,139.186,255.734,139.888,139.781
13.400,138.718,138.937,181.126,138.931,138.700,138.891,138.572,138.551,138.629,138.389,138.550,150.944,138.643,138.524
13.405,138.889,138.386,181.116,137.446,138.698,138.900,138.401,138.257,138.448,138.612,137.666,150.944,138.778,138.213
13.410,138.454,138.715,181.187,138.704,138.460,138.436,138.585,139.023,138.008,138.501,138.541,150.944,138.615,138.797
13.415,137.707,138.033,181.325,138.346,138.563,138.572,138.061,138.461,139.267,138.730,138.641,150.944,138.682,138.753
13.420,137.344,137.521,181.149,137.369,137.249,137.090,137.508,137.603,137.599,137.523,137.549,60.777,137.049,137.632
13.425,137.609,137.719,181.190,138.005,137.560,0.000,137.514,137.463,137.694,137.606,137.545,60.777,137.361,136.942
13.430,137.265,137.533,181.199,137.879,137.338,137.855,136.966,137.254,136.975,137.127,137.207,60.777,137.758,137.235
13.435,137.234,137.104,181.223,138.164,137.234,137.703,137.510,137.568,138.069,137.135,137.428,60.777,136.854,137.143
13.440,135.943,135.898,181.176,136.775,136.398,136.108,136.375,135.623,135.961,135.647,136.647,57.081,135.757,136.535
13.445,136.353,136.399,181.184,135.696,136.276,136.339,136.765,136.354,136.246,136.600,136.262,57.081,136.496,136.265
13.450,136.274,135.902,181.215,135.891,135.845,136.112,136.511,136.429,136.235,136.087,136.609,57.081,136.621,136.776
13.455,136.307,135.791,181.192,136.371,136.087,135.907,136.273,136.253,136.479,136.271,135.949,57.081,136.318,135.976
13.460,135.002,135.042,181.317,135.312,135.126,135.004,135.133,134.861,135.247,134.488,135.260,185.768,134.747,134.340
13.465,135.379,134.661,181.182,135.141,134.673,134.948,135.138,134.779,135.040,134.930,134.660,185.768,135.492,135.003
13.470,135.100,134.644,181.134,135.308,134.545,134.860,134.762,134.844,135.125,134.775,135.117,185.768,135.517,135.371
13.475,134.982,134.933,181.190,135.909,134.851,134.761,135.106,134.881,135.131,135.275,134.873,185.768,135.055,134.938
13.480,133.403,133.689,181.207,134.126,133.627,133.726,133.441,133.196,134.225,133.926,134.300,263.596,133.882,133.904
13.485,133.613,133.311,181.270,133.999,133.778,133.753,133.518,133.587,134.429,134.086,133.463,263.596,134.055,133.808
13.490,133.733,133.728,181.179,133.474,133.508,133.548,133.870,133.820,133.933,133.241,133.514,263.596,133.804,134.142
13.495,134.171,134.094,181.155,134.315,133.527,133.821,133.812,133.903,133.638,133.976,134.403,263.596,133.488,133.521
13.500,132.564,132.624,181.205,132.122,132.645,132.643,132.456,131.939,132.292,132.334,132.212,128.735,132.304,132.668
13.505,132.325,132.729,181.317,132.883,132.508,132.348,132.381,132.351,132.878,132.905,132.115,128.735,132.119,132.937
13.510,132.646,132.708,181.131,131.767,132.378,132.497,132.246,131.959,132.020,132.673,132.389,128.735,132.545,132.198
13.515,132.610,132.433,181.150,131.898,132.832,132.398,132.570,132.288,132.441,132.148,132.591,128.735,132.692,132.637
13.520,130.937,131.134,181.203,131.118,131.375,131.272,130.535,131.216,131.658,131.328,131.075,297.880,130.776,130.752
13.525,131.208,130.765,181.172,131.392,131.137,131.348,131.521,130.859,131.099,131.158,130.755,297.880,131.162,130.982
13.530,130.749,130.786,181.178,130.759,131.096,131.119,131.282,131.117,131.260,130.875,131.031,297.880,131.859,130.692
13.535,131.101,130.829,181.139,130.820,131.478,130.363,131.109,130.498,131.326,131.009,131.233,297.880,131.492,130.776
13.540,130.273,129.316,181.253,129.762,129.884,129.911,129.828,130.217,129.963,129.102,129.320,291.132,129.419,129.963
13.545,129.966,130.257,181.230,129.322,129.688,129.293,129.534,129.388,129.601,129.842,129.976,291.132,129.789,129.685
13.550,129.863,130.065,181.136,129.614,129.494,130.306,129.523,129.214,129.650,129.789,129.415,291.132,129.819,129.667
13.555,129.937,129.197,181.167,129.166,129.909,129.704,129.274,130.041,129.626,130.037,130.010,291.132,129.776,129.358
13.560,128.454,128.424,181.233,128.562,128.225,128.578,128.458,128.622,127.741,128.101,128.661,55.153,128.270,128.156
13.565,127.901,128.260,181.121,128.118,127.743,128.837,128.581,128.177,128.968,128.535,128.614,55.153,127.899,128.357
13.570,128.111,128.362,181.200,128.589,127.907,127.806,128.447,127.800,128.311,128.255,127.929,55.153,128.023,128.904
13.575,128.043,128.356,181.231,128.033,128.317,128.405,128.095,127.671,128.506,128.111,128.219,55.153,128.816,128.393
13.580,126.913,127.048,181.197,126.823,126.960,126.901,126.453,126.450,126.992,126.597,126.635,303.210,126.742,126.288
13.585,127.046,126.407,181.154,126.847,126.929,126.732,126.536,126.503,127.005,126.643,126.904,303.210,126.586,126.584
13.590,127.377,126.473,181.157,126.895,126.892,126.076,126.881,127.081,126.948,126.740,126.868,303.210,127.171,127.017
13.595,126.733,126.632,181.186,126.780,126.178,126.713,126.936,126.817,126.815,126.738,126.965,303.210,126.965,126.617
13.600,124.936,125.534,181.269,125.279,125.831,125.588,125.485,124.895,124.793,125.395,125.246,52.667,125.107,125.772
13.605,125.355,125.266,181.149,125.352,125.048,125.115,125.157,125.306,125.554,125.413,125.415,52.667,125.771,125.116
13.610,125.260,125.239,181.186,124.782,125.286,125.399,125.112,125.278,124.768,124.910,125.853,52.667,124.891,125.794
13.615,125.348,125.189,181.207,125.364,124.895,125.335,124.826,124.837,125.084,125.130,125.525,52.667,125.285,125.414
13.620,123.734,123.951,181.184,123.566,123.734,123.983,123.361,123.683,124.033,123.277,123.365,7.824,123.593,123.818
13.625,123.877,123.831,181.146,123.841,123.488,123.648,124.278,123.174,123.872,123.287,123.593,7.824,123.860,124.148
13.630,123.559,124.144,181.146,123.494,123.554,123.327,123.567,123.560,123.641,123.532,124.057,7.824,123.666,123.388
13.635,123.818,124.296,181.134,123.012,123.702,124.200,123.443,123.758,123.653,123.932,123.327,7.824,123.007,123.865
13.640,122.444,122.342,181.138,122.324,121.974,121.968,121.813,122.268,122.491,122.020,121.953,211.586,122.108,122.112
13.645,122.207,121.889,181.217,122.273,122.033,122.058,122.090,122.205,121.966,122.422,122.170,211.586,122.204,121.647
13.650,122.316,121.781,181.235,122.298,122.279,0.000,122.005,122.700,122.227,122.269,122.086,211.586,122.284,122.151
13.655,121.967,122.113,181.218,121.738,122.283,122.462,122.329,122.243,122.261,121.935,122.300,211.586,122.338,122.225
13.660,120.802,120.609,181.237,120.597,120.472,121.045,120.798,120.102,121.033,120.246,120.617,24.168,120.330,120.355
13.665,120.518,120.557,181.205,120.644,120.134,120.760,120.722,120.465,120.560,120.809,120.263,24.168,120.322,120.684
13.670,120.353,120.637,181.196,120.591,120.573,0.000,119.953,120.983,120.195,120.303,120.406,24.168,120.088,120.475
13.675,120.483,120.557,181.201,120.294,120.820,120.534,120.015,120.681,121.112,120.340,120.905,24.168,120.166,121.003
13.680,118.797,119.312,181.150,119.257,118.742,118.458,118.740,118.806,118.769,118.858,118.718,20.673,118.924,118.322
13.685,118.861,118.897,181.195,119.175,119.332,0.000,118.929,119.166,118.933,119.295,118.846,20.673,118.911,119.297
13.690,118.748,119.281,181.132,118.597,119.083,118.323,118.475,119.111,119.273,118.837,118.989,20.673,118.809,118.839
13.695,119.411,118.973,181.184,119.025,119.225,119.731,118.962,118.555,118.594,119.108,118.872,20.673,118.538,119.110
13.700,117.510,117.138,181.197,117.716,117.251,0.000,116.604,117.643,117.241,117.201,117.359,83.178,117.237,116.800
13.705,117.382,117.273,181.110,116.923,117.241,117.524,117.773,117.205,116.711,116.899,117.726,83.178,117.465,116.556
13.710,117.379,117.083,181.170,116.670,117.579,117.034,117.300,117.120,117.095,117.558,117.881,83.178,117.031,117.218
13.715,117.216,117.278,181.238,117.301,117.376,117.001,116.783,117.077,117.169,117.210,116.918,83.178,117.240,117.396
13.720,115.790,114.895,181.153,115.495,115.818,115.545,115.987,116.036,115.474,115.448,115.845,286.852,114.792,116.087
13.725,115.482,115.568,181.179,115.259,115.185,115.732,115.544,115.411,115.321,115.232,115.522,286.852,115.831,115.788
13.730,115.528,115.836,181.196,115.653,115.501,115.485,115.238,115.330,115.868,116.045,115.449,286.852,115.531,115.797
13.735,115.323,115.882,181.235,115.519,115.806,115.787,115.381,115.613,115.701,115.626,115.421,286.852,115.552,115.519
13.740,114.186,113.615,181.194,113.918,113.976,114.073,113.630,114.041,113.659,113.920,113.653,347.057,113.940,113.672
13.745,114.177,113.508,181.242,114.077,113.398,114.025,113.602,113.901,113.489,113.958,113.854,347.057,113.860,113.484
13.750,114.151,114.193,181.265,113.437,114.114,113.912,113.915,114.167,113.836,113.661,113.178,347.057,113.982,114.059
13.755,114.157,113.413,181.243,113.378,114.081,113.594,113.765,113.646,113.848,114.031,113.861,347.057,113.952,113.950
13.760,111.394,112.058,181.211,112.300,111.817,112.089,111.786,112.020,112.700,112.313,112.435,295.437,112.308,112.050
13.765,112.117,111.990,181.224,112.267,112.153,112.416,112.083,111.961,111.920,111.980,112.451,295.437,111.999,112.249
13.770,112.387,112.167,181.194,112.007,112.345,111.844,112.475,111.970,112.018,111.366,111.900,295.437,111.797,112.320
13.775,112.234,112.354,181.145,112.027,112.048,111.996,112.139,112.168,112.383,112.377,111.969,295.437,111.972,112.774
13.780,109.862,110.725,181.253,110.860,110.393,110.677,110.065,110.575,109.986,110.286,110.316,196.999,109.992,110.184
13.785,110.411,109.735,181.284,110.808,110.178,110.196,110.109,110.199,110.402,110.475,110.203,196.999,110.363,110.518
13.790,110.523,110.209,181.120,110.542,110.008,110.609,110.803,109.999,110.612,109.833,109.788,196.999,110.342,109.777
13.795,110.163,109.701,181.258,110.248,110.372,110.305,110.417,110.015,110.576,110.136,109.779,196.999,109.838,110.314
13.800,108.200,108.318,181.280,109.101,109.192,108.329,108.261,108.379,108.117,109.036,108.871,318.483,108.255,108.346
13.805,108.360,108.066,181.196,108.303,108.377,108.676,108.963,108.773,107.640,108.836,108.340,318.483,108.764,108.202
13.810,107.665,108.437,181.147,108.526,108.354,108.907,108.634,108.195,108.681,108.278,108.410,318.483,108.552,108.384
13.815,108.608,108.359,181.121,108.269,108.405,108.299,108.835,108.365,108.271,108.873,108.268,318.483,108.225,108.703
13.820,106.481,106.801,181.244,107.035,106.754,106.627,106.869,106.904,107.265,106.476,107.335,334.780,106.735,107.019
13.825,106.635,106.886,181.198,106.907,106.267,106.591,106.693,107.084,107.363,106.499,106.770,334.780,106.329,106.865
13.830,106.677,106.749,181.157,107.213,107.372,106.504,106.108,106.892,107.191,106.444,106.720,334.780,106.682,106.979
13.835,106.700,106.927,181.234,106.651,106.571,106.699,106.692,106.496,107.142,107.142,107.089,334.780,106.453,106.260
13.840,105.370,105.228,181.165,105.054,104.873,105.508,105.091,104.830,105.342,105.635,104.664,319.220,104.852,104.662
13.845,104.658,104.855,181.152,104.692,104.880,104.853,104.695,104.913,105.344,104.928,105.118,319.220,104.689,105.203
13.850,104.836,104.885,181.197,104.396,104.786,105.293,105.078,104.612,104.701,104.488,104.826,319.220,105.136,105.077
13.855,104.279,104.664,181.225,104.613,104.902,105.125,104.949,104.669,104.563,104.864,105.372,319.220,105.115,105.001
13.860,102.871,102.786,181.231,103.417,102.927,103.044,102.706,103.254,102.825,102.556,103.090,186.465,102.623,103.218
13.865,102.502,103.271,181.189,102.792,103.479,102.948,102.268,103.329,102.420,103.792,102.933,186.465,103.122,103.744
13.870,103.291,103.527,181.266,102.682,102.947,103.189,102.996,102.937,103.147,103.370,103.579,186.465,102.999,102.931
13.875,103.059,103.108,181.157,103.205,103.449,103.121,102.307,102.838,103.082,103.046,102.424,186.465,102.837,103.450
13.880,101.040,100.768,181.215,101.409,101.421,101.692,101.301,101.292,100.640,100.893,101.938,207.141,100.825,101.060
13.885,101.477,100.990,181.198,101.327,101.953,101.173,101.389,101.525,101.207,101.246,101.333,207.141,101.354,101.101
13.890,100.917,101.286,181.264,101.717,100.531,101.477,101.273,101.042,101.604,101.460,101.370,207.141,101.094,101.309
13.895,101.166,101.246,181.228,101.082,101.284,101.014,101.334,101.682,101.435,100.799,101.444,207.141,101.087,101.184
13.900,99.121,99.086,181.181,99.490,99.132,99.395,99.682,99.641,99.611,98.990,99.729,5.924,99.423,99.034
13.905,99.088,99.406,181.199,99.693,99.152,99.443,99.251,99.655,99.541,99.355,99.780,5.924,99.514,99.651
13.910,99.293,99.392,181.195,99.237,99.612,99.718,99.207,99.095,98.956,99.264,99.390,5.924,99.261,99.203
13.915,99.184,98.933,181.177,99.411,99.093,99.995,99.879,99.369,99.362,99.528,99.536,5.924,99.404,99.856
13.920,97.455,97.197,181.254,97.123,97.580,98.024,97.447,97.751,97.375,97.859,97.412,304.432,98.027,96.981
13.925,97.172,97.673,181.162,97.286,97.402,97.610,97.078,97.215,97.709,97.428,97.531,304.432,97.548,97.458
13.930,97.038,97.221,181.193,97.503,97.478,97.927,97.031,97.512,97.499,97.768,97.712,304.432,97.964,97.552
13.935,97.898,97.430,181.067,97.052,96.718,97.811,97.369,97.709,97.432,97.319,98.124,304.432,97.391,97.659
13.940,95.736,95.986,181.227,95.342,95.738,95.688,95.678,95.469,95.768,95.427,96.116,279.997,95.422,95.425
13.945,95.517,95.865,181.280,95.225,95.629,96.043,95.560,95.536,95.498,95.923,95.814,279.997,96.078,96.067
13.950,95.689,95.825,181.161,95.222,96.152,0.000,95.410,95.590,95.526,95.705,95.286,279.997,94.806,96.096
13.955,95.332,95.253,181.165,95.735,95.552,0.000,95.547,94.603,95.576,95.697,95.459,279.997,95.484,95.352
13.960,93.860,93.521,181.274,93.731,93.360,0.000,93.289,93.680,93.906,93.978,93.598,76.777,94.308,93.604
13.965,93.320,93.733,181.168,93.163,93.610,94.165,93.697,93.810,93.519,94.312,94.027,76.777,93.980,93.451
13.970,93.887,93.727,181.166,93.397,93.935,93.779,93.790,93.720,93.892,93.622,93.553,76.777,93.594,93.750
13.975,93.859,93.971,181.204,93.959,93.784,93.560,94.004,93.802,93.876,93.870,93.359,76.777,93.439,93.791
13.980,91.850,92.078,181.195,92.300,91.872,91.899,91.703,91.552,92.169,91.998,91.847,275.993,91.882,91.943
13.985,92.080,92.180,181.283,91.407,92.330,91.494,91.906,91.333,91.673,91.865,92.062,275.993,92.374,92.256
13.990,91.848,92.303,181.076,91.862,92.459,91.598,91.750,92.313,91.821,91.705,92.075,275.993,91.799,91.994
13.995,92.365,91.837,181.163,91.818,91.457,91.801,91.654,92.609,92.125,91.800,92.068,275.993,91.703,92.170
14.000,90.173,89.687,181.177,89.727,90.465,90.095,89.864,90.140,90.419,89.925,89.907,64.597,90.357,89.622
14.005,89.538,90.254,181.218,89.934,90.417,90.091,90.568,90.351,90.431,89.888,90.257,64.597,89.575,89.428
14.010,89.694,90.036,181.148,89.660,89.941,90.328,90.020,89.874,89.778,89.836,90.199,64.597,89.975,89.777
14.015,90.474,90.045,181.339,90.150,90.235,90.161,89.519,90.174,90.057,90.248,89.904,64.597,90.343,89.934
14.020,87.943,87.963,181.206,87.618,88.176,88.318,88.032,87.479,87.825,87.764,88.595,155.122,87.945,87.948
14.025,88.208,88.061,181.152,88.021,88.157,87.753,87.845,88.255,87.855,88.383,87.781,155.122,87.851,87.706
14.030,87.945,88.808,181.276,88.227,88.453,88.119,88.104,87.501,88.568,88.171,88.062,155.122,87.968,88.324
14.035,88.551,87.556,181.244,88.383,88.412,87.591,88.098,88.308,87.549,88.338,88.258,155.122,87.913,88.496
14.040,86.547,86.439,181.138,85.999,85.701,86.494,86.509,85.885,86.285,86.304,86.007,158.538,86.056,86.175
14.045,86.463,86.319,181.142,86.325,86.585,86.284,86.470,86.347,86.063,86.283,85.755,158.538,86.156,86.079
14.050,86.106,86.428,181.219,85.906,86.574,86.253,86.287,86.038,86.317,86.471,86.773,158.538,85.982,85.999
14.055,86.139,86.082,181.161,86.062,86.057,86.214,86.097,85.757,86.263,85.842,85.872,158.538,85.716,86.173
14.060,84.757,84.355,181.197,84.342,84.402,84.019,84.278,83.489,84.483,83.894,84.068,229.675,84.147,84.369
14.065,84.188,84.214,181.225,84.474,84.125,84.525,84.643,84.661,84.285,84.082,84.635,229.675,84.311,84.864
14.070,83.720,84.271,181.222,84.543,84.572,83.813,84.688,84.208,83.832,84.212,84.024,229.675,83.882,84.056
14.075,84.811,84.220,181.132,84.197,84.834,83.690,84.401,84.433,83.866,84.195,84.599,229.675,84.395,84.216
14.080,82.767,82.971,181.203,83.054,82.515,82.199,81.727,82.405,82.759,82.872,82.337,30.837,82.488,82.590
14.085,82.095,82.797,181.088,82.374,82.294,82.477,81.998,82.502,82.202,82.392,81.722,30.837,82.791,82.358
14.090,82.563,82.653,181.217,82.618,82.782,82.636,82.827,82.396,82.659,82.788,81.972,30.837,82.902,82.500
14.095,82.659,82.609,181.233,82.726,82.578,82.358,82.234,82.397,82.507,81.908,82.247,30.837,82.770,82.642
14.100,80.679,80.446,181.160,80.945,80.707,81.124,80.999,80.059,80.797,80.224,80.350,165.191,80.670,80.924
14.105,81.105,80.169,181.183,80.763,80.454,80.713,80.657,80.638,80.438,80.780,80.190,165.191,80.536,80.996
14.110,80.985,80.715,181.261,80.816,80.776,80.306,80.493,80.383,80.629,80.725,81.050,165.191,80.534,81.141
14.115,80.387,80.334,181.233,80.611,80.629,80.781,81.260,80.414,80.601,80.550,80.602,165.191,80.352,80.980
14.120,78.719,78.583,181.171,78.733,79.060,78.288,78.820,78.691,78.267,78.933,78.466,78.904,78.730,78.375
14.125,79.036,78.472,181.220,78.959,79.547,79.053,78.930,79.047,78.717,79.662,78.966,78.904,79.191,78.565
14.130,79.041,78.610,181.159,78.935,78.603,78.785,78.447,78.963,78.686,78.648,79.159,78.904,78.452,79.010
14.135,78.663,78.591,181.153,79.025,78.264,78.962,78.581,78.599,78.933,78.662,77.992,78.904,79.194,78.815
14.140,77.252,77.291,181.205,76.513,76.834,76.519,77.714,76.696,76.583,77.224,76.537,27.639,77.034,77.291
14.145,76.673,77.345,181.120,77.446,76.886,77.458,77.388,77.157,76.932,77.018,76.765,27.639,77.141,77.134
14.150,77.162,76.905,181.208,77.254,76.699,77.358,76.862,76.789,76.537,76.545,76.331,27.639,76.445,76.966
14.155,76.397,77.074,181.182,77.171,76.937,77.247,77.211,77.121,76.635,76.651,77.254,27.639,76.849,77.135
14.160,75.226,75.060,181.179,75.442,74.766,74.913,74.711,75.201,74.987,75.101,74.477,245.331,75.251,74.998
14.165,75.691,75.159,181.311,75.093,74.959,74.842,75.106,75.127,75.703,74.443,75.023,245.331,75.004,74.794
14.170,75.532,74.941,181.275,75.523,74.748,75.206,74.462,75.021,75.475,75.342,75.489,245.331,74.817,75.190
14.175,74.843,75.187,181.202,75.426,74.832,75.066,74.976,75.182,74.837,74.930,74.970,245.331,74.794,74.885
14.180,72.392,72.782,181.176,73.703,72.536,73.480,73.095,73.536,73.476,73.452,73.169,66.890,73.672,73.206
14.185,73.348,72.507,181.227,73.261,73.274,72.951,72.716,72.872,73.080,73.521,73.695,66.890,73.234,73.075
14.190,73.583,73.808,181.277,73.075,73.810,73.372,73.640,72.979,73.094,73.177,73.503,66.890,73.669,73.287
14.195,73.298,73.300,181.148,72.855,73.405,73.201,73.460,72.904,73.707,73.433,73.585,66.890,73.555,73.559
14.200,71.534,71.457,181.258,71.781,71.696,72.047,71.503,71.298,71.251,70.810,70.945,71.445,71.564,71.332
14.205,71.054,71.615,181.258,71.204,71.502,71.573,71.792,70.789,71.806,71.115,71.429,71.445,71.782,71.335
14.210,71.302,71.500,181.162,71.231,71.543,71.141,71.698,70.966,71.551,70.829,71.310,71.445,71.343,71.257
14.215,71.081,71.693,181.315,71.779,71.949,71.905,71.494,71.490,70.935,71.153,71.219,71.445,71.501,71.598
14.220,69.292,69.337,181.181,69.745,70.043,69.231,69.151,69.984,69.535,70.184,69.413,180.315,69.633,70.011
14.225,69.509,69.472,181.195,69.675,69.429,69.770,69.781,69.560,69.713,69.520,69.903,180.315,69.951,69.420
14.230,70.091,70.053,181.278,69.425,68.575,69.921,70.427,69.738,69.560,69.928,69.686,180.315,69.451,70.129
14.235,69.780,69.749,181.163,69.778,69.346,0.000,69.493,69.499,69.734,69.069,70.092,180.315,69.723,69.942
14.240,67.676,67.686,181.177,67.373,67.983,68.005,67.076,67.990,68.231,67.997,68.175,349.793,67.579,67.891
14.245,67.856,67.496,181.230,67.695,68.153,67.925,67.602,68.134,67.558,67.954,67.881,349.793,68.085,68.189
14.250,67.623,68.443,181.162,68.151,67.274,67.930,68.082,68.372,67.819,68.031,67.489,349.793,67.907,67.853
14.255,67.732,68.217,181.125,68.285,67.887,67.368,67.504,68.163,67.552,67.956,67.586,349.793,68.001,67.784
14.260,66.215,66.335,181.241,66.024,66.199,66.086,66.840,65.815,66.110,66.286,66.616,15.609,65.696,67.038
14.265,65.713,65.726,181.160,66.173,66.366,66.269,65.933,65.983,65.898,66.351,66.122,15.609,66.312,66.162
14.270,66.243,65.972,181.202,66.175,65.993,65.905,66.417,65.825,66.060,65.912,66.362,15.609,66.016,66.091
14.275,65.970,65.812,181.117,65.767,66.121,66.132,65.793,66.148,65.732,65.791,66.296,15.609,66.392,65.874
14.280,64.760,63.866,181.159,64.740,64.771,64.412,63.926,64.665,64.755,64.516,64.674,354.049,65.194,64.379
14.285,64.161,64.268,181.183,64.607,64.287,64.585,63.505,64.739,64.587,64.369,64.570,354.049,64.691,64.487
14.290,64.500,64.318,181.178,64.688,64.620,63.925,64.207,64.779,64.242,64.158,64.366,354.049,64.537,64.815
14.295,64.183,65.072,181.243,64.635,64.222,64.532,64.385,64.558,63.900,64.025,64.681,354.049,64.175,64.457
14.300,62.898,62.343,181.098,62.580,63.285,62.555,62.737,62.900,62.523,62.834,62.891,229.623,63.006,62.980
14.305,62.226,63.046,181.216,62.891,62.556,62.805,63.143,62.044,62.847,63.263,62.615,229.623,63.217,62.395
14.310,62.586,62.850,181.246,63.324,63.073,62.445,62.884,62.968,62.585,62.755,62.696,229.623,62.797,62.433
14.315,62.486,62.960,181.238,62.777,63.078,63.167,62.819,62.855,63.110,63.042,62.253,229.623,62.756,63.075
14.320,60.606,61.124,181.276,60.901,61.064,60.986,61.188,61.219,61.216,60.540,60.767,60.377,61.376,60.435
14.325,60.968,61.378,181.164,60.671,61.134,60.963,61.324,61.100,60.842,61.637,60.977,60.377,61.482,61.187
14.330,61.020,61.055,181.171,61.639,61.187,61.422,61.153,60.782,61.162,61.322,60.794,60.377,61.485,61.476
14.335,60.900,61.436,181.143,60.398,61.143,60.861,61.041,61.160,60.970,61.263,61.131,60.377,61.925,60.881
14.340,59.137,59.668,181.115,59.372,58.867,59.743,59.266,59.522,59.760,59.395,59.483,338.820,59.470,59.749
14.345,59.234,59.161,181.229,59.646,59.839,59.762,59.529,59.613,59.485,59.181,59.678,338.820,59.266,59.094
14.350,59.225,59.387,181.225,59.131,59.584,0.000,59.336,59.127,58.923,59.409,59.581,338.820,59.630,59.416
14.355,59.750,59.998,181.233,59.967,59.366,59.713,59.393,59.762,60.010,59.184,59.577,338.820,59.276,59.146
14.360,57.990,58.365,181.179,58.109,57.879,58.165,57.745,57.920,57.861,57.739,57.869,170.512,58.049,57.437
14.365,58.226,57.592,181.145,58.306,57.486,57.530,58.051,57.988,57.554,57.776,57.356,170.512,57.852,58.015
14.370,58.116,57.951,181.126,57.980,56.914,57.755,57.804,57.704,57.508,57.850,58.517,170.512,58.569,57.642
14.375,58.376,58.353,181.253,57.564,57.774,57.844,57.608,58.174,57.573,57.636,57.402,170.512,57.463,57.337
14.380,56.284,56.427,181.233,56.793,56.172,56.160,55.914,56.601,55.862,56.302,56.465,136.800,56.254,56.350
14.385,56.358,56.084,181.281,56.299,56.844,56.180,55.899,56.357,56.087,56.091,55.965,136.800,56.115,56.304
14.390,56.305,56.473,181.163,56.086,56.432,56.070,56.491,56.338,56.383,56.337,56.098,136.800,56.224,56.464
14.395,56.166,56.328,181.245,56.212,56.032,56.135,55.755,56.728,56.758,55.654,56.591,136.800,56.221,56.412
14.400,54.936,54.234,181.235,54.571,54.747,54.904,54.662,54.830,54.550,54.481,55.048,168.674,54.439,55.107
14.405,54.857,54.883,181.253,54.775,54.382,54.465,54.401,54.513,54.636,54.359,54.236,168.674,54.324,54.974
14.410,54.889,54.792,181.152,54.288,55.080,54.821,54.621,54.953,54.824,54.833,54.749,168.674,55.180,55.013
14.415,54.824,54.932,181.187,54.827,54.792,54.297,54.666,54.900,54.893,54.947,54.938,168.674,54.878,54.709
14.420,53.548,53.774,181.177,53.085,53.805,53.212,53.285,52.860,53.112,53.329,53.854,248.714,53.496,53.010
14.425,52.829,53.777,181.244,53.239,52.812,53.396,53.036,53.519,53.719,53.616,53.476,248.714,53.748,53.490
14.430,53.413,53.708,181.230,53.157,52.742,53.759,53.290,53.058,53.249,53.144,53.024,248.714,53.429,54.020
14.435,53.232,53.731,181.233,53.403,53.096,53.396,53.091,52.818,53.006,53.356,53.484,248.714,53.372,52.819
14.440,51.589,51.472,181.215,51.555,51.693,51.567,52.485,51.637,51.721,51.912,51.397,67.815,51.956,51.530
14.445,51.677,51.444,181.195,52.253,51.638,51.456,51.678,51.941,51.854,51.846,51.927,67.815,51.760,51.674
14.450,51.921,51.871,181.162,52.178,51.521,51.682,52.138,52.015,51.513,51.839,51.419,67.815,51.827,51.541
14.455,52.016,51.757,181.082,51.760,51.608,52.033,51.324,51.261,51.911,51.469,51.929,67.815,51.850,51.911
14.460,50.276,50.462,181.191,50.174,49.928,49.883,50.476,50.458,50.398,50.266,50.589,351.109,50.381,50.424
14.465,50.552,50.187,181.253,49.971,50.501,50.540,50.216,50.327,50.303,49.834,50.523,351.109,50.495,50.600
14.470,50.452,50.506,181.226,50.249,50.159,50.250,50.154,50.206,49.548,50.658,50.357,351.109,49.996,49.752
14.475,50.646,50.811,181.156,50.742,50.661,50.663,50.385,50.169,49.586,50.654,50.995,351.109,50.512,50.268
14.480,49.250,48.898,181.193,48.602,49.026,0.000,48.810,48.849,48.666,48.931,48.612,329.571,48.844,48.672
14.485,49.177,48.903,181.216,49.230,49.110,48.996,48.831,49.067,49.264,48.694,48.930,329.571,48.747,49.016
14.490,48.848,48.777,181.206,48.946,49.061,49.016,48.847,48.978,49.119,48.811,48.685,329.571,48.598,49.017
14.495,48.624,48.307,181.205,49.037,49.706,48.939,48.491,48.999,49.358,49.370,48.782,329.571,49.086,49.064
14.500,48.004,47.511,181.290,47.589,47.493,47.470,47.710,47.495,47.563,47.469,47.742,218.618,47.625,47.448
14.505,47.358,47.511,181.167,47.426,47.899,47.547,47.824,47.644,47.324,47.313,47.803,218.618,47.516,47.870
14.510,47.841,47.654,181.218,47.516,47.764,47.449,47.488,47.603,48.409,47.176,47.578,218.618,47.140,47.422
14.515,47.621,47.366,181.146,47.661,47.634,47.725,47.640,47.597,47.440,47.679,48.072,218.618,47.466,47.363
14.520,46.769,46.686,181.233,46.422,46.026,46.327,46.816,45.779,46.068,46.311,45.976,49.933,46.421,46.719
14.525,46.255,46.583,181.262,46.563,46.368,45.900,46.386,45.889,46.108,46.572,46.614,49.933,46.630,46.115
14.530,46.198,46.842,181.212,46.649,46.201,46.424,46.510,46.386,47.000,46.044,45.906,49.933,46.657,46.096
14.535,45.685,45.455,181.187,46.152,46.261,46.703,46.539,45.933,46.426,45.945,46.676,49.933,46.057,45.796
14.540,45.200,44.828,181.252,45.178,44.798,44.837,45.260,44.916,44.845,45.371,45.328,191.444,45.046,45.289
14.545,45.016,45.206,181.118,44.974,45.132,44.793,45.166,45.286,44.871,45.221,45.179,191.444,44.717,45.201
14.550,44.843,45.141,181.147,44.673,44.880,45.110,45.044,45.295,44.821,45.069,44.654,191.444,44.960,45.081
14.555,44.904,45.128,181.280,45.090,44.509,45.382,45.286,45.214,45.228,45.718,44.850,191.444,44.720,44.707
14.560,44.170,43.779,181.162,43.861,43.858,43.949,44.032,44.182,43.844,44.370,43.959,208.176,43.478,44.029
14.565,43.913,44.106,181.258,43.437,43.700,44.029,43.756,43.831,43.283,43.660,42.893,208.176,43.995,44.186
14.570,44.045,43.687,181.240,44.105,43.649,44.281,44.032,43.648,43.667,44.131,43.958,208.176,43.609,43.853
14.575,43.728,43.735,181.141,44.115,43.488,43.341,43.804,43.415,43.677,43.512,43.306,208.176,43.148,43.950
14.580,42.712,43.368,181.188,42.600,42.605,42.916,42.618,42.532,42.459,42.188,42.654,102.769,42.605,42.688
14.585,42.897,42.529,181.173,42.485,42.858,42.740,42.832,42.487,42.795,42.520,42.982,102.769,42.236,42.122
14.590,42.542,42.910,181.234,42.765,42.657,43.250,42.497,42.563,42.545,42.989,42.911,102.769,42.594,42.565
14.595,43.001,42.665,181.136,42.443,41.923,42.461,42.542,42.518,42.877,42.543,42.910,102.769,43.256,42.377
14.600,41.422,41.726,181.172,40.737,41.699,40.855,41.796,41.331,41.622,41.660,41.495,239.878,41.617,41.807
14.605,42.057,41.499,181.179,41.466,41.753,41.719,42.060,41.839,41.695,41.663,41.818,239.878,41.906,41.646
14.610,41.334,41.779,181.160,41.402,41.922,41.305,40.928,41.385,42.006,40.982,41.749,239.878,41.299,41.406
14.615,41.365,41.846,181.147,41.221,41.696,41.170,41.769,41.254,41.062,41.441,41.757,239.878,41.581,40.975
14.620,40.451,40.366,181.303,40.338,40.867,40.436,39.823,40.187,40.148,40.167,40.433,253.831,40.527,40.534
14.625,40.315,40.253,181.253,40.194,40.450,40.243,40.220,40.120,39.945,40.790,40.075,253.831,40.243,40.115
14.630,40.387,40.221,181.176,40.323,40.078,39.747,40.460,40.246,40.363,40.574,40.653,253.831,40.191,40.548
14.635,40.410,40.136,181.224,40.693,40.400,40.899,40.649,40.271,40.427,40.199,40.404,253.831,39.961,40.554
14.640,39.740,39.824,181.188,39.524,39.441,39.401,39.323,39.555,39.062,39.273,39.540,238.093,39.288,39.021
14.645,39.241,39.922,181.125,39.132,39.252,38.860,39.005,39.390,38.955,39.310,38.974,238.093,39.050,38.943
14.650,39.726,38.819,181.215,39.151,38.944,39.416,39.202,39.574,39.821,39.887,39.789,238.093,39.596,39.330
14.655,39.639,39.128,181.244,39.827,39.567,39.275,39.428,39.384,38.842,39.590,39.452,238.093,39.355,39.530
14.660,38.441,38.426,181.196,38.285,38.553,38.420,38.821,38.361,38.326,38.117,38.086,298.101,38.517,38.584
14.665,38.341,38.655,181.283,38.346,38.251,38.295,38.687,38.778,39.040,38.351,38.630,298.101,38.025,37.871
14.670,38.954,38.024,181.181,38.410,38.157,38.350,38.254,38.068,38.632,37.882,38.591,298.101,37.987,38.692
14.675,37.659,38.217,181.210,38.310,38.204,38.582,38.547,38.139,38.159,38.223,38.891,298.101,38.118,38.372
14.680,37.330,37.489,181.198,37.965,37.880,36.991,37.472,37.589,37.157,37.718,37.360,84.455,37.365,37.409
14.685,37.429,37.710,181.193,38.119,37.159,37.703,37.690,37.549,37.162,37.354,37.639,84.455,36.820,36.790
14.690,37.621,37.178,181.208,37.320,37.148,37.027,37.475,37.484,37.568,38.000,37.075,84.455,37.451,37.890
14.695,37.478,37.754,181.247,37.865,37.901,37.592,37.199,37.174,37.469,37.253,37.767,84.455,37.276,37.224
14.700,36.853,36.301,181.230,36.934,36.945,36.586,36.898,36.542,36.894,36.613,36.339,319.159,36.808,36.818
14.705,36.746,36.844,181.286,36.164,36.629,36.379,36.965,36.061,36.100,36.628,36.771,319.159,36.328,36.299
14.710,36.902,36.372,181.174,36.358,36.342,36.347,36.162,36.411,36.660,36.556,36.675,319.159,36.890,37.124
14.715,36.408,36.457,181.154,37.286,36.091,36.470,36.764,36.849,36.090,36.161,36.631,319.159,36.527,36.259
14.720,35.893,35.969,181.224,35.991,35.742,36.013,36.016,35.231,35.869,35.979,35.237,119.613,35.124,35.660
14.725,36.242,35.857,181.283,35.612,35.824,36.098,35.843,36.211,35.822,35.988,35.905,119.613,36.074,36.024
14.730,35.567,35.957,181.173,35.480,35.456,35.557,35.138,35.895,36.116,36.033,35.970,119.613,35.762,35.429
14.735,35.814,35.686,181.185,35.576,35.491,36.093,36.007,35.603,35.476,36.350,35.873,119.613,35.483,35.819
14.740,34.568,34.877,181.244,34.883,34.591,34.777,35.053,34.440,35.023,35.392,35.297,217.234,35.314,34.937
14.745,35.097,35.328,181.190,35.290,34.642,35.047,34.818,34.555,34.844,35.309,35.069,217.234,34.644,35.106
14.750,34.751,35.525,181.194,35.263,34.892,34.536,35.408,35.173,35.215,34.901,34.868,217.234,34.617,34.638
14.755,35.160,35.086,181.341,35.140,35.118,35.030,34.900,34.909,34.697,35.238,34.538,217.234,35.074,35.134
14.760,33.918,34.364,181.212,34.319,34.624,34.198,34.611,34.215,34.462,33.791,33.923,222.490,34.338,34.150
14.765,34.266,34.003,181.292,33.892,34.519,34.373,34.525,34.486,34.319,33.802,34.043,222.490,34.022,34.857
14.770,33.952,34.794,181.273,33.891,34.534,34.130,34.252,34.274,34.388,34.513,33.762,222.490,34.414,34.015
14.775,34.242,34.123,181.240,34.686,33.935,34.561,34.020,34.097,33.851,34.151,34.537,222.490,34.206,34.209
14.780,33.707,33.691,181.251,33.300,33.825,33.407,33.256,33.201,33.569,33.297,33.454,62.882,33.726,33.525
14.785,34.256,33.981,181.197,33.181,33.274,33.176,33.381,33.855,33.220,33.423,33.695,62.882,33.487,32.976
14.790,33.707,32.720,181.256,33.700,33.665,33.911,33.709,33.524,33.758,33.539,33.580,62.882,33.248,33.118
14.795,33.724,33.464,181.215,33.630,33.551,33.488,33.698,33.517,33.532,33.779,33.210,62.882,33.266,33.244
14.800,33.513,32.541,181.184,32.800,32.716,0.000,32.279,33.144,32.620,32.582,33.114,123.219,32.474,32.510
14.805,33.287,32.814,181.223,33.240,32.985,33.074,33.210,32.425,32.373,32.580,33.012,123.219,32.687,33.459
14.810,32.663,32.950,181.246,33.434,32.373,33.128,33.372,32.889,32.822,33.006,32.569,123.219,33.209,33.052
14.815,33.127,32.505,181.265,33.032,33.026,32.893,32.904,32.795,33.311,32.615,32.771,123.219,32.575,32.715
14.820,32.451,32.733,181.220,31.827,32.275,32.715,31.707,32.530,32.810,32.527,31.726,256.252,32.023,32.137
14.825,32.657,33.106,181.296,32.179,32.802,32.050,32.255,31.981,32.492,32.502,32.893,256.252,32.305,32.755
14.830,32.568,32.300,181.179,32.110,32.626,32.749,32.302,32.155,31.840,32.312,32.191,256.252,32.551,32.569
14.835,31.893,32.389,181.187,32.582,32.425,32.663,32.591,32.172,32.165,32.401,32.564,256.252,32.522,32.569
14.840,31.747,32.413,181.273,31.491,32.062,31.791,31.480,31.628,31.877,31.651,31.919,254.624,31.814,31.533
14.845,32.442,32.014,181.208,32.351,32.240,31.772,31.859,31.955,31.588,32.106,31.832,254.624,31.832,31.726
14.850,32.161,31.559,181.184,31.834,31.741,32.150,32.052,32.003,32.074,31.752,31.569,254.624,32.176,32.283
14.855,31.652,32.069,181.122,31.440,32.046,32.230,32.024,31.928,31.908,31.637,32.083,254.624,32.271,32.014
14.860,31.321,31.265,181.264,31.431,31.781,31.679,30.629,30.968,31.300,31.608,31.503,49.837,31.902,31.425
14.865,31.380,31.850,181.219,31.781,31.244,31.430,31.658,31.623,31.201,31.231,31.715,49.837,31.412,31.680
14.870,31.060,31.254,181.189,31.444,31.621,31.655,31.495,31.027,31.717,31.652,31.409,49.837,30.879,31.372
14.875,30.473,31.893,181.227,31.462,30.895,31.893,31.759,31.721,30.815,31.378,31.013,49.837,31.526,31.836
14.880,31.219,30.689,181.173,30.821,31.634,30.673,31.855,30.473,30.826,31.734,31.034,168.986,30.521,31.415
14.885,30.749,31.011,181.219,31.389,31.193,30.962,30.673,31.528,30.778,31.182,30.573,168.986,31.239,31.360
14.890,30.851,30.434,181.261,30.779,31.832,31.252,30.955,31.219,31.061,30.651,30.792,168.986,31.296,30.819
14.895,30.828,31.849,181.225,31.317,31.249,30.822,31.146,30.855,30.809,31.426,31.236,168.986,31.064,30.953
14.900,30.610,30.762,181.189,30.595,30.475,30.769,30.816,30.091,30.441,30.730,30.886,269.016,30.320,30.661
14.905,30.594,30.657,181.114,30.924,30.882,30.509,30.763,30.923,30.970,31.419,30.974,269.016,30.497,30.571
14.910,31.186,30.877,181.143,30.971,30.797,30.401,30.445,31.243,30.423,30.409,30.655,269.016,31.181,30.510
14.915,30.631,30.797,181.228,30.900,30.987,30.189,30.564,30.816,31.065,30.354,30.916,269.016,30.641,30.379
14.920,30.636,30.633,181.273,30.040,30.800,30.267,30.542,30.648,30.941,30.742,30.466,252.627,30.809,30.393
14.925,30.451,31.182,181.180,29.940,30.809,30.281,31.053,30.157,30.641,30.531,30.326,252.627,30.476,30.447
14.930,30.843,30.983,181.268,30.254,30.161,30.435,30.376,30.649,30.137,30.155,30.678,252.627,30.576,30.558
14.935,30.494,30.353,181.180,30.237,30.501,30.136,30.663,30.121,30.544,30.449,30.655,252.627,30.135,30.413
14.940,29.652,30.381,181.183,30.464,29.904,30.782,30.281,30.035,29.933,30.341,30.564,126.860,30.603,30.316
14.945,30.794,30.256,181.235,30.269,29.975,29.666,30.447,30.569,30.452,30.419,30.150,126.860,30.637,29.986
14.950,30.752,30.434,181.209,30.405,30.786,30.433,30.739,29.878,29.880,30.289,30.387,126.860,30.206,30.311
14.955,30.455,29.967,181.203,30.093,30.339,29.768,30.276,29.576,30.339,30.154,30.070,126.860,30.347,29.684
14.960,29.629,30.020,181.192,29.831,30.213,30.528,30.283,30.441,30.339,30.163,30.012,105.915,30.397,29.999
14.965,30.500,29.666,181.274,30.164,29.685,30.020,29.896,29.643,29.638,30.279,30.116,105.915,30.195,30.060
14.970,30.208,30.299,181.238,30.392,30.084,30.292,30.147,30.589,30.040,29.781,30.217,105.915,30.106,30.113
14.975,29.856,29.929,181.207,30.117,29.756,30.013,29.608,29.827,30.002,30.366,30.202,105.915,30.554,29.963
14.980,29.846,30.404,181.202,29.698,30.113,30.135,29.740,29.568,30.282,30.036,30.322,112.031,30.205,29.816
14.985,30.363,30.095,181.230,30.240,29.892,29.538,29.868,30.340,29.688,30.431,29.866,112.031,30.100,30.299
14.990,29.822,29.609,181.280,29.962,30.164,29.631,29.858,29.663,29.598,30.158,30.395,112.031,29.647,30.171
14.995,29.963,30.570,181.161,29.714,30.369,29.652,29.926,29.666,30.046,29.961,30.267,112.031,30.086,30.315
